id,kind,jurisdiction,identifier,title,status,last_action,introduced,url,fears,controls,agencies,record_url
os-e42375ff-85aa-4369-aeed-233462bd6511,bill,New Jersey,A 5586,Requires data center developers to provide certain notice to public before preliminary site plan consideration and hearing under MLUL; requires DCA to maintain related public notice website.,not passed,,2026-09-26,https://www.njleg.state.nj.us/bill-search/2026/A5586,,,,https://openstates.org/nj/bills/222/A5586/
os-a096486f-ce35-4063-9009-e7a9faf6f597,bill,Pennsylvania,HB 2786,"An Act amending the act of March 10, 1949 (P.L.30, No.14), known as the Public School Code of 1949, in student supports, providing for artificial intelligence policy.",not passed,Referred to Education,2026-09-25,https://www.palegis.us/legislation/bills/2025/hb2786,,,,https://openstates.org/pa/bills/2025-2026/HB2786/
os-f7773b68-8ae6-4030-8c9b-0d96f85a5aed,resolution,Pennsylvania,HR 630,A Resolution directing the Legislative Budget and Finance Committee to conduct a study on data center decommissioning in Pennsylvania and provide recommendations.,not passed,Referred to Energy,2026-09-24,https://www.palegis.us/legislation/bills/2025/hr630,,,,https://openstates.org/pa/bills/2025-2026/HR630/
os-5558c5c4-a2ec-435d-b78b-31c7dddf203e,bill,New Jersey,A 5550,Establishes Office of Algorithmic Civil Rights in DLPS to prevent discrimination in use of algorithms.,not passed,"Introduced, Referred to Assembly Science, Innovation and Technology Committee",2026-09-24,https://www.njleg.state.nj.us/bill-search/2026/A5550,bias,new-agency-powers,,https://openstates.org/nj/bills/222/A5550/
os-4aef2ebb-9bdd-41f8-a1a7-36c10bfdbc3a,bill,Pennsylvania,SB 1460,"An Act amending the act of July 31, 1968 (P.L.805, No.247), known as the Pennsylvania Municipalities Planning Code, in zoning, prohibiting the location of data centers.",not passed,Referred to Local Government,2026-09-24,https://www.palegis.us/legislation/bills/2025/sb1460,,,,https://openstates.org/pa/bills/2025-2026/SB1460/
os-231764e4-6abe-4f21-bf46-b203a9fd8487,bill,Pennsylvania,SB 1459,An Act requiring proposed data centers to conduct water usage studies.,not passed,Referred to Environmental Resources & Energy,2026-09-24,https://www.palegis.us/legislation/bills/2025/sb1459,,mandatory-reporting,,https://openstates.org/pa/bills/2025-2026/SB1459/
os-65e18506-3d8f-4d75-adee-02182d550289,bill,Pennsylvania,SB 1469,"An Act amending Title 66 (Public Utilities) of the Pennsylvania Consolidated Statutes, in rates and distribution systems, providing for large load hyperscale data center tariffs.",not passed,Referred to Consumer Protection & Professional Licensure,2026-09-24,https://www.palegis.us/legislation/bills/2025/sb1469,,,,https://openstates.org/pa/bills/2025-2026/SB1469/
os-2811f30d-032c-43c2-a6df-ff383af7296e,bill,Pennsylvania,SB 1455,"An Act amending Title 53 (Municipalities Generally) of the Pennsylvania Consolidated Statutes, in general provisions relating to government and administration, providing for pre-application procedure for a proposed data center.",not passed,Referred to Local Government,2026-09-24,https://www.palegis.us/legislation/bills/2025/sb1455,,,,https://openstates.org/pa/bills/2025-2026/SB1455/
os-5d0ee58e-9bf3-4459-a0a6-3d817f1db211,bill,Pennsylvania,HB 2787,"An Act amending the act of March 10, 1949 (P.L.30, No.14), known as the Public School Code of 1949, in school safety and security, providing for prohibition of artificial intelligence for school-based mental health and counseling.",not passed,Referred to Education,2026-09-24,https://www.palegis.us/legislation/bills/2025/hb2787,ai-therapists,use-restrictions,,https://openstates.org/pa/bills/2025-2026/HB2787/
os-510adb9e-3b64-4b05-bf84-70bb38bf8b09,bill,Pennsylvania,SB 1470,"An Act amending Title 27 (Environmental Resources) of the Pennsylvania Consolidated Statutes, in water resources planning, providing for water conservation requirements for data centers.",not passed,Referred to Environmental Resources & Energy,2026-09-24,https://www.palegis.us/legislation/bills/2025/sb1470,,,,https://openstates.org/pa/bills/2025-2026/SB1470/
os-ba976bc0-4167-45a2-9b1f-53bb3f9b8b87,bill,Pennsylvania,HB 2788,"An Act amending the act of March 10, 1949 (P.L.30, No.14), known as the Public School Code of 1949, in certification of teachers, providing for use of artificial intelligence in education.",not passed,Referred to Education,2026-09-24,https://www.palegis.us/legislation/bills/2025/hb2788,,,,https://openstates.org/pa/bills/2025-2026/HB2788/
os-38a42224-d8e6-436f-9f5b-e0620ae3b3a5,bill,Pennsylvania,SB 1461,"An Act amending the act of July 31, 1968 (P.L.805, No.247), known as the Pennsylvania Municipalities Planning Code, in general provisions, further providing for definitions; and, in zoning, providing for hyperscale data centers and public input.",not passed,Referred to Local Government,2026-09-24,https://www.palegis.us/legislation/bills/2025/sb1461,,data-center-limits,,https://openstates.org/pa/bills/2025-2026/SB1461/
os-99e62362-47cc-484a-b4fb-429eeea82ec0,bill,Michigan,HB 6417,Labor: other; community and worker economic transition activities; provide to workers who have employment tied to an industry affected by the adoption or implementation of artificial intelligence. Amends sec. 5 of 2023 PA 232 (MCL 408.915).,not passed,bill electronically reproduced 09/24/2026,2026-09-24,https://legislature.mi.gov/Bills/Bill?ObjectName=2026-HB-6417,job-loss,,,https://openstates.org/mi/bills/2025-2026/HB6417/
os-1fdc2adb-6d95-46ce-b2fd-83c1e53f4c34,bill,Michigan,HB 6392,Torts: liability; liability for artificial intelligence misidentification; establish. Amends 1961 PA 236 (MCL 600.101 - 600.9947) by adding sec. 2980.,not passed,bill electronically reproduced 09/24/2026,2026-09-24,https://legislature.mi.gov/Bills/Bill?ObjectName=2026-HB-6392,surveillance,,,https://openstates.org/mi/bills/2025-2026/HB6392/
os-c249bd26-55fa-4a46-a6ed-84b23c338506,bill,Michigan,HB 6388,Businesses: other; Michigan zoning enabling act; make subject to the data center siting and community protection act. Amends sec. 205 of 2006 PA 110 (MCL 125.3205).   TIE BAR WITH: HB 6391'26,not passed,bill electronically reproduced 09/24/2026,2026-09-24,https://legislature.mi.gov/Bills/Bill?ObjectName=2026-HB-6388,,data-center-limits,,https://openstates.org/mi/bills/2025-2026/HB6388/
os-2e3cffdd-78fd-4bb8-86ce-8066b3942790,bill,Michigan,HB 6391,Businesses: other; siting requirements for certain data centers; provide for. Creates new act.   TIE BAR WITH: HB 6388'26,not passed,bill electronically reproduced 09/24/2026,2026-09-24,https://legislature.mi.gov/Bills/Bill?ObjectName=2026-HB-6391,,data-center-limits,,https://openstates.org/mi/bills/2025-2026/HB6391/
us-119-hr-10578,bill,Congress,H.R. 10578,"To authorize certain labor market data collection activities and to improve Federal measurement of the workforce impacts of artificial intelligence, and for other purposes.",not passed,"Referred to the Committee on Education and Workforce, and in addition to the Committee on Oversight and Government Reform, for a period to be subsequently determined by the Speaker, in each case for consideration of such provisions as fall within the jurisdiction of the committee concerned.",2026-09-24,https://www.congress.gov/bill/119th-congress/house-bill/10578,,,,https://www.congress.gov/bill/119th-congress/house-bill/10578
us-119-hr-10570,bill,Congress,H.R. 10570,"To limit the enforceability of predispute nondisclosure contract clauses relating to the building of data centers, and for other purposes.",not passed,"Referred to the Committee on the Judiciary, and in addition to the Committees on Energy and Commerce, and Ways and Means, for a period to be subsequently determined by the Speaker, in each case for consideration of such provisions as fall within the jurisdiction of the committee concerned.",2026-09-24,https://www.congress.gov/bill/119th-congress/house-bill/10570,,,,https://www.congress.gov/bill/119th-congress/house-bill/10570
us-119-hr-10594,bill,Congress,H.R. 10594,"To require the Secretary of Homeland Security to carry out prize competitions to advance the science of interpretability and to develop adversarial robustness with respect to artificial intelligence products, and for other purposes.",not passed,Referred to the House Committee on Homeland Security.,2026-09-24,https://www.congress.gov/bill/119th-congress/house-bill/10594,,,,https://www.congress.gov/bill/119th-congress/house-bill/10594
us-119-s-5518,bill,Congress,S. 5518,"A bill to establish the Artificial Intelligence Horizon Fund, and for other purposes.",not passed,Read twice and referred to the Committee on Finance.,2026-09-24,https://www.congress.gov/bill/119th-congress/senate-bill/5518,,,,https://www.congress.gov/bill/119th-congress/senate-bill/5518
us-119-hr-10538,bill,Congress,H.R. 10538,"To establish the Department of Artificial Intelligence and to provide for the regulation of advanced artificial intelligence systems, and for other purposes.",not passed,Referred to the House Committee on Oversight and Government Reform.,2026-09-24,https://www.congress.gov/bill/119th-congress/house-bill/10538,,new-agency-powers,U.S. Department of Artificial Intelligence,https://www.congress.gov/bill/119th-congress/house-bill/10538
us-119-s-5541,bill,Congress,S. 5541,"A bill to establish the Cybersecurity and AI Board of Investigations, and for other purposes.",not passed,"Read twice and referred to the Committee on Commerce, Science, and Transportation.",2026-09-24,https://www.congress.gov/bill/119th-congress/senate-bill/5541,,,,https://www.congress.gov/bill/119th-congress/senate-bill/5541
us-119-hr-10567,bill,Congress,H.R. 10567,To require entities to include human-controlled shutdown mechanisms in all artificial intelligence systems.,not passed,"Referred to the House Committee on Science, Space, and Technology.",2026-09-24,https://www.congress.gov/bill/119th-congress/house-bill/10567,,use-restrictions,,https://www.congress.gov/bill/119th-congress/house-bill/10567
us-119-sres-896,resolution,Congress,S.Res. 896,"A resolution expressing the sense of the Senate regarding the importance of religious freedom, authoritative texts, and transparency in artificial intelligence systems.",adopted,"Submitted in the Senate, considered, and agreed to without amendment and with a preamble by Unanimous Consent. (consideration: CR S4958; text: CR S4951)",2026-09-23,https://www.congress.gov/bill/119th-congress/senate-resolution/896,,,,https://www.congress.gov/bill/119th-congress/senate-resolution/896
us-119-s-5471,bill,Congress,S. 5471,"A bill to require disclosure of certain information relating to artificial intelligence systems, and for other purposes.",not passed,"Read twice and referred to the Committee on Commerce, Science, and Transportation.",2026-09-23,https://www.congress.gov/bill/119th-congress/senate-bill/5471,,,,https://www.congress.gov/bill/119th-congress/senate-bill/5471
us-119-s-5493,bill,Congress,S. 5493,"A bill to establish the Department of Artificial Intelligence and to provide for the regulation of advanced artificial intelligence systems, and for other purposes.",not passed,"Read twice and referred to the Committee on Commerce, Science, and Transportation.",2026-09-23,https://www.congress.gov/bill/119th-congress/senate-bill/5493,,new-agency-powers,U.S. Department of Artificial Intelligence,https://www.congress.gov/bill/119th-congress/senate-bill/5493
os-d46d3ad3-6ea1-4735-ba86-b810ea00f00e,bill,Pennsylvania,HB 2800,An Act providing for artificial intelligence risk prevention; establishing standards for frontier developers in addressing critical safety incidents and catastrophic risks; imposing duties on the Pennsylvania Emergency Management Agency and the Attorney General; and imposing penalties.,not passed,Referred to Communications & Technology,2026-09-23,https://www.palegis.us/legislation/bills/2025/hb2800,loss-of-control,new-agency-powers,Pennsylvania Attorney General; Pennsylvania Emergency Management Agency,https://openstates.org/pa/bills/2025-2026/HB2800/
us-119-hr-10519,bill,Congress,H.R. 10519,"To direct the Secretary of Homeland Security, acting through the Director of the Cybersecurity and Infrastructure Security Agency, to establish a Critical Infrastructure AI Cyber Defense Pilot Program, and for other purposes.",not passed,Referred to the House Committee on Homeland Security.,2026-09-21,https://www.congress.gov/bill/119th-congress/house-bill/10519,,,,https://www.congress.gov/bill/119th-congress/house-bill/10519
us-119-hr-10515,bill,Congress,H.R. 10515,"To establish a human-centered Federal framework for artificial intelligence in education and the workforce, promote the ethical and responsible teaching and learning of artificial intelligence, provide for equitable access to artificial intelligence-ready workforce development, safeguard student and worker data privacy, and for other purposes.",not passed,"Referred to the Committee on Education and Workforce, and in addition to the Committees on Science, Space, and Technology, and Ways and Means, for a period to be subsequently determined by the Speaker, in each case for consideration of such provisions as fall within the jurisdiction of the committee concerned.",2026-09-21,https://www.congress.gov/bill/119th-congress/house-bill/10515,privacy,,,https://www.congress.gov/bill/119th-congress/house-bill/10515
os-ccefa59d-0975-4d46-9ddc-c07adf3726af,bill,New York,S 10701,"Enacts the technical evaluation, risk monitoring, incident notification, AI testing, oversight, and response act or the TERMINATOR Act",did not pass,"RECOMMIT, ENACTING CLAUSE STRICKEN",2026-09-18,https://nyassembly.gov/leg/?bn=S10701&term=2025,,mandatory-reporting,,https://openstates.org/ny/bills/2025-2026/S10701/
us-119-hr-10484,bill,Congress,H.R. 10484,Covered AI Prohibition Act,not passed,Referred to the House Committee on Armed Services.,2026-09-17,https://www.congress.gov/bill/119th-congress/house-bill/10484,,,,https://www.congress.gov/bill/119th-congress/house-bill/10484
us-119-hr-10502,bill,Congress,H.R. 10502,"To direct the Director of National Intelligence to submit to Congress a report on the use of artificial intelligence systems to acquire, analyze, query, disseminate, or otherwise access information under section 702 of the Foreign Intelligence Surveillance Act of 1978.",not passed,"Referred to the Committee on the Judiciary, and in addition to the Committee on Intelligence (Permanent Select), for a period to be subsequently determined by the Speaker, in each case for consideration of such provisions as fall within the jurisdiction of the committee concerned.",2026-09-17,https://www.congress.gov/bill/119th-congress/house-bill/10502,,,,https://www.congress.gov/bill/119th-congress/house-bill/10502
us-119-hr-10418,bill,Congress,H.R. 10418,VA Claims AI Accountability Act,not passed,Referred to the House Committee on Veterans' Affairs.,2026-09-16,https://www.congress.gov/bill/119th-congress/house-bill/10418,,,,https://www.congress.gov/bill/119th-congress/house-bill/10418
us-119-hr-10467,bill,Congress,H.R. 10467,Data Center Fairness Fee Act of 2026,not passed,Referred to the House Committee on Energy and Commerce.,2026-09-16,https://www.congress.gov/bill/119th-congress/house-bill/10467,,,,https://www.congress.gov/bill/119th-congress/house-bill/10467
us-119-hr-10417,bill,Congress,H.R. 10417,VA AI Transparency Act of 2026,not passed,Referred to the House Committee on Veterans' Affairs.,2026-09-16,https://www.congress.gov/bill/119th-congress/house-bill/10417,,,,https://www.congress.gov/bill/119th-congress/house-bill/10417
os-6a2a2275-e154-4907-a9c5-070ef4951148,bill,New York,A 11723,Relates to the use of artificial intelligence and attorney-client privilege and work product,not passed,REFERRED TO JUDICIARY,2026-09-16,https://nyassembly.gov/leg/?bn=A11723&term=2025,,,,https://openstates.org/ny/bills/2025-2026/A11723/
us-119-hr-10448,bill,Congress,H.R. 10448,Reverse Big Ugly Tax Breaks for Data Centers Act,not passed,Referred to the House Committee on Ways and Means.,2026-09-16,https://www.congress.gov/bill/119th-congress/house-bill/10448,,,,https://www.congress.gov/bill/119th-congress/house-bill/10448
us-119-s-5418,bill,Congress,S. 5418,A bill to amend the Internal Revenue Code of 1986 to exclude data centers from the definition of qualified opportunity zone businesses.,not passed,Read twice and referred to the Committee on Finance.,2026-09-16,https://www.congress.gov/bill/119th-congress/senate-bill/5418,,,,https://www.congress.gov/bill/119th-congress/senate-bill/5418
us-119-s-5417,bill,Congress,S. 5417,A bill to require entities to include human-controlled shutdown mechanisms in all artificial intelligence systems.,not passed,"Read twice and referred to the Committee on Commerce, Science, and Transportation.",2026-09-16,https://www.congress.gov/bill/119th-congress/senate-bill/5417,,use-restrictions,,https://www.congress.gov/bill/119th-congress/senate-bill/5417
os-40a700ec-902c-41c1-8d40-6dca64933519,bill,New Jersey,A 5502,"""Fair Wage Protection Act""; prohibits use of surveillance wage setting through use of wage setting algorithm.",not passed,"Introduced, Referred to Assembly Science, Innovation and Technology Committee",2026-09-14,https://www.njleg.state.nj.us/bill-search/2026/A5502,,use-restrictions,,https://openstates.org/nj/bills/222/A5502/
us-119-hr-10362,bill,Congress,H.R. 10362,Stop Rogue AI Act,not passed,"Referred to the Committee on Science, Space, and Technology, and in addition to the Committee on Oversight and Government Reform, for a period to be subsequently determined by the Speaker, in each case for consideration of such provisions as fall within the jurisdiction of the committee concerned.",2026-09-14,https://www.congress.gov/bill/119th-congress/house-bill/10362,,,,https://www.congress.gov/bill/119th-congress/house-bill/10362
os-3dab5ee7-1ce8-4119-9e40-52938d6c08cd,bill,New Jersey,A 5496,Regulates use of artificial intelligence in certain mortgage lending tools to minimize discrimination in lending.,not passed,"Introduced, Referred to Assembly Science, Innovation and Technology Committee",2026-09-14,https://www.njleg.state.nj.us/bill-search/2026/A5496,bias,,,https://openstates.org/nj/bills/222/A5496/
os-f51e9fb8-eb57-4cca-ab60-14418d976a7d,bill,New Jersey,A 5494,"Prohibits certain use of artificial intelligence in denying homeowner, automobile, and flood insurance claims.",not passed,"Introduced, Referred to Assembly Science, Innovation and Technology Committee",2026-09-14,https://www.njleg.state.nj.us/bill-search/2026/A5494,bias,use-restrictions,,https://openstates.org/nj/bills/222/A5494/
os-27d49e34-c98a-4941-8018-5c5632de807b,bill,New Jersey,A 5482,"Establishes six month moratorium on approvals, construction, expansion, subsidies, and tax incentives for certain artificial intelligence data centers; creates Artificial Intelligence Data Center Impact Commission.",not passed,"Introduced, Referred to Assembly State and Local Government Committee",2026-09-14,https://www.njleg.state.nj.us/bill-search/2026/A5482,,data-center-limits,,https://openstates.org/nj/bills/222/A5482/
os-bb677c8e-36be-4619-87df-617175c9cd82,bill,New York,S 10696,Relates to the crime of promoting an obscene sexual performance by a child,not passed,REFERRED TO RULES,2026-09-11,https://nyassembly.gov/leg/?bn=S10696&term=2025,deepfakes,,,https://openstates.org/ny/bills/2025-2026/S10696/
fr-2026-18612,rule,"Health and Human Services Department, Food and Drug Administration",Final rule,Medical Devices; Cardiovascular Devices; Classification of the Cardiovascular Machine Learning-Based Notification Software,final,Final amendment; final order.,2026-09-11,https://www.federalregister.gov/documents/2026/09/11/2026-18612/medical-devices-cardiovascular-devices-classification-of-the-cardiovascular-machine-learning-based,,,,https://www.federalregister.gov/documents/2026/09/11/2026-18612/medical-devices-cardiovascular-devices-classification-of-the-cardiovascular-machine-learning-based
os-86538825-51fc-4d6b-8e10-66caeb3eac2f,bill,New Jersey,A 5373,Concerns noise abatement of data centers.,not passed,"Introduced, Referred to Assembly Science, Innovation and Technology Committee",2026-09-10,https://www.njleg.state.nj.us/bill-search/2026/A5373,,,,https://openstates.org/nj/bills/222/A5373/
os-59eca661-29a8-41de-88c5-a9a8599e89c0,bill,Michigan,SB 1179,Energy: other; reporting requirements for data centers; provide for. Creates new act.,not passed,REFERRED TO COMMITTEE ON ENERGY AND ENVIRONMENT,2026-09-10,https://legislature.mi.gov/Bills/Bill?ObjectName=2026-SB-1179,,mandatory-reporting,,https://openstates.org/mi/bills/2025-2026/SB1179/
os-f884e47d-3b1b-4c63-89a4-fecfa6214e11,bill,New Jersey,A 5396,Requires data centers to submit water supply emergency contingency plan to DEP.,not passed,"Introduced, Referred to Assembly Telecommunications and Utilities Committee",2026-09-10,https://www.njleg.state.nj.us/bill-search/2026/A5396,,mandatory-reporting,,https://openstates.org/nj/bills/222/A5396/
os-05ad9272-0129-46cd-850a-e7176b9a3967,bill,New Jersey,A 5416,Establishes Artificial Intelligence Apprenticeship Program and artificial intelligence apprenticeship tax credit program.,not passed,"Introduced, Referred to Assembly Science, Innovation and Technology Committee",2026-09-10,https://www.njleg.state.nj.us/bill-search/2026/A5416,,,,https://openstates.org/nj/bills/222/A5416/
os-fe6a5463-8b8a-4689-85d0-cbda618e2e5a,bill,New Jersey,A 5397,Requires data centers to submit construction phase water usage plan to DEP.,not passed,"Introduced, Referred to Assembly Telecommunications and Utilities Committee",2026-09-10,https://www.njleg.state.nj.us/bill-search/2026/A5397,,mandatory-reporting,,https://openstates.org/nj/bills/222/A5397/
os-6f16dc90-32f9-4c69-b998-111e0bea1e5b,bill,New York,S 10692,Relates to the disclosure of artificial intelligence use in floor statements and debate by members of the legislature,not passed,REFERRED TO RULES,2026-09-09,https://nyassembly.gov/leg/?bn=S10692&term=2025,,,,https://openstates.org/ny/bills/2025-2026/S10692/
os-66bb0b59-93b0-4aa8-bd16-aecb15aef97d,bill,Pennsylvania,HB 2760,An Act providing for the protection of water supplies by requiring commercial data centers to restore or replace a polluted or diminutive water supply; and imposing duties on the Department of Environmental Protection.,not passed,Referred to Environmental & Natural Resource Protection,2026-09-09,https://www.palegis.us/legislation/bills/2025/hb2760,,,Pennsylvania Department of Environmental Protection,https://openstates.org/pa/bills/2025-2026/HB2760/
us-119-hr-10315,bill,Congress,H.R. 10315,AI LABS Act,not passed,Referred to the House Committee on Education and Workforce.,2026-09-08,https://www.congress.gov/bill/119th-congress/house-bill/10315,,,,https://www.congress.gov/bill/119th-congress/house-bill/10315
us-119-hr-10321,bill,Congress,H.R. 10321,Responsible Data Center Siting Act of 2026,not passed,Referred to the House Committee on Energy and Commerce.,2026-09-08,https://www.congress.gov/bill/119th-congress/house-bill/10321,,,,https://www.congress.gov/bill/119th-congress/house-bill/10321
us-119-hr-10322,bill,Congress,H.R. 10322,Data Center Fair Share Act,not passed,"Referred to the Committee on Energy and Commerce, and in addition to the Committee on Transportation and Infrastructure, for a period to be subsequently determined by the Speaker, in each case for consideration of such provisions as fall within the jurisdiction of the committee concerned.",2026-09-08,https://www.congress.gov/bill/119th-congress/house-bill/10322,,,,https://www.congress.gov/bill/119th-congress/house-bill/10322
os-0b4aab03-1d49-45d6-9dc0-1e94f2026b54,bill,Ohio,HB 999,Prohibit property tax exemptions for data centers,not passed,Introduced,2026-09-02,https://www.legislature.ohio.gov/legislation/136/hb999,,,,https://openstates.org/oh/bills/136/HB999/
os-906045a2-230c-4abf-ae54-bbeaab297dc9,bill,New York,A 11683,Relates to audiovisual advertisements and synthetic performer disclosures and materially deceptive media disclosures in certain political communications,not passed,REFERRED TO CONSUMER AFFAIRS AND PROTECTION,2026-09-02,https://nyassembly.gov/leg/?bn=A11683&term=2025,deepfakes,labeling-mandates,,https://openstates.org/ny/bills/2025-2026/A11683/
os-23f46e5b-d454-4c50-9613-92e38d38225a,bill,North Dakota,SB 2406,"A BILL for an Act to create and enact chapter 44-04.1 of the North Dakota Century Code, relating to prohibiting agencies from entering nondisclosure agreements concerning data centers and industrial projects; to provide a penalty; to provide an effective date; and to provide an expiration date.",did not pass,"Second reading, failed to pass, yeas 15 nays 32",2026-09-02,https://ndlegis.gov/assembly/69-2025/special-2/bill-overview/bo2406.html,,,,https://openstates.org/nd/bills/69/SB2406/
os-f3417b32-c733-4c5d-b5d2-70825ac2f753,bill,Ohio,HB 1000,Regulate deceptive synthetic media with intent to affect election,not passed,Introduced,2026-09-02,https://www.legislature.ohio.gov/legislation/136/hb1000,,use-restrictions,,https://openstates.org/oh/bills/136/HB1000/
os-dacc22a6-451c-4583-8959-b6b8af49d8e4,bill,New York,A 11693,Relates to humanoid robots and artificial intelligence avatars in instructional settings,not passed,REFERRED TO EDUCATION,2026-09-02,https://nyassembly.gov/leg/?bn=A11693&term=2025,,,,https://openstates.org/ny/bills/2025-2026/A11693/
os-fa3ff832-f8b2-4f79-a24f-c974c2c231d4,bill,New York,A 11669,"Enacts the ""Fostering Optimal Classroom Use of Screens (FOCUS) act"" to limit use of internet enabled devices and prioritize non-digital teaching methods",not passed,REFERRED TO EDUCATION,2026-09-02,https://nyassembly.gov/leg/?bn=A11669&term=2025,,mandatory-reporting,,https://openstates.org/ny/bills/2025-2026/A11669/
os-6d137bdb-8f74-4192-a4cb-878d7212dffa,bill,New York,A 11684,Relates to the disclosure of artificial intelligence use in floor statements and debate by members of the legislature,not passed,REFERRED TO GOVERNMENTAL OPERATIONS,2026-09-02,https://nyassembly.gov/leg/?bn=A11684&term=2025,,,,https://openstates.org/ny/bills/2025-2026/A11684/
us-119-hr-10210,bill,Congress,H.R. 10210,Doctors Not AI Act of 2026,not passed,"Referred to the Committee on Energy and Commerce, and in addition to the Committees on Ways and Means, and Education and Workforce, for a period to be subsequently determined by the Speaker, in each case for consideration of such provisions as fall within the jurisdiction of the committee concerned.",2026-09-01,https://www.congress.gov/bill/119th-congress/house-bill/10210,,,,https://www.congress.gov/bill/119th-congress/house-bill/10210
us-119-hr-10189,bill,Congress,H.R. 10189,Defense AI Reliability and Reporting Act,not passed,Referred to the House Committee on Armed Services.,2026-08-31,https://www.congress.gov/bill/119th-congress/house-bill/10189,,,,https://www.congress.gov/bill/119th-congress/house-bill/10189
us-119-hr-10180,bill,Congress,H.R. 10180,Self-Improving AI Monitoring Act,not passed,"Referred to the House Committee on Science, Space, and Technology.",2026-08-27,https://www.congress.gov/bill/119th-congress/house-bill/10180,,,,https://www.congress.gov/bill/119th-congress/house-bill/10180
us-119-hr-10152,bill,Congress,H.R. 10152,Open-Source AI Leadership Act,not passed,Ordered to be Reported by the Yeas and Nays: 26 - 21.,2026-08-27,https://www.congress.gov/bill/119th-congress/house-bill/10152,,,,https://www.congress.gov/bill/119th-congress/house-bill/10152
us-119-hr-10169,bill,Congress,H.R. 10169,"To prohibit the provision of Federal financial benefit for the construction, expansion, or substantial rehabilitation of data centers on prime farmland and other certain farmland.",not passed,Referred to the House Committee on Energy and Commerce.,2026-08-27,https://www.congress.gov/bill/119th-congress/house-bill/10169,,,,https://www.congress.gov/bill/119th-congress/house-bill/10169
os-da337339-50d4-4808-ba39-93e1706bab0e,bill,Michigan,HB 6264,Businesses: other; clean and renewable energy requirements for data centers; provide for. Creates new act.,not passed,bill electronically reproduced 08/26/2026,2026-08-26,https://legislature.mi.gov/Bills/Bill?ObjectName=2026-HB-6264,,data-center-limits,,https://openstates.org/mi/bills/2025-2026/HB6264/
os-dcb9c08c-112e-4869-8831-5f3cff0cd4ab,bill,Michigan,HB 6252,Businesses: other; thermal impact assessment requirements for certain data centers; provide for. Creates new act.,not passed,bill electronically reproduced 08/26/2026,2026-08-26,https://legislature.mi.gov/Bills/Bill?ObjectName=2026-HB-6252,,mandatory-reporting,,https://openstates.org/mi/bills/2025-2026/HB6252/
os-a2facad8-2648-40fe-9cec-ec8981056487,bill,Michigan,HB 6265,Businesses: other; water and electricity usage reporting requirements for data centers; provide for. Creates new act.,not passed,bill electronically reproduced 08/26/2026,2026-08-26,https://legislature.mi.gov/Bills/Bill?ObjectName=2026-HB-6265,,mandatory-reporting,,https://openstates.org/mi/bills/2025-2026/HB6265/
os-78e82a9f-6dc8-4bcd-adc6-00ae4bce36fe,bill,Michigan,HB 6251,Businesses: other; energy infrastructure and thermal management evaluation requirements for certain data centers; provide for. Creates new act.,not passed,bill electronically reproduced 08/26/2026,2026-08-26,https://legislature.mi.gov/Bills/Bill?ObjectName=2026-HB-6251,,data-center-limits,,https://openstates.org/mi/bills/2025-2026/HB6251/
us-119-hr-10146,bill,Congress,H.R. 10146,AI Advertising Disclosure Act,not passed,Referred to the House Committee on Energy and Commerce.,2026-08-24,https://www.congress.gov/bill/119th-congress/house-bill/10146,,labeling-mandates,,https://www.congress.gov/bill/119th-congress/house-bill/10146
os-27cc800d-4294-402f-b257-02fb541a7643,bill,New York,S 10685,"Enacts the ""Fostering Optimal Classroom Use of Screens (FOCUS) act"" to limit use of internet enabled devices and prioritize non-digital teaching methods",not passed,REFERRED TO RULES,2026-08-21,https://nyassembly.gov/leg/?bn=S10685&term=2025,,mandatory-reporting,,https://openstates.org/ny/bills/2025-2026/S10685/
us-119-hr-10118,bill,Congress,H.R. 10118,No Data Center NDAs Act,not passed,Referred to the House Committee on House Administration.,2026-08-20,https://www.congress.gov/bill/119th-congress/house-bill/10118,,,,https://www.congress.gov/bill/119th-congress/house-bill/10118
us-119-hr-10119,bill,Congress,H.R. 10119,Protecting Local Control of Data Centers Act,not passed,Referred to the House Committee on Energy and Commerce.,2026-08-20,https://www.congress.gov/bill/119th-congress/house-bill/10119,,,,https://www.congress.gov/bill/119th-congress/house-bill/10119
us-119-hr-10102,bill,Congress,H.R. 10102,Data Center Community Reinvestment Act of 2026,not passed,"Referred to the Committee on Ways and Means, and in addition to the Committees on Energy and Commerce, and Science, Space, and Technology, for a period to be subsequently determined by the Speaker, in each case for consideration of such provisions as fall within the jurisdiction of the committee concerned.",2026-08-13,https://www.congress.gov/bill/119th-congress/house-bill/10102,,,,https://www.congress.gov/bill/119th-congress/house-bill/10102
us-119-s-5382,bill,Congress,S. 5382,China AI Power Report Act,not passed,Read twice and referred to the Committee on Foreign Relations.,2026-08-07,https://www.congress.gov/bill/119th-congress/senate-bill/5382,,,,https://www.congress.gov/bill/119th-congress/senate-bill/5382
us-119-s-5307,bill,Congress,S. 5307,Artificial Intelligence and Innovation Talent Act,not passed,Read twice and referred to the Committee on the Judiciary.,2026-08-06,https://www.congress.gov/bill/119th-congress/senate-bill/5307,,,,https://www.congress.gov/bill/119th-congress/senate-bill/5307
us-119-hr-10044,bill,Congress,H.R. 10044,AI Tax and Work Protection Act,not passed,"Referred to the Committee on Education and Workforce, and in addition to the Committee on Ways and Means, for a period to be subsequently determined by the Speaker, in each case for consideration of such provisions as fall within the jurisdiction of the committee concerned.",2026-08-06,https://www.congress.gov/bill/119th-congress/house-bill/10044,,,,https://www.congress.gov/bill/119th-congress/house-bill/10044
us-119-s-5345,bill,Congress,S. 5345,"A bill to provide for the delivery of artificial intelligence functional bills of materials, and for other purposes.",not passed,Read twice and referred to the Committee on Armed Services.,2026-08-06,https://www.congress.gov/bill/119th-congress/senate-bill/5345,,,,https://www.congress.gov/bill/119th-congress/senate-bill/5345
os-0775fdfb-362e-44a1-872a-2090f74a41ee,bill,New York,S 10675,Imposes liability for damages caused by a chatbot impersonating certain licensed professionals,not passed,REFERRED TO RULES,2026-08-05,https://nyassembly.gov/leg/?bn=S10675&term=2025,deepfakes,use-restrictions,,https://openstates.org/ny/bills/2025-2026/S10675/
us-119-s-5225,bill,Congress,S. 5225,K–12 AI Literacy and Readiness Act of 2026,not passed,"Read twice and referred to the Committee on Health, Education, Labor, and Pensions.",2026-08-04,https://www.congress.gov/bill/119th-congress/senate-bill/5225,,,,https://www.congress.gov/bill/119th-congress/senate-bill/5225
us-119-hr-10042,bill,Congress,H.R. 10042,Understanding AI in the Classroom Act,not passed,"Referred to the House Committee on Science, Space, and Technology.",2026-08-03,https://www.congress.gov/bill/119th-congress/house-bill/10042,,,,https://www.congress.gov/bill/119th-congress/house-bill/10042
us-119-hr-10041,bill,Congress,H.R. 10041,Smart Data Center Policy Act,not passed,"Referred to the Committee on Transportation and Infrastructure, and in addition to the Committees on Armed Services, and Energy and Commerce, for a period to be subsequently determined by the Speaker, in each case for consideration of such provisions as fall within the jurisdiction of the committee concerned.",2026-08-03,https://www.congress.gov/bill/119th-congress/house-bill/10041,,,,https://www.congress.gov/bill/119th-congress/house-bill/10041
us-119-hr-10025,bill,Congress,H.R. 10025,Preventing Abuse of Digital Replicas Act,not passed,Referred to the House Committee on the Judiciary.,2026-08-03,https://www.congress.gov/bill/119th-congress/house-bill/10025,,,,https://www.congress.gov/bill/119th-congress/house-bill/10025
us-119-hres-1471,resolution,Congress,H.Res. 1471,Expressing the sense of the House of Representatives that every American and community impacted by the construction or operation of an artificial intelligence data center should have the right to transparency and local autonomy.,not passed,"Referred to the Committee on Energy and Commerce, and in addition to the Committee on the Judiciary, for a period to be subsequently determined by the Speaker, in each case for consideration of such provisions as fall within the jurisdiction of the committee concerned.",2026-08-03,https://www.congress.gov/bill/119th-congress/house-resolution/1471,,,,https://www.congress.gov/bill/119th-congress/house-resolution/1471
os-db6da84f-e7c3-42a1-9904-d02fc83ed332,bill,New York,A 11662,Relates to human-led instruction and artificial intelligence in schools,not passed,REFERRED TO EDUCATION,2026-07-31,https://nyassembly.gov/leg/?bn=A11662&term=2025,privacy,use-restrictions,,https://openstates.org/ny/bills/2025-2026/A11662/
us-119-hr-9985,bill,Congress,H.R. 9985,AI Ads Act,not passed,Referred to the House Committee on House Administration.,2026-07-30,https://www.congress.gov/bill/119th-congress/house-bill/9985,,,,https://www.congress.gov/bill/119th-congress/house-bill/9985
us-119-hr-10005,bill,Congress,H.R. 10005,Data Center Resource Disclosure Act,not passed,Referred to the House Committee on Energy and Commerce.,2026-07-30,https://www.congress.gov/bill/119th-congress/house-bill/10005,,,,https://www.congress.gov/bill/119th-congress/house-bill/10005
os-86ce105d-ab3c-48e4-958d-283b735c2702,bill,New York,A 11635,Requires the disclosure of digitally altered images in an advertisement or other promotional material for the sale or lease of real property,not passed,REFERRED TO HOUSING,2026-07-29,https://nyassembly.gov/leg/?bn=A11635&term=2025,,,,https://openstates.org/ny/bills/2025-2026/A11635/
os-e266c4e2-7b74-4412-ac2a-96690d285b8b,bill,New York,A 11636,Relates to third party verification of compliance with transparency and safety requirements for developers of artificial intelligence models,not passed,REFERRED TO SCIENCE AND TECHNOLOGY,2026-07-29,https://nyassembly.gov/leg/?bn=A11636&term=2025,,,,https://openstates.org/ny/bills/2025-2026/A11636/
us-119-s-5171,bill,Congress,S. 5171,Children's Artificial Intelligence Toy Safety Act of 2026,not passed,"Committee on Commerce, Science, and Transportation. Ordered to be reported with an amendment in the nature of a substitute favorably.",2026-07-29,https://www.congress.gov/bill/119th-congress/senate-bill/5171,,,,https://www.congress.gov/bill/119th-congress/senate-bill/5171
os-9511b40a-3259-4f76-b6a1-45af58132860,bill,New York,S 10671,Relates to humanoid robots and artificial intelligence avatars in instructional settings,not passed,REFERRED TO RULES,2026-07-29,https://nyassembly.gov/leg/?bn=S10671&term=2025,,,,https://openstates.org/ny/bills/2025-2026/S10671/
os-03d894a2-3216-4fe1-b3a9-c00e6e80fd45,bill,Ohio,HB 983,Enact the Data Center Accountability and Citizen Protection Act,not passed,Introduced,2026-07-28,https://www.legislature.ohio.gov/legislation/136/hb983,,data-center-limits,,https://openstates.org/oh/bills/136/HB983/
us-119-s-5135,bill,Congress,S. 5135,AI Ads Act,not passed,Read twice and referred to the Committee on Rules and Administration.,2026-07-27,https://www.congress.gov/bill/119th-congress/senate-bill/5135,,,,https://www.congress.gov/bill/119th-congress/senate-bill/5135
us-119-hr-9965,bill,Congress,H.R. 9965,AI Threat Output and Monitoring Incident Containment Act,not passed,"Referred to the House Committee on Science, Space, and Technology.",2026-07-27,https://www.congress.gov/bill/119th-congress/house-bill/9965,,,,https://www.congress.gov/bill/119th-congress/house-bill/9965
us-119-hr-9907,bill,Congress,H.R. 9907,LEARN AI Act,not passed,Referred to the House Committee on Education and Workforce.,2026-07-23,https://www.congress.gov/bill/119th-congress/house-bill/9907,,,,https://www.congress.gov/bill/119th-congress/house-bill/9907
us-119-hr-9922,bill,Congress,H.R. 9922,AI Transparency in Elections Act of 2026,not passed,Referred to the House Committee on House Administration.,2026-07-23,https://www.congress.gov/bill/119th-congress/house-bill/9922,,,,https://www.congress.gov/bill/119th-congress/house-bill/9922
us-119-s-5117,bill,Congress,S. 5117,Senior Chatbot Protection Act of 2026,not passed,"Read twice and referred to the Committee on Commerce, Science, and Transportation.",2026-07-23,https://www.congress.gov/bill/119th-congress/senate-bill/5117,,,,https://www.congress.gov/bill/119th-congress/senate-bill/5117
us-119-hr-9939,bill,Congress,H.R. 9939,No AI Data Centers on Federal Lands Act,not passed,Referred to the House Committee on Natural Resources.,2026-07-23,https://www.congress.gov/bill/119th-congress/house-bill/9939,,,,https://www.congress.gov/bill/119th-congress/house-bill/9939
us-119-hr-9917,bill,Congress,H.R. 9917,AI Kill Switch Act,not passed,Referred to the Subcommittee on Cybersecurity and Infrastructure Protection.,2026-07-23,https://www.congress.gov/bill/119th-congress/house-bill/9917,,,,https://www.congress.gov/bill/119th-congress/house-bill/9917
us-119-hr-9862,bill,Congress,H.R. 9862,Responsible Artificial Intelligence for Veterans Act of 2026,not passed,Referred to the Subcommittee on Oversight and Investigations.,2026-07-22,https://www.congress.gov/bill/119th-congress/house-bill/9862,,,,https://www.congress.gov/bill/119th-congress/house-bill/9862
us-119-hr-9825,bill,Congress,H.R. 9825,Data Center Water and Energy Transparency Act of 2026,not passed,Referred to the House Committee on Energy and Commerce.,2026-07-22,https://www.congress.gov/bill/119th-congress/house-bill/9825,,,,https://www.congress.gov/bill/119th-congress/house-bill/9825
us-119-s-5047,bill,Congress,S. 5047,Artificial Intelligence Physical Systems Coordination Act of 2026,not passed,"Read twice and referred to the Committee on Commerce, Science, and Transportation.",2026-07-21,https://www.congress.gov/bill/119th-congress/senate-bill/5047,,,,https://www.congress.gov/bill/119th-congress/senate-bill/5047
us-119-s-5054,bill,Congress,S. 5054,Data Center Tax Accountability and Disclosure Act of 2026,not passed,Read twice and referred to the Committee on Finance.,2026-07-21,https://www.congress.gov/bill/119th-congress/senate-bill/5054,,,,https://www.congress.gov/bill/119th-congress/senate-bill/5054
us-119-s-5061,bill,Congress,S. 5061,Secure A.I. Development Act of 2026,not passed,"Read twice and referred to the Committee on Commerce, Science, and Transportation.",2026-07-21,https://www.congress.gov/bill/119th-congress/senate-bill/5061,,,,https://www.congress.gov/bill/119th-congress/senate-bill/5061
us-119-s-5050,bill,Congress,S. 5050,Expanding AI Voices Act,not passed,"Read twice and referred to the Committee on Commerce, Science, and Transportation.",2026-07-21,https://www.congress.gov/bill/119th-congress/senate-bill/5050,,,,https://www.congress.gov/bill/119th-congress/senate-bill/5050
us-119-s-5057,bill,Congress,S. 5057,Safeguarding Against Fabricated Exploitation Through Artificial Intelligence Act of 2026,not passed,Read twice and referred to the Committee on Homeland Security and Governmental Affairs.,2026-07-21,https://www.congress.gov/bill/119th-congress/senate-bill/5057,deepfakes,,,https://www.congress.gov/bill/119th-congress/senate-bill/5057
us-119-s-5051,bill,Congress,S. 5051,AI AGENT Act of 2026,not passed,"Read twice and referred to the Committee on Commerce, Science, and Transportation.",2026-07-21,https://www.congress.gov/bill/119th-congress/senate-bill/5051,,,,https://www.congress.gov/bill/119th-congress/senate-bill/5051
os-854754e3-460f-4e70-b097-a63dfd3c2f38,bill,Pennsylvania,SB 1408,An Act prohibiting certain nondisclosure agreements between public agencies and data centers.,not passed,Referred to Communications & Technology,2026-07-20,https://www.palegis.us/legislation/bills/2025/sb1408,,,,https://openstates.org/pa/bills/2025-2026/SB1408/
us-119-hr-9757,bill,Congress,H.R. 9757,Conversational AI Services Act,not passed,Referred to the House Committee on Energy and Commerce.,2026-07-16,https://www.congress.gov/bill/119th-congress/house-bill/9757,,,,https://www.congress.gov/bill/119th-congress/house-bill/9757
us-119-hr-9729,bill,Congress,H.R. 9729,Human Authority over Autonomous Weapons Act of 2026,not passed,Referred to the House Committee on Armed Services.,2026-07-16,https://www.congress.gov/bill/119th-congress/house-bill/9729,,,,https://www.congress.gov/bill/119th-congress/house-bill/9729
us-119-s-5028,bill,Congress,S. 5028,Ratepayer Protection Act,not passed,Read twice and referred to the Committee on Energy and Natural Resources.,2026-07-16,https://www.congress.gov/bill/119th-congress/senate-bill/5028,power-bills,,,https://www.congress.gov/bill/119th-congress/senate-bill/5028
os-38e659b3-3e39-4a9a-a8cd-f9b26fe60ebf,bill,Pennsylvania,HB 2705,An Act providing for a report on artificial intelligence in the workforce; and imposing duties on the Department of Labor and Industry and Department of Community and Economic Development.,not passed,Referred to Labor & Industry,2026-07-16,https://www.palegis.us/legislation/bills/2025/hb2705,,,,https://openstates.org/pa/bills/2025-2026/HB2705/
us-119-s-4991,bill,Congress,S. 4991,Homestake AI Act of 2026,not passed,Read twice and referred to the Committee on Energy and Natural Resources.,2026-07-15,https://www.congress.gov/bill/119th-congress/senate-bill/4991,,,,https://www.congress.gov/bill/119th-congress/senate-bill/4991
us-119-hr-9706,bill,Congress,H.R. 9706,Facial Recognition to Protect Children Act,not passed,"Referred to the Committee on Agriculture, and in addition to the Committee on Energy and Commerce, for a period to be subsequently determined by the Speaker, in each case for consideration of such provisions as fall within the jurisdiction of the committee concerned.",2026-07-15,https://www.congress.gov/bill/119th-congress/house-bill/9706,,,,https://www.congress.gov/bill/119th-congress/house-bill/9706
us-119-hr-9686,bill,Congress,H.R. 9686,FARM AI Act of 2026,not passed,Referred to the House Committee on Agriculture.,2026-07-14,https://www.congress.gov/bill/119th-congress/house-bill/9686,,,,https://www.congress.gov/bill/119th-congress/house-bill/9686
fr-2026-14132,rule,"Commerce Department, Industry and Security Bureau",Final rule,Enhanced Favorable Treatment for the United Arab Emirates Under the Export Administration Regulations,final,Final rule.,2026-07-14,https://www.federalregister.gov/documents/2026/07/14/2026-14132/enhanced-favorable-treatment-for-the-united-arab-emirates-under-the-export-administration,,,,https://www.federalregister.gov/documents/2026/07/14/2026-14132/enhanced-favorable-treatment-for-the-united-arab-emirates-under-the-export-administration
os-7eda2f35-8551-427e-9bf5-ce901430fc63,bill,Pennsylvania,SB 1384,"An Act amending the act of March 4, 1971 (P.L.6, No.2), known as the Tax Reform Code of 1971, in tax credit and tax benefit administration, further providing for definitions; in computer data center equipment incentive program, providing for certification prohibition; providing for Governor's Responsible Infrastructure Development certification and standards; and imposing duties.",not passed,Referred to Finance,2026-07-10,https://www.palegis.us/legislation/bills/2025/sb1384,,data-center-limits; new-agency-powers,Pennsylvania Governor,https://openstates.org/pa/bills/2025-2026/SB1384/
us-119-hr-9629,bill,Congress,H.R. 9629,Protecting Communities from Data Center Impacts Act of 2026,not passed,Referred to the House Committee on Energy and Commerce.,2026-07-09,https://www.congress.gov/bill/119th-congress/house-bill/9629,,,,https://www.congress.gov/bill/119th-congress/house-bill/9629
us-119-hr-9619,bill,Congress,H.R. 9619,People-First Chatbot Act,not passed,Referred to the House Committee on Energy and Commerce.,2026-07-09,https://www.congress.gov/bill/119th-congress/house-bill/9619,,,,https://www.congress.gov/bill/119th-congress/house-bill/9619
us-119-hr-9566,bill,Congress,H.R. 9566,"To establish a pilot program for use by U.S. Customs and Border Protection at land ports of entry along the Arizona border to assess the use of artificial intelligence through an anomaly detection algorithm, and for other purposes.",not passed,Referred to the Subcommittee on Border Security and Enforcement.,2026-06-30,https://www.congress.gov/bill/119th-congress/house-bill/9566,,,,https://www.congress.gov/bill/119th-congress/house-bill/9566
os-405a7e82-8ef3-49c2-8c8e-34879694e952,bill,Delaware,SB 353,AN ACT TO AMEND THE LAWS OF DELAWARE RELATING TO A MORATORIUM ON DATA CENTER DEVELOPMENT.,not passed,Motion to Suspend Rules in Senate by Vote: 6 YES 15 NO. Reason Taken: Motion to Suspend Rules to consider SB 353,2026-06-30,https://legis.delaware.gov/BillDetail?LegislationId=143681,,data-center-limits,,https://openstates.org/de/bills/153/SB353/
os-db7cfea9-aa98-47d1-bfde-9792e7c7636a,bill,Pennsylvania,HB 2678,"An Act amending Title 63 (Professions and Occupations (State Licensed)) of the Pennsylvania Consolidated Statutes, in powers and duties, further providing for definitions and providing for artificial intelligence.",not passed,Referred to Professional Licensure,2026-06-29,https://www.palegis.us/legislation/bills/2025/hb2678,,,,https://openstates.org/pa/bills/2025-2026/HB2678/
us-119-hr-9506,bill,Congress,H.R. 9506,"To amend the National Artificial Intelligence Initiative Act of 2020 to require the Director of the Office of Science and Technology Policy to establish a prize competition program relating to artificial intelligence, and for other purposes.",not passed,"Referred to the House Committee on Science, Space, and Technology.",2026-06-29,https://www.congress.gov/bill/119th-congress/house-bill/9506,,,,https://www.congress.gov/bill/119th-congress/house-bill/9506
us-119-hr-9501,bill,Congress,H.R. 9501,AI Tax Integrity Act of 2026,not passed,"Placed on the Union Calendar, Calendar No. 701.",2026-06-29,https://www.congress.gov/bill/119th-congress/house-bill/9501,,,,https://www.congress.gov/bill/119th-congress/house-bill/9501
fr-2026-12980,rule,"Transportation Department, National Highway Traffic Safety Administration",Proposed rule,"ADS-Equipped Vehicle Safety, Transparency, and Evaluation Program; Withdrawal",proposed,Notice of proposed rulemaking; withdrawal.,2026-06-26,https://www.federalregister.gov/documents/2026/06/26/2026-12980/ads-equipped-vehicle-safety-transparency-and-evaluation-program-withdrawal,,,,https://www.federalregister.gov/documents/2026/06/26/2026-12980/ads-equipped-vehicle-safety-transparency-and-evaluation-program-withdrawal
os-74266733-649d-4f68-85f2-6074bfaa762b,bill,Michigan,HB 6139,"Construction: permits; acoustic engineering report for data center; require to receive building permit. Amends 1972 PA 230 (MCL 125.1501 - 125.1531) by adding sec. 10a.   TIE BAR WITH: HB 6135'26,  HB 6140'26,  HB 6141'26,  HB 6137'26,  HB 6138'26,  HB 6142'26",not passed,bill electronically reproduced 06/25/2026,2026-06-25,https://legislature.mi.gov/Bills/Bill?ObjectName=2026-HB-6139,,data-center-limits,,https://openstates.org/mi/bills/2025-2026/HB6139/
os-44a1bdac-92b7-4832-b636-44d9de512829,bill,Michigan,HB 6141,"Public utilities: electric utilities; project labor agreements; require for certain data center contracts. Amends 1939 PA 3 (MCL 460.1 - 460.11) by adding sec. 10kk.   TIE BAR WITH: HB 6135'26,  HB 6140'26,  HB 6137'26,  HB 6138'26,  HB 6142'26,  HB 6139'26",not passed,bill electronically reproduced 06/25/2026,2026-06-25,https://legislature.mi.gov/Bills/Bill?ObjectName=2026-HB-6141,,data-center-limits,,https://openstates.org/mi/bills/2025-2026/HB6141/
os-7e1bf542-0e72-40e9-b259-3f34c6f79dad,bill,Michigan,HB 6136,Businesses: other; Michigan zoning enabling act; make subject to the data center community benefit agreement act. Amends sec. 205 of 2006 PA 110 (MCL 125.3205).   TIE BAR WITH: HB 6137'26,not passed,bill electronically reproduced 06/25/2026,2026-06-25,https://legislature.mi.gov/Bills/Bill?ObjectName=2026-HB-6136,,,,https://openstates.org/mi/bills/2025-2026/HB6136/
os-a8fa020f-1ade-49c4-a4cf-17066dafc326,bill,Michigan,HB 6137,"Businesses: other; community benefit agreements; require certain data centers to be subject to. Creates new act.   TIE BAR WITH: HB 6135'26,  HB 6136'26,  HB 6140'26,  HB 6141'26,  HB 6138'26,  HB 6142'26,  HB 6139'26",not passed,bill electronically reproduced 06/25/2026,2026-06-25,https://legislature.mi.gov/Bills/Bill?ObjectName=2026-HB-6137,,data-center-limits,,https://openstates.org/mi/bills/2025-2026/HB6137/
os-a2dd93a7-67bc-408b-a730-214b60ce52ae,bill,Michigan,HB 6140,"Public employees and officers: other; nondisclosure agreements related to the construction of data centers; prohibit. Creates new act.   TIE BAR WITH: HB 6135'26,  HB 6141'26,  HB 6137'26,  HB 6138'26,  HB 6142'26,  HB 6139'26",not passed,bill electronically reproduced 06/25/2026,2026-06-25,https://legislature.mi.gov/Bills/Bill?ObjectName=2026-HB-6140,,,,https://openstates.org/mi/bills/2025-2026/HB6140/
os-696d2503-578d-4e97-94bd-ade8ef548c79,bill,Michigan,HB 6142,"Businesses: other; requirements for data center decommissioning, dismantling, and remediation; provide for. Amends 1939 PA 3 (MCL 460.1 - 460.11) by adding sec. 10jj.   TIE BAR WITH: HB 6135'26,  HB 6140'26,  HB 6141'26,  HB 6137'26,  HB 6138'26,  HB 6139'26",not passed,bill electronically reproduced 06/25/2026,2026-06-25,https://legislature.mi.gov/Bills/Bill?ObjectName=2026-HB-6142,,data-center-limits,,https://openstates.org/mi/bills/2025-2026/HB6142/
os-ce4c5e6f-2a24-44cc-85b8-3e8f2183e4f9,bill,Michigan,HB 6138,"Businesses: other; data center water usage requirements; provide for. Creates new act.   TIE BAR WITH: HB 6135'26,  HB 6140'26,  HB 6141'26,  HB 6137'26,  HB 6142'26,  HB 6139'26",not passed,bill electronically reproduced 06/25/2026,2026-06-25,https://legislature.mi.gov/Bills/Bill?ObjectName=2026-HB-6138,,data-center-limits,,https://openstates.org/mi/bills/2025-2026/HB6138/
os-30b2bac8-49da-47a3-b196-a618e3793691,bill,Michigan,HB 6135,"Public utilities: rates; large load commercial rates for data centers; establish. Amends 1939 PA 3 (MCL 460.1 - 460.11) by adding sec. 10ii.   TIE BAR WITH: HB 6140'26,  HB 6141'26,  HB 6137'26,  HB 6138'26,  HB 6142'26,  HB 6139'26",not passed,bill electronically reproduced 06/25/2026,2026-06-25,https://legislature.mi.gov/Bills/Bill?ObjectName=2026-HB-6135,,,,https://openstates.org/mi/bills/2025-2026/HB6135/
us-119-hr-9477,bill,Congress,H.R. 9477,AI Incident Reporting Act,not passed,Referred to the House Committee on Energy and Commerce.,2026-06-25,https://www.congress.gov/bill/119th-congress/house-bill/9477,,,,https://www.congress.gov/bill/119th-congress/house-bill/9477
os-70221ba3-1564-4cfd-ba2c-77cce3018e15,bill,Pennsylvania,HB 2666,An Act providing for limitations on the use of user data in the creation of artificial intelligence simulations and for private right of action; and imposing penalties.,not passed,Referred to Communications & Technology,2026-06-24,https://www.palegis.us/legislation/bills/2025/hb2666,privacy,use-restrictions,,https://openstates.org/pa/bills/2025-2026/HB2666/
os-b9f468a7-7d2a-4c66-90d9-7c1f2b22e5da,bill,Michigan,SB 1077,Labor: fair employment practices; use of electronic monitoring or automated decisions tools by an employer; prohibit except for certain purposes. Creates new act.,not passed,REFERRED TO COMMITTEE ON LABOR,2026-06-24,https://legislature.mi.gov/Bills/Bill?ObjectName=2026-SB-1077,,use-restrictions,,https://openstates.org/mi/bills/2025-2026/SB1077/
os-794709cc-c8a5-4274-99d9-fd017f2d0b00,bill,Pennsylvania,HB 2669,An Act providing for employer disclosure when employee layoffs occur due to an employer's use of artificial intelligence or other technological change; and imposing civil penalties.,not passed,Referred to Labor & Industry,2026-06-24,https://www.palegis.us/legislation/bills/2025/hb2669,job-loss,labeling-mandates,,https://openstates.org/pa/bills/2025-2026/HB2669/
us-119-s-4916,bill,Congress,S. 4916,Aging with Artificial Intelligence Act of 2026,not passed,"Read twice and referred to the Committee on Health, Education, Labor, and Pensions.",2026-06-24,https://www.congress.gov/bill/119th-congress/senate-bill/4916,,,,https://www.congress.gov/bill/119th-congress/senate-bill/4916
us-119-hr-9427,bill,Congress,H.R. 9427,AI Workforce Impact Study Act of 2026,not passed,Referred to the House Committee on Education and Workforce.,2026-06-24,https://www.congress.gov/bill/119th-congress/house-bill/9427,,,,https://www.congress.gov/bill/119th-congress/house-bill/9427
us-119-hr-9439,bill,Congress,H.R. 9439,Voluntary Consumer AI Disclosure Pilot Act,not passed,"Referred to the House Committee on Science, Space, and Technology.",2026-06-24,https://www.congress.gov/bill/119th-congress/house-bill/9439,,,,https://www.congress.gov/bill/119th-congress/house-bill/9439
us-119-s-4915,bill,Congress,S. 4915,AI Labeling Act of 2026,not passed,"Read twice and referred to the Committee on Commerce, Science, and Transportation.",2026-06-24,https://www.congress.gov/bill/119th-congress/senate-bill/4915,,,,https://www.congress.gov/bill/119th-congress/senate-bill/4915
us-119-hr-9442,bill,Congress,H.R. 9442,Artificial Intelligence Data Center Moratorium Act,not passed,"Referred to the Committee on Energy and Commerce, and in addition to the Committee on Foreign Affairs, for a period to be subsequently determined by the Speaker, in each case for consideration of such provisions as fall within the jurisdiction of the committee concerned.",2026-06-24,https://www.congress.gov/bill/119th-congress/house-bill/9442,,data-center-limits,,https://www.congress.gov/bill/119th-congress/house-bill/9442
os-2b3fd4c6-cedd-4a89-bb37-9388072b5459,bill,New Jersey,A 5316,"Establishes five-year ""New Jersey Artificial Intelligence Workforce Transition Act.""",not passed,"Introduced, Referred to Assembly Science, Innovation and Technology Committee",2026-06-23,https://www.njleg.state.nj.us/bill-search/2026/A5316,,,,https://openstates.org/nj/bills/222/A5316/
os-fa8ca35f-7231-476b-9a4b-ca0cc3a4400e,resolution,Georgia,HR 43,"Artificial intelligence deepfakes; growing danger to election integrity, public trust, and the people of Georgia; recognize",adopted,House Read and Adopted,2026-06-22,https://www.legis.ga.gov/legislation/74903,deepfakes,,,https://openstates.org/ga/bills/2026_ss/HR43/
us-119-hr-9339,bill,Congress,H.R. 9339,Affordable Innovation for the Grid Act,not passed,Received in the Senate and Read twice and referred to the Committee on Energy and Natural Resources.,2026-06-18,https://www.congress.gov/bill/119th-congress/house-bill/9339,,,,https://www.congress.gov/bill/119th-congress/house-bill/9339
us-119-hr-9340,bill,Congress,H.R. 9340,Ratepayer Protection Act,not passed,Read the second time. Placed on Senate Legislative Calendar under General Orders. Calendar No. 684.,2026-06-18,https://www.congress.gov/bill/119th-congress/house-bill/9340,,,,https://www.congress.gov/bill/119th-congress/house-bill/9340
os-4d6e32fd-803c-4e01-aa58-7791ccad6e59,bill,New Jersey,A 5294,"""Responsible Data Center Development and Resource Protection Act""; establishes Statewide framework concerning siting, land use approval, energy sourcing, water use, and environmental impacts of large load data center development.",not passed,"Introduced, Referred to Assembly Science, Innovation and Technology Committee",2026-06-18,https://www.njleg.state.nj.us/bill-search/2026/A5294,power-bills,data-center-limits,,https://openstates.org/nj/bills/222/A5294/
os-3c674b3c-34e2-4573-9e2b-80f600d78d1e,bill,Michigan,SB 1050,Businesses: other; community benefit agreements; require certain data centers to be subject to. Creates new act.,not passed,INTRODUCED BY SENATOR VERONICA KLINEFELT,2026-06-18,https://legislature.mi.gov/Bills/Bill?ObjectName=2026-SB-1050,,,,https://openstates.org/mi/bills/2025-2026/SB1050/
os-3778a2d2-26ad-4405-acc4-1e40adc10605,bill,Michigan,SB 1048,Public utilities: electric utilities; project labor agreements and prevailing wage and fringe benefit rates; require for certain data center contracts. Amends 1939 PA 3 (MCL 460.1 - 460.11) by adding sec. 10ii.,not passed,INTRODUCED BY SENATOR VERONICA KLINEFELT,2026-06-18,https://legislature.mi.gov/Bills/Bill?ObjectName=2026-SB-1048,,,,https://openstates.org/mi/bills/2025-2026/SB1048/
os-f39fad93-ee9b-40e1-8f2f-092c7939b90c,bill,Michigan,SB 1051,Businesses: other; Michigan zoning enabling act; make subject to the data center community benefit act. Amends sec. 205 of 2006 PA 110 (MCL 125.3205).  TIE BAR WITH: SB 1050'26,not passed,SENATE CO-SPONSOR(S) NAMED: VERONICA KLINEFELT,2026-06-18,https://legislature.mi.gov/Bills/Bill?ObjectName=2026-SB-1051,,,,https://openstates.org/mi/bills/2025-2026/SB1051/
us-119-hr-9341,bill,Congress,H.R. 9341,AI-Ready Federal Data Guidelines Act,not passed,Ordered to be Reported (Amended) by the Yeas and Nays: 29 - 0.,2026-06-18,https://www.congress.gov/bill/119th-congress/house-bill/9341,,,,https://www.congress.gov/bill/119th-congress/house-bill/9341
os-6a277d9e-ca90-4281-a7f6-dc5212cd92e2,bill,Michigan,SB 1047,Public utilities: rates; separate rate class for large-load customers; require. Amends 1939 PA 3 (MCL 460.1 - 460.11) by adding sec. 10ii.,not passed,SENATE CO-SPONSOR(S) NAMED: VERONICA KLINEFELT,2026-06-18,https://legislature.mi.gov/Bills/Bill?ObjectName=2026-SB-1047,,,,https://openstates.org/mi/bills/2025-2026/SB1047/
us-119-hr-9363,bill,Congress,H.R. 9363,AI Security and Innovation Act,not passed,Ordered to be Reported in the Nature of a Substitute (Amended) by the Yeas and Nays: 29 - 0.,2026-06-18,https://www.congress.gov/bill/119th-congress/house-bill/9363,,,,https://www.congress.gov/bill/119th-congress/house-bill/9363
us-119-hr-9334,bill,Congress,H.R. 9334,Workforce for AI Trust Act,not passed,Ordered to be Reported in the Nature of a Substitute (Amended) by the Yeas and Nays: 35 - 0.,2026-06-18,https://www.congress.gov/bill/119th-congress/house-bill/9334,,,,https://www.congress.gov/bill/119th-congress/house-bill/9334
os-07a1586a-f08e-4458-86af-a5a2090de805,bill,New Jersey,S 4474,Establishes safety requirements for artificial intelligence companion operators.,not passed,"Introduced in the Senate, Referred to Senate Commerce Committee",2026-06-18,https://www.njleg.state.nj.us/bill-search/2026/S4474,,,,https://openstates.org/nj/bills/222/S4474/
us-119-s-4825,bill,Congress,S. 4825,American A.I. Sovereign Wealth Fund Act,not passed,Read twice and referred to the Committee on Finance.,2026-06-18,https://www.congress.gov/bill/119th-congress/senate-bill/4825,,,,https://www.congress.gov/bill/119th-congress/senate-bill/4825
us-119-hr-9333,bill,Congress,H.R. 9333,AI Flaw Reporting and Security Enhancement Act,not passed,Ordered to be Reported in the Nature of a Substitute by the Yeas and Nays: 35 - 0.,2026-06-18,https://www.congress.gov/bill/119th-congress/house-bill/9333,,,,https://www.congress.gov/bill/119th-congress/house-bill/9333
us-119-hr-9352,bill,Congress,H.R. 9352,AI-Related Job Impacts Clarity Act,not passed,Referred to the House Committee on Education and Workforce.,2026-06-18,https://www.congress.gov/bill/119th-congress/house-bill/9352,,,,https://www.congress.gov/bill/119th-congress/house-bill/9352
fr-2026-12166,rule,"Health and Human Services Department, Food and Drug Administration",Final rule,Medical Devices; Radiology Devices; Classification of the Radiological Machine Learning-Based Quantitative Imaging Software With Predetermined Change Control Plan,final,Final amendment; final order.,2026-06-17,https://www.federalregister.gov/documents/2026/06/17/2026-12166/medical-devices-radiology-devices-classification-of-the-radiological-machine-learning-based,,,,https://www.federalregister.gov/documents/2026/06/17/2026-12166/medical-devices-radiology-devices-classification-of-the-radiological-machine-learning-based
fr-2026-12205,rule,General Services Administration,Proposed rule,General Services Acquisition Regulation; Acquisition of Information and Communication Technology; Notice of Listening Sessions and Request for Comments,proposed,Proposal; request for comments.,2026-06-17,https://www.federalregister.gov/documents/2026/06/17/2026-12205/general-services-acquisition-regulation-acquisition-of-information-and-communication-technology,privacy,,,https://www.federalregister.gov/documents/2026/06/17/2026-12205/general-services-acquisition-regulation-acquisition-of-information-and-communication-technology
os-3f63330c-8455-4321-9b76-f26dc1cb7328,bill,Pennsylvania,HB 2650,"An Act amending the act of March 4, 1971 (P.L.6, No.2), known as the Tax Reform Code of 1971, in tax credit and tax benefit administration, further providing for definitions; in computer data center equipment incentive program, providing for certification prohibition; providing for Governor's Responsible Infrastructure Development certification and standards; and imposing duties.",not passed,Referred to Finance,2026-06-16,https://www.palegis.us/legislation/bills/2025/hb2650,,data-center-limits; new-agency-powers,Pennsylvania Governor,https://openstates.org/pa/bills/2025-2026/HB2650/
os-3b01ee94-4fc1-417d-8522-6bc3a10d72d9,bill,New Jersey,S 4469,Requires boards of education to adopt policy on use of artificial intelligence; requires DOE to establish model policy.,not passed,"Introduced in the Senate, Referred to Senate Education Committee",2026-06-15,https://www.njleg.state.nj.us/bill-search/2026/S4469,,,,https://openstates.org/nj/bills/222/S4469/
os-c035d280-59fa-46bd-9123-dba60b4791ca,bill,New Jersey,A 5272,Establishes safety requirements for artificial intelligence companion operators.,not passed,"Introduced, Referred to Assembly Science, Innovation and Technology Committee",2026-06-15,https://www.njleg.state.nj.us/bill-search/2026/A5272,,,,https://openstates.org/nj/bills/222/A5272/
os-3f10db58-89b9-4bbf-8879-d9f84d4f3f3b,bill,New Jersey,A 5275,Requires certain artificial intelligence developers to make certain disclosures to Attorney General.,not passed,"Introduced, Referred to Assembly Science, Innovation and Technology Committee",2026-06-15,https://www.njleg.state.nj.us/bill-search/2026/A5275,,mandatory-reporting,New Jersey Attorney General,https://openstates.org/nj/bills/222/A5275/
os-32a0672a-9b56-41c0-8839-0a87102f948c,bill,New Jersey,S 4458,"Establishes five-year ""New Jersey Artificial Intelligence Workforce Transition Act.""",not passed,"Introduced in the Senate, Referred to Senate Labor Committee",2026-06-15,https://www.njleg.state.nj.us/bill-search/2026/S4458,,,,https://openstates.org/nj/bills/222/S4458/
us-119-hr-9323,bill,Congress,H.R. 9323,Department of Advanced Technology and Artificial Intelligence Act,not passed,Referred to the House Committee on Oversight and Government Reform.,2026-06-15,https://www.congress.gov/bill/119th-congress/house-bill/9323,,new-agency-powers,U.S. Department of Advanced Technology and Artificial Intelligence,https://www.congress.gov/bill/119th-congress/house-bill/9323
os-ef3844dc-dfec-4d42-bdf9-5e28b1350e19,bill,Pennsylvania,HB 2637,An Act providing for a temporary prohibition on artificial intelligence chatbots in children's toys; and imposing penalties.,not passed,Referred to Communications & Technology,2026-06-15,https://www.palegis.us/legislation/bills/2025/hb2637,kids-chatbots,use-restrictions,,https://openstates.org/pa/bills/2025-2026/HB2637/
os-8b13d490-cc2e-42c9-862b-0e23d806ad0a,bill,Arizona,HB 4080,artificial intelligence; nursing tasks; pilot,not passed,House First Reading.,2026-06-13,https://apps.azleg.gov/BillStatus/BillOverview/85602?SessionId=130,,,,https://openstates.org/az/bills/57th-2nd-regular/HB4080/
os-6cf4f8e4-7953-4da4-a321-65dc3005eaf2,bill,Arizona,HB 4040,public schools; universities; AI policies,not passed,House First Reading.,2026-06-13,https://apps.azleg.gov/BillStatus/BillOverview/85556?SessionId=130,,,,https://openstates.org/az/bills/57th-2nd-regular/HB4040/
us-119-hr-9279,bill,Congress,H.R. 9279,Preventing AI Censorship Act,not passed,Referred to the House Committee on the Judiciary.,2026-06-11,https://www.congress.gov/bill/119th-congress/house-bill/9279,,,,https://www.congress.gov/bill/119th-congress/house-bill/9279
os-98113926-6397-4014-bc9a-1fe573578a94,bill,New Jersey,S 4446,Requires certain artificial intelligence developers to make certain disclosures to Attorney General.,not passed,"Introduced in the Senate, Referred to Senate Law and Public Safety Committee",2026-06-11,https://www.njleg.state.nj.us/bill-search/2026/S4446,,mandatory-reporting,New Jersey Attorney General,https://openstates.org/nj/bills/222/S4446/
us-119-hr-9285,bill,Congress,H.R. 9285,Heat Emergency Assessment and Tracking using AI Act,not passed,Referred to the House Committee on Energy and Commerce.,2026-06-11,https://www.congress.gov/bill/119th-congress/house-bill/9285,,,,https://www.congress.gov/bill/119th-congress/house-bill/9285
os-336f316d-ad4a-4184-8ae7-b3425d786631,bill,Delaware,HB 404,AN ACT TO AMEND TITLE 14 OF THE DELAWARE CODE RELATING TO THE ARTIFICIAL INTELLIGENCE AND EXTENDED REALITY IN SCHOOLS PILOT PROGRAM.,not passed,Passed By House. Votes: 36 YES 4 NO 1 ABSENT,2026-06-11,https://legis.delaware.gov/BillDetail?LegislationId=143513,privacy,,,https://openstates.org/de/bills/153/HB404/
us-119-s-4774,bill,Congress,S. 4774,Fraudulent Artificial Intelligence Regulations (FAIR) Elections Act of 2026,not passed,Read twice and referred to the Committee on Rules and Administration.,2026-06-11,https://www.congress.gov/bill/119th-congress/senate-bill/4774,,,,https://www.congress.gov/bill/119th-congress/senate-bill/4774
us-119-s-4762,bill,Congress,S. 4762,Generative AI Terrorism Risk Assessment Act,not passed,Read twice and referred to the Committee on Homeland Security and Governmental Affairs.,2026-06-11,https://www.congress.gov/bill/119th-congress/senate-bill/4762,,,,https://www.congress.gov/bill/119th-congress/senate-bill/4762
us-119-s-4742,bill,Congress,S. 4742,AI DATA Act,not passed,"Read twice and referred to the Committee on Health, Education, Labor, and Pensions.",2026-06-10,https://www.congress.gov/bill/119th-congress/senate-bill/4742,,,,https://www.congress.gov/bill/119th-congress/senate-bill/4742
us-119-s-4743,bill,Congress,S. 4743,AI Bubble Transparency Act,not passed,"Read twice and referred to the Committee on Banking, Housing, and Urban Affairs.",2026-06-10,https://www.congress.gov/bill/119th-congress/senate-bill/4743,,,,https://www.congress.gov/bill/119th-congress/senate-bill/4743
os-3f084599-49a4-419a-9097-40cffb8f77cb,resolution,Pennsylvania,HR 563,A Resolution directing the Joint State Government Commission to conduct a study and issue a report on the impact driverless vehicles have on safety and the workforce.,not passed,Referred to Communications & Technology,2026-06-10,https://www.palegis.us/legislation/bills/2025/hr563,self-driving,,,https://openstates.org/pa/bills/2025-2026/HR563/
us-119-s-4727,bill,Congress,S. 4727,Artificial Intelligence Environmental Impacts Act of 2026,not passed,Read twice and referred to the Committee on Environment and Public Works.,2026-06-09,https://www.congress.gov/bill/119th-congress/senate-bill/4727,,,,https://www.congress.gov/bill/119th-congress/senate-bill/4727
us-119-s-4707,bill,Congress,S. 4707,Responsible Artificial Intelligence Defense Act of 2026,not passed,Read twice and referred to the Committee on Armed Services.,2026-06-08,https://www.congress.gov/bill/119th-congress/senate-bill/4707,,,,https://www.congress.gov/bill/119th-congress/senate-bill/4707
os-8643bffe-14ed-49e8-88a0-76de868df01d,bill,New Jersey,A 5224,Requires data center developers to disclose certain information to public and elected officials before preliminary site plan consideration under MLUL.,not passed,"Introduced, Referred to Assembly Science, Innovation and Technology Committee",2026-06-08,https://www.njleg.state.nj.us/bill-search/2026/A5224,,,,https://openstates.org/nj/bills/222/A5224/
us-119-hr-9183,bill,Congress,H.R. 9183,Artificial Intelligence Environmental Impacts Act of 2026,not passed,"Referred to the Committee on Science, Space, and Technology, and in addition to the Committee on Energy and Commerce, for a period to be subsequently determined by the Speaker, in each case for consideration of such provisions as fall within the jurisdiction of the committee concerned.",2026-06-08,https://www.congress.gov/bill/119th-congress/house-bill/9183,,,,https://www.congress.gov/bill/119th-congress/house-bill/9183
os-f3b21010-df44-46b9-83c5-d04c5f78142c,bill,New York,A 11599,Prohibits anticompetitive and deceptive algorithmic pricing practices,not passed,REFERRED TO CONSUMER AFFAIRS AND PROTECTION,2026-06-05,https://nyassembly.gov/leg/?bn=A11599&term=2025,algorithmic-pricing,use-restrictions,,https://openstates.org/ny/bills/2025-2026/A11599/
fr-2026-11415,order,Executive Office of the President,Executive Order 14409,Promoting Advanced Artificial Intelligence Innovation and Security,signed,Executive Order 14409,2026-06-05,https://www.federalregister.gov/documents/2026/06/05/2026-11415/promoting-advanced-artificial-intelligence-innovation-and-security,china-race,,Director of the National Security Agency; Secretary of Homeland Security through the Director of CISA,https://www.federalregister.gov/documents/2026/06/05/2026-11415/promoting-advanced-artificial-intelligence-innovation-and-security
os-1628d603-ab38-4741-bf05-91811c38a852,bill,Michigan,SB 1018,Businesses: other; moratorium on certain approvals for and operation of any new data centers; provide for. Creates new act.   TIE BAR WITH: SB 1019'26,not passed,REFERRED TO COMMITTEE ON GOVERNMENT OPERATIONS,2026-06-04,https://legislature.mi.gov/Bills/Bill?ObjectName=2026-SB-1018,,data-center-limits,,https://openstates.org/mi/bills/2025-2026/SB1018/
os-047351af-35be-42fe-bcae-3b55f6fefbd5,bill,Michigan,SB 1019,Businesses: other; Michigan zoning enabling act; make subject to the data center regulation act. Amends sec. 205 of 2006 PA 110 (MCL 125.3205).   TIE BAR WITH: SB 1018'26,not passed,REFERRED TO COMMITTEE ON GOVERNMENT OPERATIONS,2026-06-04,https://legislature.mi.gov/Bills/Bill?ObjectName=2026-SB-1019,,data-center-limits,,https://openstates.org/mi/bills/2025-2026/SB1019/
os-2d1f3767-cbc7-4b34-a9de-9b4697d994de,bill,Pennsylvania,SB 1344,"An Act amending the act of March 4, 1971 (P.L.6, No.2), known as the Tax Reform Code of 1971, repealing provisions relating to computer data center equipment incentive program; in general provisions, providing for transfer of tax from certain sale of computer data equipment; and establishing a restricted account in the Motor License Fund.",not passed,Referred to Finance,2026-06-04,https://www.palegis.us/legislation/bills/2025/sb1344,,,,https://openstates.org/pa/bills/2025-2026/SB1344/
os-884909ba-a02c-4e90-ac01-18b5a52cfd92,bill,Michigan,SB 1020,Public utilities: public service commission; moratorium on approvals by the Michigan public service commission of any new enterprise data centers; provide for. Amends 1939 PA 3 (MCL 460.1 - 460.11) by adding sec. 10ii.,not passed,REFERRED TO COMMITTEE ON GOVERNMENT OPERATIONS,2026-06-04,https://legislature.mi.gov/Bills/Bill?ObjectName=2026-SB-1020,,data-center-limits,,https://openstates.org/mi/bills/2025-2026/SB1020/
os-102e4920-e3bd-4aac-9d9e-1c2a06e773c0,bill,New Jersey,S 4402,"""Responsible Data Center Development and Resource Protection Act""; establishes Statewide framework concerning siting, land use approval, energy sourcing, water use, and environmental impacts of large load data center development.",not passed,"Introduced in the Senate, Referred to Senate Community and Urban Affairs Committee",2026-06-04,https://www.njleg.state.nj.us/bill-search/2026/S4402,power-bills,data-center-limits,,https://openstates.org/nj/bills/222/S4402/
os-6da2959a-db29-457e-97cf-c9f309879487,bill,New Jersey,S 4401,"Requires BPU to conduct study on environmental, infrastructural, and financial impacts of data center development in State.",not passed,"Introduced in the Senate, Referred to Senate Environment and Energy Committee",2026-06-04,https://www.njleg.state.nj.us/bill-search/2026/S4401,power-bills,,,https://openstates.org/nj/bills/222/S4401/
os-9e3146aa-fd3f-4807-bdc4-0798ad53121f,bill,Pennsylvania,SB 1345,"An Act amending the act of July 31, 1968 (P.L.805, No.247), known as the Pennsylvania Municipalities Planning Code, in zoning, providing for optional temporary moratorium on acceptance or consideration of new applications for high impact data centers.",not passed,Second consideration,2026-06-04,https://www.palegis.us/legislation/bills/2025/sb1345,,,,https://openstates.org/pa/bills/2025-2026/SB1345/
os-8bbdbe88-70dd-41f8-afc4-64f68e2b86bd,bill,New Jersey,S 4400,Requires DEP to conduct study of short and long term effects of water use by large-scale data centers.,not passed,"Introduced in the Senate, Referred to Senate Environment and Energy Committee",2026-06-04,https://www.njleg.state.nj.us/bill-search/2026/S4400,power-bills,,,https://openstates.org/nj/bills/222/S4400/
os-f2ffa6d1-0536-4039-b5e9-a5d200fb29ea,bill,Pennsylvania,SB 1359,An Act imposing a Statewide moratorium on hyperscale data center development and permitting; and providing for enforcement.,not passed,Referred to Local Government,2026-06-04,https://www.palegis.us/legislation/bills/2025/sb1359,,data-center-limits,,https://openstates.org/pa/bills/2025-2026/SB1359/
os-4e146b80-deda-4463-a7f3-72cbd8043991,bill,Pennsylvania,SB 1349,An Act providing for transparency in use of generative artificial intelligence; requiring disclosure of synthetic content; providing for establishment of content verification tools; imposing duties on the Bureau of Consumer Protection in the Office of Attorney General; and imposing penalties.,not passed,Referred to Communications & Technology,2026-06-04,https://www.palegis.us/legislation/bills/2025/sb1349,deepfakes,labeling-mandates; new-agency-powers,,https://openstates.org/pa/bills/2025-2026/SB1349/
us-119-hr-9125,bill,Congress,H.R. 9125,Sectoral AI Governance Act of 2026,not passed,"Referred to the Committee on the Judiciary, and in addition to the Committee on Oversight and Government Reform, for a period to be subsequently determined by the Speaker, in each case for consideration of such provisions as fall within the jurisdiction of the committee concerned.",2026-06-03,https://www.congress.gov/bill/119th-congress/house-bill/9125,,,,https://www.congress.gov/bill/119th-congress/house-bill/9125
us-119-s-4656,bill,Congress,S. 4656,Secure and Accountable Military AI Act of 2026,not passed,Read twice and referred to the Committee on Armed Services.,2026-06-02,https://www.congress.gov/bill/119th-congress/senate-bill/4656,,,,https://www.congress.gov/bill/119th-congress/senate-bill/4656
os-2f491585-a120-4ca4-aa00-ce5047dfd992,bill,New Jersey,A 5165,"""End Data Center Tax Credits Act""; reduces tax credits available for Next New Jersey Program.*",not passed,Substituted by S4390 (1R),2026-06-01,https://www.njleg.state.nj.us/bill-search/2026/A5165,,,,https://openstates.org/nj/bills/222/A5165/
os-8fe5c79e-6507-4bf3-9d38-dcc42bb5d0e6,bill,New York,S 10642,Enacts the responsible data center development act,not passed,SUBSTITUTED BY A11560,2026-06-01,https://nyassembly.gov/leg/?bn=S10642&term=2025,power-bills,data-center-limits,,https://openstates.org/ny/bills/2025-2026/S10642/
os-8e78d3d1-f5e5-4a27-a7a6-73ac79c0c734,bill,New Jersey,S 4390,"""End Data Center Tax Credits Act""; reduces tax credits available for Next New Jersey Program.*",passed,"Approved P.L.2026, c.77.",2026-06-01,https://www.njleg.state.nj.us/bill-search/2026/S4390,,,,https://openstates.org/nj/bills/222/S4390/
os-1c04b2e7-f8c7-49d1-b3cf-6cd0a1c4d5c3,bill,New Jersey,A 5184,Requires boards of education to adopt policy on use of artificial intelligence; requires DOE to establish model policy.,not passed,"Introduced, Referred to Assembly Education Committee",2026-06-01,https://www.njleg.state.nj.us/bill-search/2026/A5184,,,,https://openstates.org/nj/bills/222/A5184/
os-b7c4d91a-54d5-4bbc-970a-646704a05c19,bill,New York,A 11560,Enacts the responsible data center development act,not passed,RETURNED TO ASSEMBLY,2026-06-01,https://nyassembly.gov/leg/?bn=A11560&term=2025,power-bills,data-center-limits,,https://openstates.org/ny/bills/2025-2026/A11560/
os-1bad670d-07bb-4855-8f71-4ae786febcc7,bill,New York,A 11490,"Prohibits dynamic pricing, algorithm or automated pricing tools in the sale or rental of any residential dwelling unit",not passed,REFERRED TO HOUSING,2026-05-28,https://nyassembly.gov/leg/?bn=A11490&term=2025,algorithmic-pricing,use-restrictions,,https://openstates.org/ny/bills/2025-2026/A11490/
os-38e308ec-1f9e-45a8-96a9-5b6195249969,bill,New York,A 11500,Relates to fully autonomous vehicles,not passed,REFERRED TO TRANSPORTATION,2026-05-28,https://nyassembly.gov/leg/?bn=A11500&term=2025,,,,https://openstates.org/ny/bills/2025-2026/A11500/
os-ba57b401-69f1-4c8f-8f3e-5ef2db553365,bill,Pennsylvania,HB 2539,"An Act amending the act of March 4, 1971 (P.L.6, No.2), known as the Tax Reform Code of 1971, in Computer Data Center Equipment Incentive Program, further providing for application for certification, for eligibility requirements relating to Sales and Use Tax Refund Program and for eligibility requirements relating to Sales and Use Tax Exemption Program.",not passed,Referred to Finance,2026-05-27,https://www.palegis.us/legislation/bills/2025/hb2539,,,,https://openstates.org/pa/bills/2025-2026/HB2539/
os-61b26169-8e50-41e8-b5c0-6c95a327b114,bill,Pennsylvania,HB 2532,"An Act amending the act of March 4, 1971 (P.L.6, No.2), known as the Tax Reform Code of 1971, repealing provisions relating to computer data center equipment incentive program; in general provisions, providing for transfer of tax from certain sale of computer data equipment; and establishing a restricted account in the Motor License Fund.",not passed,Referred to Finance,2026-05-27,https://www.palegis.us/legislation/bills/2025/hb2532,,,,https://openstates.org/pa/bills/2025-2026/HB2532/
os-0d54b83a-5434-4fad-b352-c91574c177d5,bill,Ohio,HB 957,Prohibit new data center sales tax exemptions from being granted,not passed,Referred to committee,2026-05-27,https://www.legislature.ohio.gov/legislation/136/hb957,,,,https://openstates.org/oh/bills/136/HB957/
os-8fa27234-539b-401e-8434-3cb854b60f05,bill,Pennsylvania,HB 2533,"An Act amending the act of July 31, 1968 (P.L.805, No.247), known as the Pennsylvania Municipalities Planning Code, in zoning, providing for optional moratorium on filing or consideration of new applications for high impact data centers.",not passed,Referred to Local Government,2026-05-27,https://www.palegis.us/legislation/bills/2025/hb2533,,,,https://openstates.org/pa/bills/2025-2026/HB2533/
os-986a081f-fea2-4d42-9fe8-9f3e54f68ea9,bill,Puerto Rico,PS 1297,"Para crear la “Ley para Regular los Chatbots de Salud Mental e Inteligencia Artificial
Terapéutica en Puerto Rico”, a los fines de establecer normas sobre divulgación, uso,
supervisión, manejo de crisis, protección de datos y prohibiciones aplicables a
sistemas automatizados relacionados con servicios de salud mental; disponer
fiscalización, sanciones administrativas, reglamentación; y para otros fines
relacionados.",not passed,Referido a Comisión(es),2026-05-27,https://sutra.oslpr.org/medidas/161346,ai-therapists; privacy,labeling-mandates; new-agency-powers; use-restrictions,,https://openstates.org/pr/bills/2025-2028/PS1297/
os-d604a80a-0547-4913-8444-9d6fe632ba60,bill,New York,S 10574,Relation to the regulation of the use of artificial intelligence and facial recognition technology in criminal investigations,not passed,REFERRED TO CODES,2026-05-26,https://nyassembly.gov/leg/?bn=S10574&term=2025,surveillance,,,https://openstates.org/ny/bills/2025-2026/S10574/
os-88449704-671d-41bd-8542-86d1c6ffe239,bill,Pennsylvania,HB 2534,"An Act providing for artificial intelligence transparency, for duties of covered providers of generative artificial intelligence systems and for large online platforms and generative artificial intelligence system hosting platforms; and imposing a penalty.",not passed,Referred to Communications & Technology,2026-05-26,https://www.palegis.us/legislation/bills/2025/hb2534,,labeling-mandates,,https://openstates.org/pa/bills/2025-2026/HB2534/
os-25a037b2-3b05-4b16-8f5e-2cf52abb4c4d,bill,New Jersey,S 4314,Prohibits personalized algorithmic pricing and surveillance-based pricing by certain retailers in online commerce.,not passed,"Introduced in the Senate, Referred to Senate Commerce Committee",2026-05-21,https://www.njleg.state.nj.us/bill-search/2026/S4314,algorithmic-pricing,use-restrictions,,https://openstates.org/nj/bills/222/S4314/
us-119-s-4627,bill,Congress,S. 4627,FARM AI Act of 2026,not passed,"Read twice and referred to the Committee on Agriculture, Nutrition, and Forestry.",2026-05-21,https://www.congress.gov/bill/119th-congress/senate-bill/4627,,,,https://www.congress.gov/bill/119th-congress/senate-bill/4627
us-119-hr-8994,bill,Congress,H.R. 8994,Protect Working Musicians Act of 2026,not passed,Referred to the House Committee on the Judiciary.,2026-05-21,https://www.congress.gov/bill/119th-congress/house-bill/8994,,,,https://www.congress.gov/bill/119th-congress/house-bill/8994
os-487907c3-a07d-478b-a1b5-a588bdce5192,bill,Pennsylvania,SB 1332,An Act providing for notice of use of artificial intelligence or generative artificial intelligence in political advertisements.,not passed,Referred to State Government,2026-05-21,https://www.palegis.us/legislation/bills/2025/sb1332,,labeling-mandates,,https://openstates.org/pa/bills/2025-2026/SB1332/
os-5bb06f83-ed5d-4b79-9141-c92e97f48598,bill,Michigan,SB 991,Trade: consumer goods and services; use of certain algorithms and protected class data to set prices; prohibit. Amends sec. 3 of 1976 PA 331 (MCL 445.903) & adds sec. 3j.,not passed,REFERRED TO COMMITTEE ON ECONOMIC AND COMMUNITY DEVELOPMENT,2026-05-20,https://legislature.mi.gov/Bills/Bill?ObjectName=2026-SB-0991,algorithmic-pricing,,,https://openstates.org/mi/bills/2025-2026/SB991/
us-119-hr-8915,bill,Congress,H.R. 8915,NO FAKES Act of 2026,not passed,Referred to the House Committee on the Judiciary.,2026-05-20,https://www.congress.gov/bill/119th-congress/house-bill/8915,deepfakes,use-restrictions,,https://www.congress.gov/bill/119th-congress/house-bill/8915
us-119-s-4591,bill,Congress,S. 4591,NO FAKES Act of 2026,not passed,Placed on Senate Legislative Calendar under General Orders. Calendar No. 446.,2026-05-20,https://www.congress.gov/bill/119th-congress/senate-bill/4591,deepfakes,preemption; use-restrictions,,https://www.congress.gov/bill/119th-congress/senate-bill/4591
os-a0fc2f9c-27ba-4d90-afa6-f93e328fe76c,bill,Pennsylvania,SB 1323,"An Act providing for the regulation of commercial data centers; imposing duties on the Pennsylvania Public Utility Commission, the Department of Human Services and the Pennsylvania Energy Development Authority; establishing the Data Center Low-Income Home Energy Assistance Program Enhancement Account and the Pennsylvania Energy Independence Account; providing for clean firm energy requirements, contract filing, commission review, disclosure requirements, backup generation standards, curtailment standards and certification and expedited interconnection for commercial data centers bringing incremental clean firm energy resources; and imposing penalties.",not passed,Referred to Consumer Protection & Professional Licensure,2026-05-20,https://www.palegis.us/legislation/bills/2025/sb1323,power-bills,data-center-limits; mandatory-reporting; new-agency-powers,Pennsylvania Public Utility Commission,https://openstates.org/pa/bills/2025-2026/SB1323/
os-2fb66d72-5a66-46c1-8118-7f9d8cfc306d,bill,New York,S 10546,Enacts the homegrown energy act,not passed,REFERRED TO ENERGY AND TELECOMMUNICATIONS,2026-05-20,https://nyassembly.gov/leg/?bn=S10546&term=2025,,,,https://openstates.org/ny/bills/2025-2026/S10546/
os-24bdcb52-a1b7-4cb0-af11-f23aebb480b7,resolution,Louisiana,HR 302,TECHNOLOGY: Requests the Legislative Youth Advisory Council to discuss artificial intelligence issues that may affect young people in Louisiana,adopted,Taken by the Clerk of the House and presented to the Secretary of State in accordance with the Rules of the House.,2026-05-19,https://www.legis.la.gov/Legis/BillInfo.aspx?i=252019,,,,https://openstates.org/la/bills/2026/HR302/
us-119-hr-8881,bill,Congress,H.R. 8881,SBA Artificial Intelligence Utilization Act of 2026,not passed,Received in the Senate and Read twice and referred to the Committee on Small Business and Entrepreneurship.,2026-05-19,https://www.congress.gov/bill/119th-congress/house-bill/8881,,,,https://www.congress.gov/bill/119th-congress/house-bill/8881
us-119-hr-8870,bill,Congress,H.R. 8870,BUILD America 250 Act,not passed,Ordered to be Reported (Amended) by the Yeas and Nays: 62 - 2.,2026-05-19,https://www.congress.gov/bill/119th-congress/house-bill/8870,,,,https://www.congress.gov/bill/119th-congress/house-bill/8870
us-119-hr-8893,bill,Congress,H.R. 8893,Protecting Consumers from Deceptive AI Act,not passed,Ordered to be Reported in the Nature of a Substitute (Amended) by the Yeas and Nays: 35 - 0.,2026-05-19,https://www.congress.gov/bill/119th-congress/house-bill/8893,deepfakes,,,https://www.congress.gov/bill/119th-congress/house-bill/8893
os-3c1b0872-e376-42cb-8a27-eb53cae59f58,bill,Illinois,SB 4206,LOC GOVT-DATA CENTER,not passed,Referred to Assignments,2026-05-18,https://ilga.gov/Legislation/BillStatus?DocNum=4206&GAID=18&DocTypeID=SB&LegId=168562&SessionID=114,,,,https://openstates.org/il/bills/104th/SB4206/
os-d363a841-268c-4399-8ac3-57bed260d899,resolution,Alaska,HCR 28,"Suspending Rules 24(c), 35, 41(b), and 42(e), Uniform Rules of the Alaska State Legislature, concerning Senate Bill No. 250, relating to data centers; and relating to utility service for data centers.",not passed,(H) READ THE FIRST TIME,2026-05-18,https://www.akleg.gov/basis/Bill/Detail/34?Root=HCR28#tab5_4,,,,https://openstates.org/ak/bills/34/HCR28/
os-5ac2e9df-e23b-4ba7-b896-51177d442cfb,bill,New Jersey,S 4304,Prohibits agreements intended to conceal certain information concerning development of data centers under MLUL.,not passed,"Introduced in the Senate, Referred to Senate Community and Urban Affairs Committee",2026-05-18,https://www.njleg.state.nj.us/bill-search/2026/S4304,,,,https://openstates.org/nj/bills/222/S4304/
os-06e7adc7-6537-45f4-9eac-6744059fe1c7,bill,New York,S 10425,Relates to disclosure of the use of artificial intelligence by law enforcement agencies,not passed,REFERRED TO CODES,2026-05-15,https://nyassembly.gov/leg/?bn=S10425&term=2025,,,,https://openstates.org/ny/bills/2025-2026/S10425/
os-83ebb71e-7a83-49e8-be5e-10b3e000b4f0,bill,New York,S 10373,Relates to third party verification of compliance with transparency and safety requirements for developers of artificial intelligence models,not passed,REFERRED TO INTERNET AND TECHNOLOGY,2026-05-15,https://nyassembly.gov/leg/?bn=S10373&term=2025,,,,https://openstates.org/ny/bills/2025-2026/S10373/
os-e91fdd8a-7223-4dd5-9028-8eb5927217b8,bill,New York,S 10487,"Enacts the ""data center water stewardship and reuse act""",not passed,REFERRED TO ENVIRONMENTAL CONSERVATION,2026-05-15,https://nyassembly.gov/leg/?bn=S10487&term=2025,power-bills,,,https://openstates.org/ny/bills/2025-2026/S10487/
os-d73295c2-887f-4676-b802-2e1d9432e649,bill,New York,S 10413,Relates to the operation of autonomous taxicabs in a city having a population of one million or more,not passed,REFERRED TO TRANSPORTATION,2026-05-15,https://nyassembly.gov/leg/?bn=S10413&term=2025,,new-agency-powers,,https://openstates.org/ny/bills/2025-2026/S10413/
os-b9086856-b880-4e26-beb1-7fdf764dc6ab,bill,New York,S 10473,Relates to fully autonomous vehicles,not passed,REFERRED TO TRANSPORTATION,2026-05-15,https://nyassembly.gov/leg/?bn=S10473&term=2025,,,,https://openstates.org/ny/bills/2025-2026/S10473/
os-57193a20-8d9d-4626-9c22-1d3f11a07c31,bill,New Jersey,S 4239,Establishes Office of Algorithmic Civil Rights in DLPS to prevent discrimination in use of algorithms.,not passed,"Introduced in the Senate, Referred to Senate Law and Public Safety Committee",2026-05-14,https://www.njleg.state.nj.us/bill-search/2026/S4239,bias,new-agency-powers,,https://openstates.org/nj/bills/222/S4239/
os-0647b5a3-df22-4974-b066-78c9e902aab2,bill,New Jersey,S 4279,Provides disparate impact based on automated decision system as cause of action for certain consumers.,not passed,"Introduced in the Senate, Referred to Senate Commerce Committee",2026-05-14,https://www.njleg.state.nj.us/bill-search/2026/S4279,bias,,,https://openstates.org/nj/bills/222/S4279/
os-a56b65b5-3fa8-4141-8d35-ec2d8a9fff30,bill,Michigan,HB 5982,Public utilities: other; contracts to service data centers; require to be treated as a contested case. Amends 1939 PA 3 (MCL 460.1 - 460.11) by adding sec. 6bb.,not passed,bill electronically reproduced 05/14/2026,2026-05-14,https://legislature.mi.gov/Bills/Bill?ObjectName=2026-HB-5982,,,,https://openstates.org/mi/bills/2025-2026/HB5982/
os-5f9d9eca-973a-41c7-ab29-6834939d7f9a,bill,New York,S 10349,Prohibits the department of corrections and community supervision from using artificial intelligence in parole determinations,not passed,"REFERRED TO CRIME VICTIMS, CRIME AND CORRECTION",2026-05-14,https://nyassembly.gov/leg/?bn=S10349&term=2025,,,,https://openstates.org/ny/bills/2025-2026/S10349/
os-9d705f23-3e0d-4f07-b393-e93bf9ac89f1,bill,New Jersey,A 5088,"""AI Likeness Protection Act""; concerns distributing realistic representation of individual's image, likeness, or voice created using generative artificial intelligence.",not passed,"Introduced, Referred to Assembly Science, Innovation and Technology Committee",2026-05-14,https://www.njleg.state.nj.us/bill-search/2026/A5088,deepfakes,use-restrictions,,https://openstates.org/nj/bills/222/A5088/
us-119-hr-8819,bill,Congress,H.R. 8819,Federal Artificial Intelligence Risk Management Act of 2026,not passed,"Referred to the House Committee on Science, Space, and Technology.",2026-05-14,https://www.congress.gov/bill/119th-congress/house-bill/8819,,,,https://www.congress.gov/bill/119th-congress/house-bill/8819
os-ffdafc6e-ccf0-4693-a3f5-c2ed80113346,bill,New Jersey,A 5090,"""GAI Accountability Act;"" imposes civil penalties on generative artificial intelligence platforms engaging in harmful activity, including exploitation of children.",not passed,"Introduced, Referred to Assembly Science, Innovation and Technology Committee",2026-05-14,https://www.njleg.state.nj.us/bill-search/2026/A5090,,use-restrictions,,https://openstates.org/nj/bills/222/A5090/
us-119-hr-8800,bill,Congress,H.R. 8800,National Defense Authorization Act for Fiscal Year 2027,not passed,Received in the Senate.,2026-05-13,https://www.congress.gov/bill/119th-congress/house-bill/8800,,,,https://www.congress.gov/bill/119th-congress/house-bill/8800
os-a957653f-9529-4cf6-8274-93ce8770dbc6,bill,Pennsylvania,HB 2515,"An Act providing for commercial data center transparency regarding energy use, water use and noise pollution; imposing duties on the Department of Environmental Protection, the Department of Transportation and the Office of Attorney General; and imposing civil penalties.",not passed,Referred to Energy,2026-05-13,https://www.palegis.us/legislation/bills/2025/hb2515,power-bills,mandatory-reporting; new-agency-powers,Pennsylvania Attorney General; Pennsylvania Department of Environmental Protection,https://openstates.org/pa/bills/2025-2026/HB2515/
os-5c82a2d3-f95d-46fd-9e67-e089eb1c3c1a,bill,Illinois,SB 4203,DCEO-DATA CENTERS,not passed,Added as Co-Sponsor Sen. Erica Harriss,2026-05-13,https://ilga.gov/Legislation/BillStatus?DocNum=4203&GAID=18&DocTypeID=SB&LegId=168522&SessionID=114,,,,https://openstates.org/il/bills/104th/SB4203/
os-35a212b5-2ea3-42b5-bc82-8e94eacf6d6d,bill,Pennsylvania,HB 2516,"An Act amending the act of July 31, 1968 (P.L.805, No.247), known as the Pennsylvania Municipalities Planning Code, in general provisions, further providing for definitions; in comprehensive plan, providing for comprehensive plan element for commercial data centers; and, in zoning, providing for zoning, commercial data centers and agricultural land protections and for zoning, commercial data centers, approval procedure and minimum standards.",not passed,Referred to Local Government,2026-05-13,https://www.palegis.us/legislation/bills/2025/hb2516,,data-center-limits,,https://openstates.org/pa/bills/2025-2026/HB2516/
us-119-hr-8747,bill,Congress,H.R. 8747,K–12 AI Literacy and Readiness Act of 2026,not passed,Ordered to be Reported (Amended) by the Yeas and Nays: 18 - 15.,2026-05-12,https://www.congress.gov/bill/119th-congress/house-bill/8747,,,,https://www.congress.gov/bill/119th-congress/house-bill/8747
us-119-hr-8730,bill,Congress,H.R. 8730,Connected Vehicle Security Act of 2026,not passed,"Referred to the Committee on Energy and Commerce, and in addition to the Committees on Ways and Means, and Foreign Affairs, for a period to be subsequently determined by the Speaker, in each case for consideration of such provisions as fall within the jurisdiction of the committee concerned.",2026-05-11,https://www.congress.gov/bill/119th-congress/house-bill/8730,,,,https://www.congress.gov/bill/119th-congress/house-bill/8730
os-cb128525-dd1b-4640-8d87-f2bb2c343981,bill,Delaware,SB 312,"AN ACT TO AMEND TITLE 9, TITLE 22, AND TITLE 29 OF THE DELAWARE CODE RELATING TO DATA CENTERS.",passed,Signed by Governor,2026-05-11,https://legis.delaware.gov/BillDetail?LegislationId=143259,,,,https://openstates.org/de/bills/153/SB312/
os-dd5be5e6-ad23-4c58-b592-d6fbe44feb67,bill,New York,A 11320,Prohibits the department of corrections and community supervision from using artificial intelligence in parole determinations,not passed,REFERRED TO CORRECTION,2026-05-11,https://nyassembly.gov/leg/?bn=A11320&term=2025,,,,https://openstates.org/ny/bills/2025-2026/A11320/
os-e74c1de5-56d4-4235-a9c6-d9ea1cc283f9,bill,New York,S 10290,Relates to restricting the use of electronic monitoring and automated employment decision tools,not passed,REFERRED TO LABOR,2026-05-11,https://nyassembly.gov/leg/?bn=S10290&term=2025,bias,labeling-mandates; use-restrictions,,https://openstates.org/ny/bills/2025-2026/S10290/
os-84424aa3-a880-4d19-99fc-12b320759ba6,bill,Pennsylvania,HB 2496,"An Act amending the act of July 31, 1968 (P.L.805, No.247), known as the Pennsylvania Municipalities Planning Code, in general provisions, providing for pause on data center proposals.",not passed,Re-referred to Rules & Executive Nominations,2026-05-08,https://www.palegis.us/legislation/bills/2025/hb2496,,data-center-limits,,https://openstates.org/pa/bills/2025-2026/HB2496/
os-f84ff790-31db-49d2-b663-4ba6249bca7f,bill,New York,S 10241,Relates to the use of artificial intelligence for utilization review,not passed,REFERRED TO INSURANCE,2026-05-08,https://nyassembly.gov/leg/?bn=S10241&term=2025,ai-care-decisions,labeling-mandates,,https://openstates.org/ny/bills/2025-2026/S10241/
os-9d25d14d-a1d6-439b-899a-6a1745431238,bill,New Jersey,A 4945,"Requires BPU to conduct study on environmental, infrastructural, and financial impacts of data center development in State.",not passed,"Introduced, Referred to Assembly Telecommunications and Utilities Committee",2026-05-07,https://www.njleg.state.nj.us/bill-search/2026/A4945,power-bills,,,https://openstates.org/nj/bills/222/A4945/
us-119-hr-8671,bill,Congress,H.R. 8671,Bank Fraud Technology Advancement Act of 2026,not passed,"Placed on the Union Calendar, Calendar No. 612.",2026-05-07,https://www.congress.gov/bill/119th-congress/house-bill/8671,,,,https://www.congress.gov/bill/119th-congress/house-bill/8671
os-a03e0d10-1523-48c8-ab67-b8039d3b9b0b,bill,Minnesota,HF 5125,"Data centers sales and use tax exemption repealed, and contingent reduction in special education aid appropriations repealed.",not passed,Author added Pursell,2026-05-07,https://www.revisor.mn.gov/bills/94/2026/0/HF/5125?body=House,,,,https://openstates.org/mn/bills/2025-2026/HF5125/
os-52cceb14-1350-4a6b-b72a-bb505a2abd75,bill,New Jersey,A 4981,Regulates use of artificial intelligence-based systems for electronic monitoring regarding employment and public services.,not passed,"Introduced, Referred to Assembly Science, Innovation and Technology Committee",2026-05-07,https://www.njleg.state.nj.us/bill-search/2026/A4981,,,,https://openstates.org/nj/bills/222/A4981/
os-62202a8e-ba9a-47ac-bf5b-f2a54a9b24c8,resolution,Louisiana,HR 249,STUDENT/STANDARDS: Requests the State Board of Elementary and Secondary Education to incorporate artificial intelligence into content standards,adopted,Taken by the Clerk of the House and presented to the Secretary of State in accordance with the Rules of the House.,2026-05-06,https://www.legis.la.gov/Legis/BillInfo.aspx?i=251913,,,,https://openstates.org/la/bills/2026/HR249/
os-e04f8c7a-7f1a-407d-8c8f-07d51e523f54,bill,New Jersey,S 4088,Prohibits advertising generative artificial intelligence as able to practice regulated profession or occupation.,not passed,"Introduced in the Senate, Referred to Senate Commerce Committee",2026-05-04,https://www.njleg.state.nj.us/bill-search/2026/S4088,,use-restrictions,,https://openstates.org/nj/bills/222/S4088/
os-398d9300-dc31-48cc-841e-d713bb0e1940,bill,New Jersey,S 4075,Regulates use of artificial intelligence-based systems for electronic monitoring regarding employment and public services.,not passed,"Introduced in the Senate, Referred to Senate Labor Committee",2026-05-04,https://www.njleg.state.nj.us/bill-search/2026/S4075,surveillance,,,https://openstates.org/nj/bills/222/S4075/
us-119-hr-8664,bill,Congress,H.R. 8664,SBA AI Adoption Reporting Act of 2026,not passed,Referred to the House Committee on Small Business.,2026-05-04,https://www.congress.gov/bill/119th-congress/house-bill/8664,,,,https://www.congress.gov/bill/119th-congress/house-bill/8664
os-65391c72-29c2-4212-8a5a-ef64d0c29d7a,bill,New York,A 11175,Relates to notification requirements of public employers regarding intentions to acquire or deploy any new application or technology that utilizes artificial intelligence,not passed,REFERRED TO GOVERNMENTAL EMPLOYEES,2026-05-01,https://nyassembly.gov/leg/?bn=A11175&term=2025,,,,https://openstates.org/ny/bills/2025-2026/A11175/
os-cfbf92a8-134d-46ff-93d3-b03db2c69211,bill,Colorado,SB 189,Automated Decision-Making Technology,passed,Governor Signed,2026-05-01,https://leg.colorado.gov/bills/SB26-189,bias,labeling-mandates; new-agency-powers; use-restrictions,,https://openstates.org/co/bills/2026A/SB189/
os-4daa88aa-b5a8-4b48-817c-23e98aefb374,bill,North Carolina,HB 1180,Data Center Amendments.,not passed,Passed 1st Reading,2026-04-30,https://www.ncleg.gov/BillLookUp/2025/H1180,,,,https://openstates.org/nc/bills/2025/HB1180/
os-8a433e60-b55f-42ff-ae1f-f9cd3fe74600,bill,New York,S 10147,Relates to restricting the use of electronic monitoring and automated employment decision tools,not passed,REFERRED TO LABOR,2026-04-30,https://nyassembly.gov/leg/?bn=S10147&term=2025,bias,labeling-mandates; use-restrictions,,https://openstates.org/ny/bills/2025-2026/S10147/
os-10245ab7-24a9-4858-a005-e6b78ac4744b,bill,North Carolina,SB 1026,Power Bill Protection/Large Load Tariff.,withdrawn,Withdrawn From Com,2026-04-30,https://www.ncleg.gov/BillLookUp/2025/S1026,,,,https://openstates.org/nc/bills/2025/SB1026/
os-e2436d4b-05d1-40fd-abb5-0933426c8dee,bill,North Carolina,HB 1161,Omnibus Artificial Intelligence Protections.,not passed,Passed 1st Reading,2026-04-30,https://www.ncleg.gov/BillLookUp/2025/H1161,,,,https://openstates.org/nc/bills/2025/HB1161/
os-b7966cc4-95ec-4fb1-be68-ff07218db986,bill,New York,S 10133,Prohibits the use of most artificial intelligence in classrooms prior to high school,not passed,REFERRED TO EDUCATION,2026-04-30,https://nyassembly.gov/leg/?bn=S10133&term=2025,,,,https://openstates.org/ny/bills/2025-2026/S10133/
os-c8cdd19e-83c0-46ef-a2ba-70c64f3ca84a,bill,North Carolina,SB 981,AI in Ed Task Force and Standards.,withdrawn,Withdrawn From Com,2026-04-30,https://www.ncleg.gov/BillLookUp/2025/S981,,,,https://openstates.org/nc/bills/2025/SB981/
os-e47da6b4-9fd2-4d2b-b849-12c4180236f8,bill,North Carolina,SB 963,"AI Chatbots-Licensing, Safety, and Privacy.",not passed,Passed 1st Reading,2026-04-30,https://www.ncleg.gov/BillLookUp/2025/S963,,,,https://openstates.org/nc/bills/2025/SB963/
os-d199916a-56b1-4565-afb7-97ce30b685b7,bill,North Carolina,SB 988,Protecting Workers in the Age of AI Act.,withdrawn,Withdrawn From Com,2026-04-30,https://www.ncleg.gov/BillLookUp/2025/S988,,,,https://openstates.org/nc/bills/2025/SB988/
os-0fb7f1d2-5b50-489e-bf1a-09ebe31b5171,bill,North Carolina,SB 1046,A.I. in Environmental Permitting.,not passed,Passed 1st Reading,2026-04-30,https://www.ncleg.gov/BillLookUp/2025/S1046,,,,https://openstates.org/nc/bills/2025/SB1046/
os-785624c8-7abe-4e7a-8faa-756bd8b6ea9d,bill,Illinois,HB 5761,$DCEO-AI WORKFORCE TRANSITION,not passed,Referred to Rules Committee,2026-04-30,https://ilga.gov/Legislation/BillStatus?DocNum=5761&GAID=18&DocTypeID=HB&LegId=168390&SessionID=114,,,,https://openstates.org/il/bills/104th/HB5761/
us-119-s-4456,bill,Congress,S. 4456,AI OVERWATCH Act,not passed,"Read twice and referred to the Committee on Banking, Housing, and Urban Affairs.",2026-04-30,https://www.congress.gov/bill/119th-congress/senate-bill/4456,,,,https://www.congress.gov/bill/119th-congress/senate-bill/4456
os-80426362-0918-4021-8cbd-53e23bb788ec,bill,Illinois,HB 5760,AI WORK TRANSITION COMMISSION,not passed,Referred to Rules Committee,2026-04-30,https://ilga.gov/Legislation/BillStatus?DocNum=5760&GAID=18&DocTypeID=HB&LegId=168389&SessionID=114,,,,https://openstates.org/il/bills/104th/HB5760/
us-119-s-4441,bill,Congress,S. 4441,CREATE AI Act,not passed,"Read twice and referred to the Committee on Commerce, Science, and Transportation.",2026-04-29,https://www.congress.gov/bill/119th-congress/senate-bill/4441,,,,https://www.congress.gov/bill/119th-congress/senate-bill/4441
us-119-s-4429,bill,Congress,S. 4429,Connected Vehicle Security Act of 2026,not passed,Placed on Senate Legislative Calendar under General Orders. Calendar No. 671.,2026-04-29,https://www.congress.gov/bill/119th-congress/senate-bill/4429,,,,https://www.congress.gov/bill/119th-congress/senate-bill/4429
us-119-s-4414,bill,Congress,S. 4414,LIFT AI Act,not passed,"Read twice and referred to the Committee on Commerce, Science, and Transportation.",2026-04-28,https://www.congress.gov/bill/119th-congress/senate-bill/4414,,,,https://www.congress.gov/bill/119th-congress/senate-bill/4414
os-91564ecc-84ac-452e-adcb-4a703dfc3b4e,bill,North Carolina,SB 864,Safe and Responsible AI in Schools Act.,not passed,Passed 1st Reading,2026-04-28,https://www.ncleg.gov/BillLookUp/2025/S864,,,,https://openstates.org/nc/bills/2025/SB864/
us-119-s-4407,bill,Congress,S. 4407,CHATBOT Act,not passed,"Committee on Commerce, Science, and Transportation. Ordered to be reported with an amendment in the nature of a substitute favorably.",2026-04-28,https://www.congress.gov/bill/119th-congress/senate-bill/4407,,,,https://www.congress.gov/bill/119th-congress/senate-bill/4407
os-8458241b-f544-4185-840a-684683b675ca,bill,Illinois,HB 5755,MUNI CD-DATA CENTER REFERENDUM,not passed,Referred to Rules Committee,2026-04-27,https://ilga.gov/Legislation/BillStatus?DocNum=5755&GAID=18&DocTypeID=HB&LegId=168353&SessionID=114,,,,https://openstates.org/il/bills/104th/HB5755/
os-c58043ef-a09e-41a3-8166-45b7f5b669c2,bill,Minnesota,SF 5231,Data centers tax exemption repeal; contingent reduction in special education aid appropriation repeal,not passed,Author added Boldon,2026-04-27,https://www.revisor.mn.gov/bills/94/2026/0/SF/5231?body=Senate,,,,https://openstates.org/mn/bills/2025-2026/SF5231/
us-119-hr-8516,bill,Congress,H.R. 8516,American Leadership in AI Act,not passed,"Referred to the Committee on Science, Space, and Technology, and in addition to the Committees on Energy and Commerce, Agriculture, Oversight and Government Reform, Education and Workforce, the Judiciary, and Ways and Means, for a period to be subsequently determined by the Speaker, in each case for consideration of such provisions as fall within the jurisdiction of the committee concerned.",2026-04-27,https://www.congress.gov/bill/119th-congress/house-bill/8516,,,,https://www.congress.gov/bill/119th-congress/house-bill/8516
os-462f90d3-51ec-44cd-8cd9-970875b175cc,bill,Illinois,HB 5756,ALGORITHMIC PRICING DISCLOSURE,not passed,Added Chief Co-Sponsor Rep. Kam Buckner,2026-04-27,https://ilga.gov/Legislation/BillStatus?DocNum=5756&GAID=18&DocTypeID=HB&LegId=168356&SessionID=114,,,,https://openstates.org/il/bills/104th/HB5756/
us-119-hr-8526,bill,Congress,H.R. 8526,"To amend the Public Health Service Act to update quality standards for mammography facilities for the use of AI systems, and for other purposes.",not passed,Referred to the House Committee on Energy and Commerce.,2026-04-27,https://www.congress.gov/bill/119th-congress/house-bill/8526,,,,https://www.congress.gov/bill/119th-congress/house-bill/8526
us-119-s-4402,bill,Congress,S. 4402,"A bill to require a report on the use of artificial intelligence with respect to access to unminimized information collected pursuant to the Foreign Intelligence Surveillance Act of 1978, and for other purposes.",not passed,Read twice and referred to the Committee on the Judiciary.,2026-04-27,https://www.congress.gov/bill/119th-congress/senate-bill/4402,,,,https://www.congress.gov/bill/119th-congress/senate-bill/4402
os-cf5a6832-6ffd-4f61-8aed-2ec95ee0bad9,bill,Florida,SB 2D,Artificial Intelligence Bill of Rights,did not pass,Died in Information Technology Budget & Policy Subcommittee,2026-04-24,https://flsenate.gov/Session/Bill/2026D/2D/ByCategory,kids-chatbots,labeling-mandates,,https://openstates.org/fl/bills/2026D/SB2D/
os-0f78c6fb-51ea-45e7-b78f-ae852d6d0d67,bill,Florida,SB 4D,Public Records/Investigations by the Department of Legal Affairs,did not pass,Died in Information Technology Budget & Policy Subcommittee,2026-04-24,https://flsenate.gov/Session/Bill/2026D/4D/ByCategory,kids-chatbots,,,https://openstates.org/fl/bills/2026D/SB4D/
os-b6e00346-2b0c-4ffb-addf-40d630837a1a,bill,New York,A 11048,Relates to the use of artificial intelligence for utilization review,not passed,REFERRED TO INSURANCE,2026-04-24,https://nyassembly.gov/leg/?bn=A11048&term=2025,ai-care-decisions,labeling-mandates,,https://openstates.org/ny/bills/2025-2026/A11048/
os-1b502a24-5f23-4f40-8828-6990a5a73cae,bill,New York,A 11144,Relates to a prohibition on chatbot toys,not passed,SUBSTITUTED BY S9408A,2026-04-24,https://nyassembly.gov/leg/?bn=A11144&term=2025,kids-chatbots,use-restrictions,,https://openstates.org/ny/bills/2025-2026/A11144/
os-04d49887-d6ee-48a1-b0ac-b10e04a54dd6,bill,Pennsylvania,SB 1297,"An Act amending the act of March 4, 1971 (P.L.6, No.2), known as the Tax Reform Code of 1971, in Computer Data Center Equipment Incentive Program, further providing for application for certification and for separation of facilities, providing for additional eligibility requirements, further providing for notification, for revocation of certification, for application for certification and for separation of facilities, providing for additional eligibility requirements and further providing for notification and records and for revocation of certification.",not passed,Referred to Finance,2026-04-23,https://www.palegis.us/legislation/bills/2025/sb1297,,,,https://openstates.org/pa/bills/2025-2026/SB1297/
os-65542516-8262-4f77-b154-337dc97d41e6,bill,New York,S 10025,Relates to notification requirements of public employers regarding intentions to acquire or deploy any new application or technology that utilizes artificial intelligence,not passed,REPORTED AND COMMITTED TO INTERNET AND TECHNOLOGY,2026-04-23,https://nyassembly.gov/leg/?bn=S10025&term=2025,,,,https://openstates.org/ny/bills/2025-2026/S10025/
os-e6cf08ae-39a8-4f8a-8f3f-a0709cf81eed,bill,Michigan,HB 5881,Local government: other; Michigan zoning enabling act; make subject to the data center planning and responsibility act. Amends sec. 205 of 2006 PA 110 (MCL 125.3205).   TIE BAR WITH: HB 5882'26,not passed,bill electronically reproduced 04/23/2026,2026-04-23,https://legislature.mi.gov/Bills/Bill?ObjectName=2026-HB-5881,,data-center-limits,,https://openstates.org/mi/bills/2025-2026/HB5881/
os-552bc24a-9ee0-4318-be5c-42370581d11b,bill,Michigan,HB 5882,Local government: other; requirements for a moratorium imposed by a local unit of government on large-scale data centers or cryptocurrency mining facilities; provide for. Creates new act.   TIE BAR WITH: HB 5881'26,not passed,bill electronically reproduced 04/23/2026,2026-04-23,https://legislature.mi.gov/Bills/Bill?ObjectName=2026-HB-5882,,,,https://openstates.org/mi/bills/2025-2026/HB5882/
os-56c09c81-aefa-44f1-b925-4e58281556c3,bill,Michigan,HB 5899,State management: other; artificial intelligence pilot program; establish for state departments and agencies. Creates new act.,not passed,recommendation concurred in,2026-04-23,https://legislature.mi.gov/Bills/Bill?ObjectName=2026-HB-5899,,,,https://openstates.org/mi/bills/2025-2026/HB5899/
us-119-hr-8479,bill,Congress,H.R. 8479,Protecting Consumers from Deceptive AI Act,not passed,"Referred to the Committee on Energy and Commerce, and in addition to the Committee on Science, Space, and Technology, for a period to be subsequently determined by the Speaker, in each case for consideration of such provisions as fall within the jurisdiction of the committee concerned.",2026-04-23,https://www.congress.gov/bill/119th-congress/house-bill/8479,,,,https://www.congress.gov/bill/119th-congress/house-bill/8479
us-119-hr-8488,bill,Congress,H.R. 8488,AI Data Center Site Selection Transparency Act of 2026,not passed,Referred to the House Committee on Energy and Commerce.,2026-04-23,https://www.congress.gov/bill/119th-congress/house-bill/8488,,,,https://www.congress.gov/bill/119th-congress/house-bill/8488
os-5ee61922-32b3-4846-a861-c25d1e091efb,bill,Michigan,HB 5849,Businesses: other; cyber-physical security and operational technology protections for data centers; provide for. Creates new act.,not passed,bill electronically reproduced 04/22/2026,2026-04-22,https://legislature.mi.gov/Bills/Bill?ObjectName=2026-HB-5849,,,,https://openstates.org/mi/bills/2025-2026/HB5849/
os-96aeae4f-bd97-4ffa-b07e-b23e68f59da9,bill,Michigan,HB 5846,Land use: zoning and growth management; zoning overlay districts for data centers; provide for. Creates new act.,not passed,bill electronically reproduced 04/22/2026,2026-04-22,https://legislature.mi.gov/Bills/Bill?ObjectName=2026-HB-5846,,data-center-limits,,https://openstates.org/mi/bills/2025-2026/HB5846/
os-f8238439-9d7d-43d4-8f18-0b92cf15b7c2,bill,Minnesota,HF 5051,Disclosures when selling or distributing programs with artificial intelligence required.,not passed,Author added Hollins,2026-04-22,https://www.revisor.mn.gov/bills/94/2026/0/HF/5051?body=House,,labeling-mandates,,https://openstates.org/mn/bills/2025-2026/HF5051/
os-d6e6d720-1d54-4126-a66d-d7a8ea8bcb8c,bill,North Carolina,SB 787,AI Ethics and Literacy Across Education.,withdrawn,Withdrawn From Com,2026-04-21,https://www.ncleg.gov/BillLookUp/2025/S787,,,,https://openstates.org/nc/bills/2025/SB787/
os-43decf54-c06b-4e7c-a8c3-6545f5e2fcf2,bill,Ohio,HB 828,Regards use of automated employment decision tools,not passed,Referred to committee,2026-04-21,https://www.legislature.ohio.gov/legislation/136/hb828,,,,https://openstates.org/oh/bills/136/HB828/
us-119-hr-8382,bill,Congress,H.R. 8382,"To prohibit the manufacture and conveyance of certain products for children that incorporate an artificial intelligence chatbot, and for other purposes.",not passed,Sponsor introductory remarks on measure. (CR H3000-3001),2026-04-20,https://www.congress.gov/bill/119th-congress/house-bill/8382,kids-chatbots,use-restrictions,,https://www.congress.gov/bill/119th-congress/house-bill/8382
os-0209ca1f-d68d-4fec-a659-789de83c76ec,bill,Minnesota,HF 4990,"Criteria for preapplication evaluations of water appropriations for certain data centers modified, data centers' electricity sales exempted in calculating a utility's solar energy standard, other data center exemptions provided, and data center energy generation redundancy provided.",not passed,"Introduction and first reading, referred to Environment and Natural Resources Finance and Policy",2026-04-16,https://www.revisor.mn.gov/bills/94/2026/0/HF/4990?body=House,,,,https://openstates.org/mn/bills/2025-2026/HF4990/
os-721ebc21-bdfa-4994-a84d-a04a1b2c1d5f,bill,Minnesota,HF 4979,"Delivery of professional services through artificial intelligence directly to consumers precluded, and enforcement and penalties provided.",not passed,"Introduction and first reading, referred to Commerce Finance and Policy",2026-04-16,https://www.revisor.mn.gov/bills/94/2026/0/HF/4979?body=House,,use-restrictions,,https://openstates.org/mn/bills/2025-2026/HF4979/
us-119-hr-8283,bill,Congress,H.R. 8283,Deterring American AI Model Theft Act of 2026,not passed,Ordered to be Reported (Amended) by the Yeas and Nays: 43 - 0.,2026-04-15,https://www.congress.gov/bill/119th-congress/house-bill/8283,,,,https://www.congress.gov/bill/119th-congress/house-bill/8283
os-761c9854-2d89-4da0-b02b-3ff75170eabc,bill,Michigan,HB 5787,"Sales tax: exemptions; compliance with enterprise data center construction labor act; require. Amends sec. 4ee of 1933 PA 167 (MCL 205.54ee).   TIE BAR WITH: HB 5785'26,  HB 5786'26",not passed,bill electronically reproduced 04/14/2026,2026-04-14,https://legislature.mi.gov/Bills/Bill?ObjectName=2026-HB-5787,,,,https://openstates.org/mi/bills/2025-2026/HB5787/
os-7473b96f-7009-49c2-8b4b-bfc323abb970,bill,Michigan,HB 5791,Use tax: other; requirements for enterprise data centers; modify. Amends sec. 4cc of 1937 PA 94 (MCL 205.94cc).,not passed,bill electronically reproduced 04/14/2026,2026-04-14,https://legislature.mi.gov/Bills/Bill?ObjectName=2026-HB-5791,,,,https://openstates.org/mi/bills/2025-2026/HB5791/
os-9810f43a-8e23-4a48-9aac-1124223ff48a,bill,Michigan,HB 5776,Property tax: exemptions; exemption of certain facilities of a public university; prohibit if used solely to operate a data center. Amends sec. 7n of 1893 PA 206 (MCL 211.7n).,not passed,bill electronically reproduced 04/14/2026,2026-04-14,https://legislature.mi.gov/Bills/Bill?ObjectName=2026-HB-5776,,,,https://openstates.org/mi/bills/2025-2026/HB5776/
os-f2d3e90c-724c-4a45-8d17-953d72bb5a1c,bill,Michigan,HB 5790,Local government: financing; requirements for enterprise data centers; modify. Amends sec. 4ee of 1933 PA 167 (MCL 205.54ee).,not passed,bill electronically reproduced 04/14/2026,2026-04-14,https://legislature.mi.gov/Bills/Bill?ObjectName=2026-HB-5790,,,,https://openstates.org/mi/bills/2025-2026/HB5790/
os-03357635-7a0c-4511-b699-3eddcf047cbe,bill,Michigan,HB 5785,"Use tax: exemptions; compliance with enterprise data center construction labor act; require. Amends sec. 4cc of 1937 PA 94 (MCL 205.94cc).   TIE BAR WITH: HB 5786'26,  HB 5787'26",not passed,bill electronically reproduced 04/14/2026,2026-04-14,https://legislature.mi.gov/Bills/Bill?ObjectName=2026-HB-5785,,,,https://openstates.org/mi/bills/2025-2026/HB5785/
os-1e722576-9714-4948-9982-dde2f13ce2f3,resolution,South Carolina,H 5526,Data Center Moratorium,not passed,Referred to Committee on Ways and Means,2026-04-14,https://www.scstatehouse.gov/billsearch.php?billnumbers=5526&session=126&summary=B,,data-center-limits,,https://openstates.org/sc/bills/2025-2026/H5526/
os-ab915ac2-8813-4a8c-b5c2-cc42b7abf0f2,bill,Michigan,HB 5786,"Labor: employment preference; prioritization of local union labor; require for the construction of enterprise data centers. Creates new act.   TIE BAR WITH: HB 5785'26,  HB 5787'26",not passed,bill electronically reproduced 04/14/2026,2026-04-14,https://legislature.mi.gov/Bills/Bill?ObjectName=2026-HB-5786,,,,https://openstates.org/mi/bills/2025-2026/HB5786/
os-37d0886d-b72a-44e6-8c7b-8282c45c77aa,bill,Michigan,HB 5777,Businesses: other; large-scale data center life cycle financial responsibility act; create. Creates new act.,not passed,bill electronically reproduced 04/14/2026,2026-04-14,https://legislature.mi.gov/Bills/Bill?ObjectName=2026-HB-5777,,,,https://openstates.org/mi/bills/2025-2026/HB5777/
os-fd0563a1-fa71-4cfc-a1f4-90b69f8b1f35,bill,Minnesota,SF 5100,Data centers provisions modifications,not passed,"Referred to Energy, Utilities, Environment, and Climate",2026-04-13,https://www.revisor.mn.gov/bills/94/2026/0/SF/5100?body=Senate,,,,https://openstates.org/mn/bills/2025-2026/SF5100/
fr-2026-07087,rule,Education Department,Final rule,Final Priority and Definitions-Secretary's Supplemental Priority and Definitions on Advancing Artificial Intelligence in Education,final,Final priority and definitions.,2026-04-13,https://www.federalregister.gov/documents/2026/04/13/2026-07087/final-priority-and-definitions-secretarys-supplemental-priority-and-definitions-on-advancing,,,,https://www.federalregister.gov/documents/2026/04/13/2026-07087/final-priority-and-definitions-secretarys-supplemental-priority-and-definitions-on-advancing
os-ed2bd9d3-f624-4893-a27e-0bb2afc71eab,bill,Ohio,HB 813,"Regards AI-generated products, AI-systems acting as humans",not passed,Referred to committee,2026-04-13,https://www.legislature.ohio.gov/legislation/136/hb813,,labeling-mandates,,https://openstates.org/oh/bills/136/HB813/
os-4cab57ff-0ab0-4432-bb6e-2a60bad77a13,bill,Minnesota,HF 4888,"New data center moratorium established, and Public Utility Commission required to submit a report.",not passed,Author added Fischer,2026-04-09,https://www.revisor.mn.gov/bills/94/2026/0/HF/4888?body=House,,data-center-limits,,https://openstates.org/mn/bills/2025-2026/HF4888/
os-373a6ecc-898b-4920-9dd8-f17cdf1c1fdb,resolution,Arkansas,HR 1011,TO AUTHORIZE THE INTRODUCTION OF A NONAPPROPRIATION BILL TO AMEND THE ARKANSAS DATA CENTERS ACT OF 2023 AND TO AMEND THE UNIFORM MONEY SERVICES ACT.,did not pass,Died in House Committee at Sine Die adjournment.,2026-04-08,https://www.arkleg.state.ar.us/assembly/2025/2026F/Pages/BillInformation.aspx?measureno=HR1011,,,,https://openstates.org/ar/bills/2026F/HR1011/
os-48ae01bd-49c7-4aa7-83b9-4ef648384690,bill,New York,A 10852,Enacts the stop subsidizing data centers act,not passed,PRINT NUMBER 10852B,2026-04-08,https://nyassembly.gov/leg/?bn=A10852&term=2025,power-bills,data-center-limits; new-agency-powers,New York Department of Environmental Conservation,https://openstates.org/ny/bills/2025-2026/A10852/
os-39a83750-4a14-499e-9c0a-d96f8f7955e7,bill,New York,A 10909,"Enacts the ""Shirley Myers White Right To Reconciliation and Digital Identity Repair Act""",not passed,REFERRED TO GOVERNMENTAL OPERATIONS,2026-04-08,https://nyassembly.gov/leg/?bn=A10909&term=2025,,,,https://openstates.org/ny/bills/2025-2026/A10909/
os-44e35dec-96d8-45e0-9cb2-2526819ce408,bill,New York,S 9819,Directs the department of labor to conduct a study on the effects of artificial intelligence on job losses in the state,not passed,REFERRED TO LABOR,2026-04-07,https://nyassembly.gov/leg/?bn=S09819&term=2025,job-loss,,,https://openstates.org/ny/bills/2025-2026/S9819/
os-c6ea0273-0fda-4050-8926-281a4ef817ee,bill,Minnesota,SF 4997,Artificial intelligence chatbot technology requirements provision,not passed,Author added Kreun,2026-04-07,https://www.revisor.mn.gov/bills/94/2026/0/SF/4997?body=Senate,,,,https://openstates.org/mn/bills/2025-2026/SF4997/
os-dc5909b9-b356-4da8-9397-ebeb32398408,resolution,Arkansas,SR 10,TO AUTHORIZE THE INTRODUCTION OF A NONAPPROPRIATION BILL TO AMEND THE ARKANSAS DATA CENTERS ACT OF 2023 AND TO AMEND THE UNIFORM MONEY SERVICES ACT.,did not pass,Died in Senate at Sine Die adjournment.,2026-04-06,https://www.arkleg.state.ar.us/assembly/2025/2026F/Pages/BillInformation.aspx?measureno=SR10,,,,https://openstates.org/ar/bills/2026F/SR10/
os-4e2e32a5-ffd9-4609-b38c-a8b5d3a47582,bill,New York,S 9794,Relates to requiring disclosure of use of generative artificial intelligence in a civil action,not passed,COMMITTED TO RULES,2026-04-06,https://nyassembly.gov/leg/?bn=S09794&term=2025,,labeling-mandates,,https://openstates.org/ny/bills/2025-2026/S9794/
os-aaca4840-be3a-4c43-9f2b-9dbb9a8835be,bill,Pennsylvania,HB 2359,"An Act amending the act of March 4, 1971 (P.L.6, No.2), known as the Tax Reform Code of 1971, in computer data center equipment incentive program, further providing for definitions, for application for certification, for eligibility requirements relating to sales and use tax refund program, for notification, for eligibility requirements relating to sales and use tax exemption program and for notification and records.",not passed,Referred to Finance,2026-04-06,https://www.palegis.us/legislation/bills/2025/hb2359,,,,https://openstates.org/pa/bills/2025-2026/HB2359/
os-acaf0d13-536a-4064-a8e5-5bcefaad4c1a,bill,New York,S 9700,Prohibits the use of an algorithmic device by a landlord for the purpose of determining the amount of rent to charge a residential tenant,not passed,REFERRED TO JUDICIARY,2026-04-02,https://nyassembly.gov/leg/?bn=S09700&term=2025,algorithmic-pricing,use-restrictions,,https://openstates.org/ny/bills/2025-2026/S9700/
os-e0797771-8b0e-4fa2-8b92-7771f2942747,bill,South Carolina,H 5484,Energy Affordability Act,not passed,"Referred to Committee on Labor, Commerce and Industry",2026-04-01,https://www.scstatehouse.gov/billsearch.php?billnumbers=5484&session=126&summary=B,,mandatory-reporting,South Carolina Department of Environmental Services; South Carolina Public Service Commission,https://openstates.org/sc/bills/2025-2026/H5484/
fr-2026-06254,rule,"Transportation Department, National Highway Traffic Safety Administration",Proposed rule,Federal Motor Vehicle Safety Standards; Modernization of FMVSS No. 110 To Accommodate ADS-Equipped Vehicles,proposed,Notice of proposed rulemaking.,2026-04-01,https://www.federalregister.gov/documents/2026/04/01/2026-06254/federal-motor-vehicle-safety-standards-modernization-of-fmvss-no-110-to-accommodate-ads-equipped,,,,https://www.federalregister.gov/documents/2026/04/01/2026-06254/federal-motor-vehicle-safety-standards-modernization-of-fmvss-no-110-to-accommodate-ads-equipped
os-0ff2ba33-5831-4a90-b34d-df121d9935b9,bill,Louisiana,HB 1206,WATER/DRINKING WATER: Provides relative to permitting and reporting of water usage at data centers,not passed,"Read by title, under the rules, referred to the Committee on Natural Resources and Environment.",2026-03-31,https://www.legis.la.gov/Legis/BillInfo.aspx?i=251542,,data-center-limits; mandatory-reporting,,https://openstates.org/la/bills/2026/HB1206/
os-1c2178af-79c3-4361-8185-a838747d8f5c,bill,Pennsylvania,SB 724,An Act providing for regulation of large load customers and public utilities and for community benefits agreements between large load customers and community-based organizations; establishing the Data Center LIHEAP Enhancement Fund; and imposing duties on the Department of Human Services and the Pennsylvania Public Utility Commission.,not passed,Referred to Consumer Protection & Professional Licensure,2026-03-31,https://www.palegis.us/legislation/bills/2025/sb724,,new-agency-powers,Pennsylvania Public Utility Commission,https://openstates.org/pa/bills/2025-2026/SB724/
os-dbf70194-286a-492e-9f29-b3f51a5488d6,bill,South Carolina,H 5476,Protecting Children from Chatbots,not passed,Referred to Committee on Judiciary,2026-03-31,https://www.scstatehouse.gov/billsearch.php?billnumbers=5476&session=126&summary=B,kids-chatbots,id-age-checks; mandatory-reporting; use-restrictions,,https://openstates.org/sc/bills/2025-2026/H5476/
os-c8ec8dca-61d1-4be4-94a8-4121b263db3b,bill,Louisiana,HB 1149,CURRICULA: Requires each public school to incorporate instruction on artificial intelligence into an existing course of study for each student in grades six through twelve (OR NO IMPACT   See Note),not passed,"Read by title, under the rules, referred to the Committee on Education.",2026-03-31,https://www.legis.la.gov/Legis/BillInfo.aspx?i=251435,,,,https://openstates.org/la/bills/2026/HB1149/
os-16924680-11a2-4254-94c6-d9bf0cf246a0,bill,Louisiana,SB 474,INFORMATION TECHNOLOGY: Creates the Protecting Louisiana's Infrastructure from Artificial Intelligence Risk Act. (1/1/27),not passed,Senate floor amendments read and adopted.,2026-03-31,https://www.legis.la.gov/Legis/BillInfo.aspx?i=251408,,,,https://openstates.org/la/bills/2026/SB474/
os-6257da6b-4b52-4c2b-8710-4537de9f547c,bill,Louisiana,HB 1188,CONSUMERS/PROTECTION: Provides relative to protections for minors regarding use of chatbots,not passed,"Read by title, under the rules, referred to the Committee on Commerce.",2026-03-31,https://www.legis.la.gov/Legis/BillInfo.aspx?i=251513,kids-chatbots,,,https://openstates.org/la/bills/2026/HB1188/
os-cd599794-e812-41aa-8a64-c0e7538c5979,bill,Louisiana,HB 1184,PUBLIC CONTRACTS: Prohibits public contracts with entities owned or controlled by foreign adversaries for the provision of artificial intelligence technology (OR NO IMPACT   See Note),not passed,"Read by title, under the rules, referred to the Committee on Appropriations.",2026-03-31,https://www.legis.la.gov/Legis/BillInfo.aspx?i=251485,,,,https://openstates.org/la/bills/2026/HB1184/
os-f83538be-c9f3-494e-9cbe-30a8f9cd1faa,bill,New York,A 10715,Prohibits distribution or publishing any political communication that was produced by or includes materially deceptive media,not passed,ADVANCED TO THIRD READING CAL.432,2026-03-27,https://nyassembly.gov/leg/?bn=A10715&term=2025,,use-restrictions,,https://openstates.org/ny/bills/2025-2026/A10715/
us-119-hr-8094,bill,Congress,H.R. 8094,AI Foundation Model Transparency Act of 2026,not passed,Referred to the House Committee on Energy and Commerce.,2026-03-26,https://www.congress.gov/bill/119th-congress/house-bill/8094,,,,https://www.congress.gov/bill/119th-congress/house-bill/8094
os-e106d3d5-82e4-4209-afc7-21c617591737,bill,Minnesota,SF 4927,Delivery of professional services preclusion through artificial intelligence directly to consumers,not passed,Author added Boldon,2026-03-26,https://www.revisor.mn.gov/bills/94/2026/0/SF/4927?body=Senate,,use-restrictions,,https://openstates.org/mn/bills/2025-2026/SF4927/
os-d454bf5f-c1b2-4c3f-905e-968dbde3f90d,bill,Minnesota,SF 4816,Environmental impact statement for data centers requirement provision,not passed,"Referred to Environment, Climate, and Legacy",2026-03-25,https://www.revisor.mn.gov/bills/94/2026/0/SF/4816?body=Senate,,,,https://openstates.org/mn/bills/2025-2026/SF4816/
os-6b38f0e3-816f-495d-9649-a45fdff018dd,bill,Georgia,HB 1603,Georgia Entertainment Artificial Intelligence Accountability and Performer Protection Act; enact,not passed,House Second Readers,2026-03-25,https://www.legis.ga.gov/legislation/74419,deepfakes,use-restrictions,,https://openstates.org/ga/bills/2025_26/HB1603/
os-c8e46a55-d97e-448c-aa07-327e23381e55,bill,Idaho,H 945,ARTIFICIAL INTELLIGENCE MEDICAL SERVICES – Adds to existing law to establish provisions regarding artifical intelligence medical services.,not passed,Reported Printed and Referred to Business,2026-03-25,https://legislature.idaho.gov/sessioninfo/2026/legislation/H0945/,,,,https://openstates.org/id/bills/2026/H945/
us-119-s-4214,bill,Congress,S. 4214,Artificial Intelligence Data Center Moratorium Act,not passed,"Read twice and referred to the Committee on Commerce, Science, and Transportation.",2026-03-25,https://www.congress.gov/bill/119th-congress/senate-bill/4214,job-loss; power-bills,data-center-limits; export-controls,U.S. Department of Commerce,https://www.congress.gov/bill/119th-congress/senate-bill/4214
us-119-sconres-30,resolution,Congress,S.Con.Res. 30,"A concurrent resolution expressing the sense of Congress that the Ratepayer Protection Pledge announced on March 4, 2026, reflects sound national policy to protect ratepayers in the United States, promote electricity affordability, and ensure that all people of the United States, including households, small businesses, schools, hospitals, and farms, have access to reliable and affordable energy as artificial intelligence and data center infrastructure expands across the United States.",not passed,Referred to the Committee on Energy and Natural Resources. (text: CR S1618-1619),2026-03-25,https://www.congress.gov/bill/119th-congress/senate-concurrent-resolution/30,power-bills,,,https://www.congress.gov/bill/119th-congress/senate-concurrent-resolution/30
us-119-s-4199,bill,Congress,S. 4199,Youth AI Privacy Act,not passed,"Committee on Commerce, Science, and Transportation. Ordered to be reported with an amendment in the nature of a substitute favorably.",2026-03-25,https://www.congress.gov/bill/119th-congress/senate-bill/4199,,,,https://www.congress.gov/bill/119th-congress/senate-bill/4199
us-119-s-4213,bill,Congress,S. 4213,Data Center Water and Energy Transparency Act of 2026,not passed,Read twice and referred to the Committee on Energy and Natural Resources. (text: CR S1616-1617),2026-03-25,https://www.congress.gov/bill/119th-congress/senate-bill/4213,,,,https://www.congress.gov/bill/119th-congress/senate-bill/4213
os-e2ffdd6a-5b5d-4c7e-b56b-b920ac29d96c,resolution,Nebraska,LR 421,Interim study to examine the current status of artificial intelligence legislation occurring at the state and federal levels to address risks to public safety and to determine what action Nebraska should take to address such risks,not passed,"Referred to Banking, Commerce and Insurance Committee",2026-03-24,https://nebraskalegislature.gov/bills/view_bill.php?DocumentID=65874,,,,https://openstates.org/ne/bills/109/LR421/
os-82790fb5-4a1b-47eb-a0b3-fb5b1d70c8fb,bill,Ohio,HB 784,Require data center water consumption reports,not passed,Referred to committee,2026-03-24,https://www.legislature.ohio.gov/legislation/136/hb784,,mandatory-reporting,,https://openstates.org/oh/bills/136/HB784/
os-322da273-6a8b-4c40-a79c-d8b0b3c841e0,bill,Pennsylvania,HB 2314,An Act providing for a public education campaign focused on educating the public about artificial intelligence and improving AI consumer literacy.,not passed,Referred to Communications & Technology,2026-03-24,https://www.palegis.us/legislation/bills/2025/hb2314,,,,https://openstates.org/pa/bills/2025-2026/HB2314/
us-119-hr-8037,bill,Congress,H.R. 8037,Protect American AI Act of 2026,not passed,"Referred to the Committee on the Judiciary, and in addition to the Committee on Energy and Commerce, for a period to be subsequently determined by the Speaker, in each case for consideration of such provisions as fall within the jurisdiction of the committee concerned.",2026-03-24,https://www.congress.gov/bill/119th-congress/house-bill/8037,,,,https://www.congress.gov/bill/119th-congress/house-bill/8037
os-bee1ae42-bc3f-4ac6-9135-559d7d7500a6,bill,Ohio,HB 786,Prohibit artificial depiction of a minor for obscene purposes,not passed,Referred to committee,2026-03-24,https://www.legislature.ohio.gov/legislation/136/hb786,deepfakes,use-restrictions,,https://openstates.org/oh/bills/136/HB786/
os-d3540fe6-7302-436a-9c9d-b379d3266b02,bill,Minnesota,SF 4681,Various data center exemptions and provisions modifications,not passed,"Referred to Energy, Utilities, Environment, and Climate",2026-03-23,https://www.revisor.mn.gov/bills/94/2026/0/SF/4681?body=Senate,,,,https://openstates.org/mn/bills/2025-2026/SF4681/
os-d2259a66-77a3-4a43-90b6-a688bd3708e3,resolution,Alaska,HCR 12,"Suspending Rules 24(c), 35, 41(b), and 42(e), Uniform Rules of the Alaska State Legislature, concerning Senate Bill No. 64, relating to elections; relating to voters; relating to voting; relating to voter registration; relating to election administration; relating to the Alaska Public Offices Commission; relating to campaign contributions; relating to the crimes of unlawful interference with voting in the first degree, unlawful interference with an election, and election official misconduct; relating to synthetic media in electioneering communications; relating to campaign signs; relating to voter registration on permanent fund dividend applications; relating to the Redistricting Board; and relating to the duties of the commissioner of revenue.",not passed,(H) PERMANENTLY FILED IN THE (H),2026-03-23,https://www.akleg.gov/basis/Bill/Detail/34?Root=HCR12#tab5_4,deepfakes,,,https://openstates.org/ak/bills/34/HCR12/
os-137209c8-ff5d-46c1-afbc-ef6db36ec0de,bill,Minnesota,HF 4512,Public hearings and disclosures prior to approval of data center development required.,not passed,Author added Jones,2026-03-23,https://www.revisor.mn.gov/bills/94/2026/0/HF/4512?body=House,,mandatory-reporting,,https://openstates.org/mn/bills/2025-2026/HF4512/
os-3a086e9c-93f1-4009-9e39-1192831ac641,bill,Minnesota,SF 4689,Use of automated decision systems in employment settings regulation,not passed,"Pursuant to Senate Concurrent Resolution No. 6, referred to Rules and Administration",2026-03-23,https://www.revisor.mn.gov/bills/94/2026/0/SF/4689?body=Senate,,,,https://openstates.org/mn/bills/2025-2026/SF4689/
os-3a613a04-d95f-4b52-bbf2-205b15dad580,bill,Minnesota,SF 4636,License establishment for artificial intelligence independent verification organizations,not passed,Referred to Commerce and Consumer Protection,2026-03-23,https://www.revisor.mn.gov/bills/94/2026/0/SF/4636?body=Senate,,new-agency-powers,,https://openstates.org/mn/bills/2025-2026/SF4636/
os-cb43bc7b-30d1-49d1-a591-59776242ead8,bill,Minnesota,HF 4537,Certain artificial intelligence use in employment procedures prohibited.,not passed,"Introduction and first reading, referred to Judiciary Finance and Civil Law",2026-03-23,https://www.revisor.mn.gov/bills/94/2026/0/HF/4537?body=House,bias,use-restrictions,,https://openstates.org/mn/bills/2025-2026/HF4537/
os-8c5705c8-00ab-44f3-817d-2db235cacd3d,bill,Minnesota,HF 4532,"Artificial intelligence safety and disclosure requirements established, and civil remedies provided.",not passed,"Introduction and first reading, referred to Commerce Finance and Policy",2026-03-23,https://www.revisor.mn.gov/bills/94/2026/0/HF/4532?body=House,,,,https://openstates.org/mn/bills/2025-2026/HF4532/
os-793dfc74-ff63-41a9-a6c0-c83896e8e5ca,bill,Minnesota,HF 4536,"Use of generative artificial intelligence in official records prohibited, and civil remedies and enforcement provided.",not passed,Author added Xiong,2026-03-23,https://www.revisor.mn.gov/bills/94/2026/0/HF/4536?body=House,,,,https://openstates.org/mn/bills/2025-2026/HF4536/
os-36311156-c5b9-4828-a039-772d1b161d4e,bill,Minnesota,HF 4544,"License for artificial intelligence independent verification organizations established, advisory council established, rulemaking authorized, and reports required.",not passed,"Introduction and first reading, referred to Commerce Finance and Policy",2026-03-23,https://www.revisor.mn.gov/bills/94/2026/0/HF/4544?body=House,,new-agency-powers,,https://openstates.org/mn/bills/2025-2026/HF4544/
os-f85b570e-c1e1-44ac-96b4-0beed38e21e0,bill,Minnesota,SF 4731,Wheelchair accessibility for operators of autonomous vehicles requirement provision,not passed,Referred to Transportation,2026-03-23,https://www.revisor.mn.gov/bills/94/2026/0/SF/4731?body=Senate,,,,https://openstates.org/mn/bills/2025-2026/SF4731/
os-963a6a19-3e53-450a-b3e8-f3f44d80a273,bill,Minnesota,HF 4521,"Autonomous vehicles and on-demand autonomous vehicle networks operation authorized, and rulemaking authorized.",not passed,"Introduction and first reading, referred to Transportation Finance and Policy",2026-03-23,https://www.revisor.mn.gov/bills/94/2026/0/HF/4521?body=House,,,,https://openstates.org/mn/bills/2025-2026/HF4521/
os-b469f5e2-4780-44e3-8555-4b2dced356d3,resolution,Illinois,HR 744,DATA CENTERS-SUPPLY OWN ENERGY,not passed,Referred to Rules Committee,2026-03-20,https://ilga.gov/Legislation/BillStatus?DocNum=744&GAID=18&DocTypeID=HR&LegId=168131&SessionID=114,,,,https://openstates.org/il/bills/104th/HR744/
us-119-hr-8033,bill,Congress,H.R. 8033,No Harm Data Centers Act,not passed,Referred to the House Committee on Energy and Commerce.,2026-03-20,https://www.congress.gov/bill/119th-congress/house-bill/8033,,,,https://www.congress.gov/bill/119th-congress/house-bill/8033
os-8481349a-bdab-4e7b-8742-e4a5b7bf0a63,bill,Ohio,SB 381,Require PUCO approval to connect data centers to electrical grid,not passed,Referred to committee,2026-03-19,https://www.legislature.ohio.gov/legislation/136/sb381,,data-center-limits,Ohio Public Utility Commission,https://openstates.org/oh/bills/136/SB381/
os-36f24c6a-1158-44f7-869c-275667265a4d,bill,New Jersey,A 4741,Restricts use of certain artificial intelligence generated communications in election campaigns.,not passed,"Introduced, Referred to Assembly Science, Innovation and Technology Committee",2026-03-19,https://www.njleg.state.nj.us/bill-search/2026/A4741,deepfakes,use-restrictions,,https://openstates.org/nj/bills/222/A4741/
os-58eb6504-2cd1-4f7e-89f4-01794676a282,bill,South Carolina,S 1037,Protecting Children from Chatbots,not passed,Scrivener's error corrected,2026-03-19,https://www.scstatehouse.gov/billsearch.php?billnumbers=1037&session=126&summary=B,kids-chatbots,id-age-checks; mandatory-reporting; use-restrictions,,https://openstates.org/sc/bills/2025-2026/S1037/
us-119-hr-7997,bill,Congress,H.R. 7997,Research and Oversight of AI in Courts Act of 2026,not passed,Referred to the House Committee on the Judiciary.,2026-03-19,https://www.congress.gov/bill/119th-congress/house-bill/7997,,,,https://www.congress.gov/bill/119th-congress/house-bill/7997
os-1c7194b1-127f-4ddd-8945-b1472777e53e,bill,Wisconsin,SB 1140,"Relating to: algorithmic pricing of essential consumer goods, granting rule-making authority, and providing a penalty.",not passed,Senator Keyeski added as a coauthor,2026-03-19,https://docs.legis.wisconsin.gov/2025/proposals/reg/sen/bill/sb1140,algorithmic-pricing,new-agency-powers; use-restrictions,,https://openstates.org/wi/bills/2025/SB1140/
os-2d9798b5-5ee7-43d8-85d9-46ce0bfd477e,bill,Wisconsin,AB 1190,"Relating to: algorithmic pricing of essential consumer goods, granting rule-making authority, and providing a penalty.",not passed,Senator Keyeski added as a cosponsor,2026-03-19,https://docs.legis.wisconsin.gov/2025/proposals/reg/asm/bill/ab1190,algorithmic-pricing,new-agency-powers; use-restrictions,,https://openstates.org/wi/bills/2025/AB1190/
os-075df084-4309-4e77-a8d7-6088d60a58ae,bill,New Jersey,A 4769,Requires certain State agencies to establish expedited approval and permitting procedures for artificial intelligence data centers powered by small modular nuclear reactors.,not passed,"Introduced, Referred to Assembly Telecommunications and Utilities Committee",2026-03-19,https://www.njleg.state.nj.us/bill-search/2026/A4769,,,,https://openstates.org/nj/bills/222/A4769/
us-119-s-4154,bill,Congress,S. 4154,Research and Oversight of AI in Courts Act of 2026,not passed,Read twice and referred to the Committee on the Judiciary.,2026-03-19,https://www.congress.gov/bill/119th-congress/senate-bill/4154,,,,https://www.congress.gov/bill/119th-congress/senate-bill/4154
os-f405d5d0-dcc1-42fd-a19a-72c1cf153daf,bill,Minnesota,SF 4573,Certain use of artificial intelligence prohibition provision,not passed,Referred to Judiciary and Public Safety,2026-03-18,https://www.revisor.mn.gov/bills/94/2026/0/SF/4573?body=Senate,,,,https://openstates.org/mn/bills/2025-2026/SF4573/
os-1d88a164-a37a-4b56-a52c-27bbde79a3f6,bill,Iowa,HSB 766,"A bill for an act relating to the licensure of artificial intelligence augmented and autonomous service providers, and including penalties.",not passed,Subcommittee recommends passage.,2026-03-18,https://www.legis.iowa.gov/legislation/billTracking/billHistory?billName=HSB 766&ga=91,,,,https://openstates.org/ia/bills/2025-2026/HSB766/
us-119-hr-7972,bill,Congress,H.R. 7972,Taxpayer Workforce Modernization Act,not passed,"Placed on the Union Calendar, Calendar No. 706.",2026-03-18,https://www.congress.gov/bill/119th-congress/house-bill/7972,,,,https://www.congress.gov/bill/119th-congress/house-bill/7972
os-9e8489c3-6443-4f3d-bb8a-d32380a8bf58,resolution,Georgia,HR 1788,House Study Committee on Responsible Use of Artificial Intelligence; create,not passed,House Second Readers,2026-03-18,https://www.legis.ga.gov/legislation/74217,,,,https://openstates.org/ga/bills/2025_26/HR1788/
os-dc12e34e-8379-42f1-aa0c-fe4e6ab26d46,bill,Minnesota,SF 4575,Generative artificial intelligence in official records usage prohibition provision,not passed,Referred to Judiciary and Public Safety,2026-03-18,https://www.revisor.mn.gov/bills/94/2026/0/SF/4575?body=Senate,,,,https://openstates.org/mn/bills/2025-2026/SF4575/
os-fccaa7c6-72aa-47d5-9776-d4dcf1981741,bill,Minnesota,SF 4576,"Notice and a transitional employment period required for employees displaced by artificial intelligence, and penalties imposed",not passed,Comm report: To pass as amended and re-refer to State and Local Government,2026-03-18,https://www.revisor.mn.gov/bills/94/2026/0/SF/4576?body=Senate,job-loss,,,https://openstates.org/mn/bills/2025-2026/SF4576/
us-119-hr-7985,bill,Congress,H.R. 7985,CHATBOT Act,not passed,Referred to the House Committee on Energy and Commerce.,2026-03-18,https://www.congress.gov/bill/119th-congress/house-bill/7985,,,,https://www.congress.gov/bill/119th-congress/house-bill/7985
os-ca7b97df-58bc-415b-b3c7-932503875533,bill,Minnesota,HF 4452,"Artificial intelligence chatbot technology requirements provided, and cause of action for harm created.",not passed,Author added Rehrauer,2026-03-18,https://www.revisor.mn.gov/bills/94/2026/0/HF/4452?body=House,,,,https://openstates.org/mn/bills/2025-2026/HF4452/
os-aba50253-62bd-40af-ae73-c9098742508e,bill,Minnesota,HF 4445,Use of automated decision systems in employment settings regulated.,not passed,"Introduction and first reading, referred to Workforce, Labor, and Economic Development Finance and Policy",2026-03-18,https://www.revisor.mn.gov/bills/94/2026/0/HF/4445?body=House,,,,https://openstates.org/mn/bills/2025-2026/HF4445/
os-2b7c6916-b6b5-474d-b4e8-f78c8b4706c2,bill,Minnesota,SF 4618,Operation of certain autonomous vehicles and on-demand autonomous vehicle networks authorization,not passed,Comm report: To pass as amended and re-refer to Judiciary and Public Safety,2026-03-18,https://www.revisor.mn.gov/bills/94/2026/0/SF/4618?body=Senate,,,,https://openstates.org/mn/bills/2025-2026/SF4618/
os-ba3e442d-0678-4425-b6ea-1f1e6a565a6a,bill,Minnesota,SF 4509,Artificial intelligence safety and disclosure requirements establishment (RAISE Act),not passed,Author added Boldon,2026-03-17,https://www.revisor.mn.gov/bills/94/2026/0/SF/4509?body=Senate,,,,https://openstates.org/mn/bills/2025-2026/SF4509/
os-ab27669b-c1fb-4d45-9e1d-730487f0f81f,bill,Idaho,H 917,RULES – Adds to existing law to require the use of AI to review administrative rules annually.,not passed,Reported Printed and Referred to Business,2026-03-17,https://legislature.idaho.gov/sessioninfo/2026/legislation/H0917/,,,,https://openstates.org/id/bills/2026/H917/
us-119-hr-7968,bill,Congress,H.R. 7968,Small AI Innovators Empowerment Act,not passed,"Referred to the House Committee on Science, Space, and Technology.",2026-03-17,https://www.congress.gov/bill/119th-congress/house-bill/7968,,,,https://www.congress.gov/bill/119th-congress/house-bill/7968
us-119-s-4113,bill,Congress,S. 4113,AI Guardrails Act of 2026,not passed,Read twice and referred to the Committee on Armed Services.,2026-03-17,https://www.congress.gov/bill/119th-congress/senate-bill/4113,,,,https://www.congress.gov/bill/119th-congress/senate-bill/4113
os-0b38af2a-ce3f-4642-b593-d59882bc66ef,bill,New Jersey,A 4710,"""Clean Energy AI Incentivization Act""; directs BPU to incentivize artificial intelligence centers to bring their own self-sufficient, clean energy.",not passed,"Introduced, Referred to Assembly Science, Innovation and Technology Committee",2026-03-16,https://www.njleg.state.nj.us/bill-search/2026/A4710,,,,https://openstates.org/nj/bills/222/A4710/
os-90a12335-8c1d-47ae-a3b7-c737e8de4671,bill,New Jersey,A 4685,Prohibits use and sale of algorithmic devices that set sale price of goods or services.,not passed,"Introduced, Referred to Assembly Consumer Affairs Committee",2026-03-16,https://www.njleg.state.nj.us/bill-search/2026/A4685,algorithmic-pricing,use-restrictions,,https://openstates.org/nj/bills/222/A4685/
os-0c0194d8-e666-4bc4-a4ef-d21d54f6ca96,bill,New Jersey,A 4696,Requires owner or operator of data center to submit water and energy usage report to BPU.,not passed,"Introduced, Referred to Assembly Telecommunications and Utilities Committee",2026-03-16,https://www.njleg.state.nj.us/bill-search/2026/A4696,,mandatory-reporting,,https://openstates.org/nj/bills/222/A4696/
os-2b3ab9e6-501f-463a-a553-2bf096adea6c,bill,Ohio,SB 378,Enact the Responsible Water Use by Data Centers Act,not passed,Referred to committee,2026-03-16,https://www.legislature.ohio.gov/legislation/136/sb378,,data-center-limits,,https://openstates.org/oh/bills/136/SB378/
os-6afbffe8-08b6-4d55-9760-a7fb017276fb,bill,Minnesota,HF 4369,"Notice and a transitional employment period required for employees displaced by artificial intelligence, and penalties imposed.",not passed,Author added Kozlowski,2026-03-16,https://www.revisor.mn.gov/bills/94/2026/0/HF/4369?body=House,job-loss,,,https://openstates.org/mn/bills/2025-2026/HF4369/
os-10bcbd19-79a7-436b-9265-57876adab8dd,resolution,Hawaii,HCR 206,"REQUESTING THE HAWAII STATE ENERGY OFFICE TO CONVENE A WORKING GROUP TO STUDY THE POTENTIAL IMPACTS OF LARGE DATA CENTERS ON HAWAII'S ELECTRIC UTILITIES, RATEPAYERS, NATURAL RESOURCES, AND CLIMATE GOALS.",not passed,Report and Resolution Adopted.  Transmitted to House.,2026-03-16,https://capitol.hawaii.gov/session/measure_indiv.aspx?billtype=HCR&billnumber=206&year=2026,power-bills,,,https://openstates.org/hi/bills/2026/HCR206/
os-d1cebaef-2248-4bb3-a685-98fc77c5e850,resolution,Hawaii,SR 71,"REQUESTING THE HAWAII STATE COMMISSION ON THE STATUS OF WOMEN, IN COLLABORATION WITH THE OFFICE OF THE LEGISLATIVE REFERENCE BUREAU AND DEPARTMENT OF THE ATTORNEY GENERAL, TO ESTABLISH A WORKING GROUP AND PROVIDE A REPORT TO THE LEGISLATURE ON WAYS TO STRENGTHEN PROTECTIONS FOR SURVIVORS OF IMAGE-BASED SEXUAL ABUSE.",not passed,"Certified copies of resolutions sent, 05-12-26.",2026-03-16,https://capitol.hawaii.gov/session/measure_indiv.aspx?billtype=SR&billnumber=71&year=2026,,,,https://openstates.org/hi/bills/2026/SR71/
os-b1f7826a-2e6f-40a1-8d70-1bc685c121de,resolution,Hawaii,HR 196,"REQUESTING THE HAWAII STATE ENERGY OFFICE TO CONVENE A WORKING GROUP TO STUDY THE POTENTIAL IMPACTS OF LARGE DATA CENTERS ON HAWAII'S ELECTRIC UTILITIES, RATEPAYERS, NATURAL RESOURCES, AND CLIMATE GOALS.",not passed,"Reported from FIN (Stand. Com. Rep. No. 1939-26), recommending adoption.",2026-03-16,https://capitol.hawaii.gov/session/measure_indiv.aspx?billtype=HR&billnumber=196&year=2026,power-bills,,,https://openstates.org/hi/bills/2026/HR196/
os-1d1a343b-1b39-4b86-9412-ea07ed3d5335,resolution,Hawaii,SR 165,REQUESTING THE HAWAIʻI CIVIL RIGHTS COMMISSION TO EXAMINE THE APPLICABILITY OF EXISTING STATE ANTI-DISCRIMINATION LAWS TO ALGORITHMIC AND AUTOMATED DECISION SYSTEMS.,not passed,"Certified copies of resolutions sent, 05-12-26.",2026-03-16,https://capitol.hawaii.gov/session/measure_indiv.aspx?billtype=SR&billnumber=165&year=2026,bias,,,https://openstates.org/hi/bills/2026/SR165/
os-3b4aa409-f39f-491e-8870-8003a6edf27e,resolution,Hawaii,SCR 95,"REQUESTING THE HAWAII STATE ENERGY OFFICE TO CONVENE A WORKING GROUP TO STUDY THE POTENTIAL IMPACTS OF LARGE DATA CENTERS ON HAWAII'S ELECTRIC UTILITIES, RATEPAYERS, NATURAL RESOURCES, AND CLIMATE GOALS.",not passed,"Referred to EEP, FIN, referral sheet 28",2026-03-16,https://capitol.hawaii.gov/session/measure_indiv.aspx?billtype=SCR&billnumber=95&year=2026,power-bills,,,https://openstates.org/hi/bills/2026/SCR95/
os-af6db716-5de2-46d6-9bf5-cbf4ff0204fe,resolution,Hawaii,SCR 184,REQUESTING THE HAWAIʻI CIVIL RIGHTS COMMISSION TO EXAMINE THE APPLICABILITY OF EXISTING STATE ANTI-DISCRIMINATION LAWS TO ALGORITHMIC AND AUTOMATED DECISION SYSTEMS.,not passed,"Certified copies of resolutions sent, 05-12-26.",2026-03-16,https://capitol.hawaii.gov/session/measure_indiv.aspx?billtype=SCR&billnumber=184&year=2026,bias,,,https://openstates.org/hi/bills/2026/SCR184/
os-480dfbed-5afc-44ae-9c2f-2a1d2a1aa943,resolution,Hawaii,SR 90,"REQUESTING THE HAWAII STATE ENERGY OFFICE TO CONVENE A WORKING GROUP TO STUDY THE POTENTIAL IMPACTS OF LARGE DATA CENTERS ON HAWAII'S ELECTRIC UTILITIES, RATEPAYERS, NATURAL RESOURCES, AND CLIMATE GOALS.",not passed,"Certified copies of resolutions sent, 05-12-26.",2026-03-16,https://capitol.hawaii.gov/session/measure_indiv.aspx?billtype=SR&billnumber=90&year=2026,power-bills,,,https://openstates.org/hi/bills/2026/SR90/
us-119-s-4098,bill,Congress,S. 4098,Artificial Intelligence-Ready Data Act,not passed,"Read twice and referred to the Committee on Commerce, Science, and Transportation.",2026-03-16,https://www.congress.gov/bill/119th-congress/senate-bill/4098,,,,https://www.congress.gov/bill/119th-congress/senate-bill/4098
os-af43b42d-5bbf-4ccc-943a-610a4cb0516a,resolution,Hawaii,HR 182,REQUESTING THE HAWAIʻI CIVIL RIGHTS COMMISSION TO EXAMINE THE APPLICABILITY OF EXISTING STATE ANTI-DISCRIMINATION LAWS TO ALGORITHMIC AND AUTOMATED DECISION SYSTEMS.,not passed,"Reported from JHA (Stand. Com. Rep. No. 1889-26), recommending adoption.",2026-03-16,https://capitol.hawaii.gov/session/measure_indiv.aspx?billtype=HR&billnumber=182&year=2026,bias,,,https://openstates.org/hi/bills/2026/HR182/
os-044f7b26-f844-485f-9903-ddf9e607aca2,resolution,Hawaii,HCR 192,REQUESTING THE HAWAIʻI CIVIL RIGHTS COMMISSION TO EXAMINE THE APPLICABILITY OF EXISTING STATE ANTI-DISCRIMINATION LAWS TO ALGORITHMIC AND AUTOMATED DECISION SYSTEMS.,not passed,Received from House (Hse. Com. No. 591).,2026-03-16,https://capitol.hawaii.gov/session/measure_indiv.aspx?billtype=HCR&billnumber=192&year=2026,bias,,,https://openstates.org/hi/bills/2026/HCR192/
fr-2026-05023,rule,"Transportation Department, National Highway Traffic Safety Administration",Proposed rule,Federal Motor Vehicle Safety Standards; Modernization of FMVSS No. 103 and FMVSS No. 104 To Accommodate ADS-Equipped Vehicles; Incorporation by Reference,proposed,Notice of proposed rulemaking.,2026-03-16,https://www.federalregister.gov/documents/2026/03/16/2026-05023/federal-motor-vehicle-safety-standards-modernization-of-fmvss-no-103-and-fmvss-no-104-to-accommodate,,,,https://www.federalregister.gov/documents/2026/03/16/2026-05023/federal-motor-vehicle-safety-standards-modernization-of-fmvss-no-103-and-fmvss-no-104-to-accommodate
fr-2026-05024,rule,"Transportation Department, National Highway Traffic Safety Administration",Proposed rule,Federal Motor Vehicle Safety Standards; Modernization of FMVSS No. 102 To Accommodate ADS-Equipped Vehicles,proposed,Notice of proposed rulemaking.,2026-03-16,https://www.federalregister.gov/documents/2026/03/16/2026-05024/federal-motor-vehicle-safety-standards-modernization-of-fmvss-no-102-to-accommodate-ads-equipped,,,,https://www.federalregister.gov/documents/2026/03/16/2026-05024/federal-motor-vehicle-safety-standards-modernization-of-fmvss-no-102-to-accommodate-ads-equipped
os-d0f21623-70d2-4cc1-86b1-4b1f0f05d530,bill,Wisconsin,AB 1099,Relating to: moratorium on data centers.,did not pass,Failed to pass pursuant to Senate Joint Resolution 1,2026-03-13,https://docs.legis.wisconsin.gov/2025/proposals/reg/asm/bill/ab1099,,data-center-limits,,https://openstates.org/wi/bills/2025/AB1099/
os-47259c3e-f475-47d2-b804-a23fa3ecd85e,bill,Idaho,H 897,TAXATION – Amends existing law to revise a sales tax exemption for data center equipment and to revise a certain property tax exemption for certain capital investments.,not passed,Referred to Revenue & Taxation for concurrence recommendation,2026-03-13,https://legislature.idaho.gov/sessioninfo/2026/legislation/H0897/,,,,https://openstates.org/id/bills/2026/H897/
os-abd56c0b-0cbe-4b60-9554-88695cfe92ed,bill,Pennsylvania,HB 2288,"An Act amending the act of December 17, 1968 (P.L.1224, No.387), known as the Unfair Trade Practices and Consumer Protection Law, providing for artificial intelligence training disclosure.",not passed,Referred to Communications & Technology,2026-03-13,https://www.palegis.us/legislation/bills/2025/hb2288,,,,https://openstates.org/pa/bills/2025-2026/HB2288/
os-7e08dd32-005f-4f29-ae86-d9218850e6af,bill,Idaho,H 895,DATA CENTERS – Adds to existing law to establish limitations on consumptive use of water for cooling certain data centers.,passed,"Reported Signed by Governor on April 2, 2026    Session Law Chapter 291    Effective: 07/01/2026",2026-03-13,https://legislature.idaho.gov/sessioninfo/2026/legislation/H0895/,,data-center-limits,,https://openstates.org/id/bills/2026/H895/
os-43d528f1-073a-4fbb-9641-d614753f7b26,bill,Wisconsin,AB 1109,Relating to: use of artificial intelligence to deny prior authorization for medical necessity or experimental status.,not passed,Senator Keyeski added as a cosponsor,2026-03-13,https://docs.legis.wisconsin.gov/2025/proposals/reg/asm/bill/ab1109,ai-care-decisions,use-restrictions,,https://openstates.org/wi/bills/2025/AB1109/
os-eddd587b-d69a-439c-8744-a8649ffcee4b,bill,Minnesota,HF 4173,"Certain defined terms maintained, and data center exemptions modified.",not passed,Author added Kozlowski,2026-03-12,https://www.revisor.mn.gov/bills/94/2026/0/HF/4173?body=House,,,,https://openstates.org/mn/bills/2025-2026/HF4173/
os-e607bf79-c7bd-4998-a495-3b3330f42b09,bill,Massachusetts,H 5222,An Act relative to preventing algorithmic rent fixing in the rental housing market,not passed,Bill reported favorably by committee and referred to the committee on House Ways and Means,2026-03-12,https://malegislature.gov/Bills/194/H5222,,use-restrictions,,https://openstates.org/ma/bills/194th/H5222/
os-0ecad61a-f737-4366-af00-68e55e37d522,bill,Minnesota,HF 4153,"Criteria for preapplication evaluations of water appropriations for data centers modified, data centers' electricity sales exempted in calculating a utility's solar energy standard, and data centers exempted from paying sales tax on electricity purchases.",not passed,"Introduction and first reading, referred to Energy Finance and Policy",2026-03-12,https://www.revisor.mn.gov/bills/94/2026/0/HF/4153?body=House,,,,https://openstates.org/mn/bills/2025-2026/HF4153/
os-6821e896-555e-49dd-ba1c-910c4447ea2b,resolution,Hawaii,HCR 44,URGING THE DEPARTMENT OF EDUCATION TO CO-DEVELOP A SIXTH TO TWELFTH GRADE ARTIFICIAL INTELLIGENCE LITERACY AND USAGE CURRICULUM WITH TEACHERS.,not passed,Referred to EDU/LBT.,2026-03-12,https://capitol.hawaii.gov/session/measure_indiv.aspx?billtype=HCR&billnumber=44&year=2026,,,,https://openstates.org/hi/bills/2026/HCR44/
os-2583a727-95d3-478e-a94d-18a041c9f5b1,bill,Massachusetts,S 2983,An Act prohibiting algorithmic rent setting,not passed,Bill reported favorably by committee and referred to the committee on Senate Ways and Means,2026-03-12,https://malegislature.gov/Bills/194/S2983,algorithmic-pricing,use-restrictions,,https://openstates.org/ma/bills/194th/S2983/
os-e0f82566-7293-4800-b581-3b9ba6e73e35,resolution,Hawaii,HR 40,URGING THE DEPARTMENT OF EDUCATION TO CO-DEVELOP A SIXTH TO TWELFTH GRADE ARTIFICIAL INTELLIGENCE LITERACY AND USAGE CURRICULUM WITH TEACHERS.,not passed,"Reported from EDN (Stand. Com. Rep. No. 1790-26), recommending adoption.",2026-03-12,https://capitol.hawaii.gov/session/measure_indiv.aspx?billtype=HR&billnumber=40&year=2026,,,,https://openstates.org/hi/bills/2026/HR40/
os-ef30b3d9-abe9-476d-8fe9-a462121da281,bill,New Jersey,S 3883,Requires boards of education to adopt policy on use of surveillance systems with artificial intelligence capabilities.,not passed,"Introduced in the Senate, Referred to Senate Education Committee",2026-03-12,https://www.njleg.state.nj.us/bill-search/2026/S3883,,,,https://openstates.org/nj/bills/222/S3883/
os-9b67f1a2-9cfe-42c4-b786-cf91946f4705,resolution,Hawaii,HCR 55,URGING THE DEPARTMENT OF TRANSPORTATION AND DEPARTMENT OF TRANSPORTATION SERVICES OF THE CITY AND COUNTY OF HONOLULU TO UTILIZE ARTIFICIAL INTELLIGENCE TO MITIGATE TRAFFIC AND IMPROVE ROAD SAFETY IN THE STATE.,not passed,The committee(s) on ECD recommend(s) that the measure be deferred.,2026-03-12,https://capitol.hawaii.gov/session/measure_indiv.aspx?billtype=HCR&billnumber=55&year=2026,,,,https://openstates.org/hi/bills/2026/HCR55/
us-119-hr-7907,bill,Congress,H.R. 7907,AI-Ready Bio-Data Standards Act,not passed,"Referred to the House Committee on Science, Space, and Technology.",2026-03-12,https://www.congress.gov/bill/119th-congress/house-bill/7907,,,,https://www.congress.gov/bill/119th-congress/house-bill/7907
us-119-s-4069,bill,Congress,S. 4069,AI-Ready Bio-Data Standards Act,not passed,"Read twice and referred to the Committee on Commerce, Science, and Transportation.",2026-03-12,https://www.congress.gov/bill/119th-congress/senate-bill/4069,,,,https://www.congress.gov/bill/119th-congress/senate-bill/4069
os-1987e40d-f89b-46e9-9f95-ed39a45ff3b6,resolution,Hawaii,HR 51,URGING THE DEPARTMENT OF TRANSPORTATION AND DEPARTMENT OF TRANSPORTATION SERVICES OF THE CITY AND COUNTY OF HONOLULU TO UTILIZE ARTIFICIAL INTELLIGENCE TO MITIGATE TRAFFIC AND IMPROVE ROAD SAFETY IN THE STATE.,not passed,The committee(s) on ECD recommend(s) that the measure be deferred.,2026-03-12,https://capitol.hawaii.gov/session/measure_indiv.aspx?billtype=HR&billnumber=51&year=2026,,,,https://openstates.org/hi/bills/2026/HR51/
os-b4be4051-3a74-498f-acb7-718f60a97874,bill,Minnesota,HF 4216,"Advisory board established to study impacts of commercial autonomous vehicle operations implementation, minimum requirements for operation of commercial autonomous vehicles established, and permit process for commercial autonomous vehicle operations required.",not passed,"Authors added Lee, F.; Greenman, and Noor",2026-03-12,https://www.revisor.mn.gov/bills/94/2026/0/HF/4216?body=House,,mandatory-reporting; use-restrictions,,https://openstates.org/mn/bills/2025-2026/HF4216/
us-119-s-4067,bill,Congress,S. 4067,Land Grant Research Prioritization Act of 2026,not passed,"Read twice and referred to the Committee on Agriculture, Nutrition, and Forestry.",2026-03-11,https://www.congress.gov/bill/119th-congress/senate-bill/4067,,,,https://www.congress.gov/bill/119th-congress/senate-bill/4067
os-dec9c98b-d337-46e9-b2a0-625fa0ee4f70,bill,Minnesota,SF 4380,Certain online platforms requirement to provide information pertaining to algorithm use,not passed,Author added Boldon,2026-03-11,https://www.revisor.mn.gov/bills/94/2026/0/SF/4380?body=Senate,,,,https://openstates.org/mn/bills/2025-2026/SF4380/
os-01ab67bd-8ee1-4c24-b044-f403a1172f21,bill,Ohio,SB 374,Prohibit new data center sales tax exemptions,not passed,Referred to committee,2026-03-11,https://www.legislature.ohio.gov/legislation/136/sb374,,,,https://openstates.org/oh/bills/136/SB374/
os-ad2c4803-afff-411b-95d5-d125bf0f5622,bill,Minnesota,SF 4381,Advisory board establishment to study impacts of commercial autonomous vehicle operations implementation,not passed,Author added Johnson Stewart,2026-03-11,https://www.revisor.mn.gov/bills/94/2026/0/SF/4381?body=Senate,,,,https://openstates.org/mn/bills/2025-2026/SF4381/
os-3d2d1521-a0e9-48c7-8206-98493c8ef304,bill,New Jersey,A 4730,Requires person or entity to notify certain consumers when communicating with generative artificial intelligence to engage in trade or commerce.,not passed,Reported and Referred to Assembly Consumer Affairs Committee,2026-03-10,https://www.njleg.state.nj.us/bill-search/2026/A4730,,labeling-mandates,,https://openstates.org/nj/bills/222/A4730/
os-381803b6-432a-4a22-a01a-bcdf8414f485,bill,New York,S 9408,Relates to a prohibition on chatbot toys,not passed,RETURNED TO SENATE,2026-03-10,https://nyassembly.gov/leg/?bn=S09408&term=2025,kids-chatbots,use-restrictions,,https://openstates.org/ny/bills/2025-2026/S9408/
os-ef5af384-670e-45d2-bc6c-e96692c6b864,resolution,Hawaii,SCR 33,REQUESTING THE DEPARTMENT OF EDUCATION TO DEVELOP ARTIFICIAL INTELLIGENCE LITERACY CURRICULA PLANS AND PROGRAMS FOR USE IN PUBLIC SCHOOLS.,not passed,Referred to EDU/LBT.,2026-03-10,https://capitol.hawaii.gov/session/measure_indiv.aspx?billtype=SCR&billnumber=33&year=2026,,,,https://openstates.org/hi/bills/2026/SCR33/
os-f4feed9d-ea06-4651-900b-45480b76c48e,bill,New Jersey,A 4729,Requires disclosure to be made when generative artificial intelligence is used to operate chatbots that provide election related information.,not passed,Reported and Referred to Assembly Appropriations Committee,2026-03-10,https://www.njleg.state.nj.us/bill-search/2026/A4729,,labeling-mandates,,https://openstates.org/nj/bills/222/A4729/
os-4863ccc5-5399-43aa-8140-d0eca1974b7b,resolution,Hawaii,SR 32,REQUESTING THE DEPARTMENT OF EDUCATION TO DEVELOP ARTIFICIAL INTELLIGENCE LITERACY CURRICULA PLANS AND PROGRAMS FOR USE IN PUBLIC SCHOOLS.,not passed,Referred to EDU/LBT.,2026-03-10,https://capitol.hawaii.gov/session/measure_indiv.aspx?billtype=SR&billnumber=32&year=2026,,,,https://openstates.org/hi/bills/2026/SR32/
os-5366c358-1f29-4747-9d3d-eeea509e0d73,bill,New Jersey,A 4731,Directs professional and occupational boards to promulgate rules for licensee use of generative artificial intelligence.,not passed,Reported and Referred to Assembly Appropriations Committee,2026-03-10,https://www.njleg.state.nj.us/bill-search/2026/A4731,,new-agency-powers,New Jersey professional and occupational boards,https://openstates.org/nj/bills/222/A4731/
os-9cf35507-12ae-4004-b3c5-048b93788fe9,bill,New Jersey,A 4733,Prohibits advertising generative artificial intelligence as able to practice regulated profession or occupation.,not passed,Reported and Referred to Assembly Appropriations Committee,2026-03-10,https://www.njleg.state.nj.us/bill-search/2026/A4733,,use-restrictions,,https://openstates.org/nj/bills/222/A4733/
os-c3ad7150-8c74-4dde-b1c0-28ab1d40639e,bill,New Jersey,A 4732,Requires artificial intelligence companion operators to provide notifications that users are not communicating with human.,not passed,Reported and Referred to Assembly Appropriations Committee,2026-03-10,https://www.njleg.state.nj.us/bill-search/2026/A4732,,labeling-mandates,,https://openstates.org/nj/bills/222/A4732/
os-2ff4a1da-2697-4caa-87dc-886e00bd7169,bill,New Jersey,A 4728,Regulates deceptive use of artificial intelligence in photo advertising of certain dwellings.,not passed,"Reported out of Asm. Comm. with Amendments, and Referred to Assembly Appropriations Committee",2026-03-10,https://www.njleg.state.nj.us/bill-search/2026/A4728,,use-restrictions,,https://openstates.org/nj/bills/222/A4728/
os-79766f88-018c-4b00-a900-e971fa5d3968,bill,Minnesota,SF 4203,Exemption of data centers modification for sales and use tax,not passed,Author added Boldon,2026-03-09,https://www.revisor.mn.gov/bills/94/2026/0/SF/4203?body=Senate,,,,https://openstates.org/mn/bills/2025-2026/SF4203/
os-7b49377f-238e-473c-9a65-b14ce9cd2cad,bill,Minnesota,SF 4296,Public hearings and certain disclosures prior to approval of data center development requirement,not passed,Second reading,2026-03-09,https://www.revisor.mn.gov/bills/94/2026/0/SF/4296?body=Senate,,mandatory-reporting,,https://openstates.org/mn/bills/2025-2026/SF4296/
os-51202f06-2de4-46e0-8c36-e78a17706393,bill,Minnesota,SF 4298,"New data center moratorium established, and Public Utility Commission required to submit a report",not passed,"Referred to Energy, Utilities, Environment, and Climate",2026-03-09,https://www.revisor.mn.gov/bills/94/2026/0/SF/4298?body=Senate,,data-center-limits,,https://openstates.org/mn/bills/2025-2026/SF4298/
os-adeb8793-d1b6-409c-aec4-81484e65b34a,bill,Kansas,SB 531,Prohibiting the development or operation of any new large load data center in a county that has had a drought emergency declared for such county pursuant to the Kansas emergency management act within the preceding three years.,did not pass,Died in Committee,2026-03-09,https://www.kslegislature.gov/b2025_26/bills/SB531/,,data-center-limits,,https://openstates.org/ks/bills/2025-2026/SB531/
os-cd1ade0d-f007-4f96-b527-d1f5433eec17,resolution,Pennsylvania,HR 425,A Resolution urging the United States Congress to suspend any and all efforts to pass Federal legislation that would impose a moratorium on state-level artificial intelligence regulation; recognizing the potential benefits along with the risks of misuse and systemic harm of artificial intelligence; acknowledging the importance of state regulation of such technologies; and reaffirming the Pennsylvania General Assembly's sovereign authority to legislate for the protection of Pennsylvanians.,not passed,Laid on the table (Pursuant to House Rule 71),2026-03-09,https://www.palegis.us/legislation/bills/2025/hr425,,,,https://openstates.org/pa/bills/2025-2026/HR425/
os-bc68c3b1-7e4c-405e-b05f-d22a22b744ec,bill,Minnesota,SF 4280,Use regulation of artificial intelligence in psychotherapy services,not passed,Referred to Health and Human Services,2026-03-09,https://www.revisor.mn.gov/bills/94/2026/0/SF/4280?body=Senate,,use-restrictions,,https://openstates.org/mn/bills/2025-2026/SF4280/
os-a9ad25c8-cc55-48e0-880a-589f5d050f08,bill,Minnesota,HF 4112,Autonomous vehicles regulated.,not passed,"Introduction and first reading, referred to Commerce Finance and Policy",2026-03-09,https://www.revisor.mn.gov/bills/94/2026/0/HF/4112?body=House,,,,https://openstates.org/mn/bills/2025-2026/HF4112/
os-2521acf6-ab2a-41d5-81b1-dcadb6763383,bill,New York,S 9390,Relates to the rules of evidence and the admissibility of evidence alleged to be fabricated by generative artificial intelligence,not passed,REFERRED TO JUDICIARY,2026-03-06,https://nyassembly.gov/leg/?bn=S09390&term=2025,deepfakes,,,https://openstates.org/ny/bills/2025-2026/S9390/
os-3a0077d7-fc32-4f64-b572-e733e6e5b503,bill,New Jersey,S 3732,"Prohibits certain businesses from using dynamic, surveillance, or personalized algorithmic pricing when selling groceries to consumers.",not passed,"Introduced in the Senate, Referred to Senate Commerce Committee",2026-03-05,https://www.njleg.state.nj.us/bill-search/2026/S3732,algorithmic-pricing,use-restrictions,,https://openstates.org/nj/bills/222/S3732/
os-9a5712d4-c84f-4d16-a29d-3bad6fa4d7f2,bill,Massachusetts,H 5178,Study Order,not passed,Discharged to the committee on House Rules,2026-03-05,https://malegislature.gov/Bills/194/H5178,,,,https://openstates.org/ma/bills/194th/H5178/
os-1c51fc52-a291-4498-8470-9c8aa5e44695,bill,Minnesota,HF 3980,"Online platforms required to provide information pertaining to algorithm use, design transparency and user choice required, civil penalties provided, and rulemaking authorized.",not passed,"Introduction and first reading, referred to Commerce Finance and Policy",2026-03-05,https://www.revisor.mn.gov/bills/94/2026/0/HF/3980?body=House,,new-agency-powers,,https://openstates.org/mn/bills/2025-2026/HF3980/
os-d0adb0a9-b964-4a99-92a0-fd8c98020b11,bill,Connecticut,SB 435,AN ACT CONCERNING AUTOMATED DECISION SYSTEMS PROTECTIONS FOR EMPLOYEES.,not passed,"FAV. RPT., TAB. FOR CAL., SEN.",2026-03-05,https://www.cga.ct.gov/asp/cgabillstatus/cgabillstatus.asp?selBillType=Bill&bill_num=SB435&which_year=2026,,,,https://openstates.org/ct/bills/2026/SB435/
us-119-hr-7826,bill,Congress,H.R. 7826,HBCU AI Research Leadership Act,not passed,"Referred to the House Committee on Science, Space, and Technology.",2026-03-05,https://www.congress.gov/bill/119th-congress/house-bill/7826,,,,https://www.congress.gov/bill/119th-congress/house-bill/7826
os-f0656251-c216-4d3b-b4de-6557eb925ea9,bill,Connecticut,HB 5497,AN ACT ESTABLISHING A TASK FORCE TO STUDY THE EFFECTS OF ARTIFICIAL INTELLIGENCE ON THE TRADES INDUSTRY.,not passed,SENATE CALENDAR NUMBER 557,2026-03-05,https://www.cga.ct.gov/asp/cgabillstatus/cgabillstatus.asp?selBillType=Bill&bill_num=HB5497&which_year=2026,,,,https://openstates.org/ct/bills/2026/HB5497/
os-5da4d5ab-31f0-479c-8665-eedae7f4cbf5,bill,Connecticut,SB 417,AN ACT REQUIRING THE DEPARTMENT OF ECONOMIC AND COMMUNITY DEVELOPMENT TO DEVELOP A PLAN TO ESTABLISH AN ARTIFICIAL INTELLIGENCE SMALL BUSINESS PROGRAM.,passed,SIGNED BY GOVERNOR,2026-03-05,https://www.cga.ct.gov/asp/cgabillstatus/cgabillstatus.asp?selBillType=Bill&bill_num=SB417&which_year=2026,,,,https://openstates.org/ct/bills/2026/SB417/
us-119-hr-7858,bill,Congress,H.R. 7858,Data Center Community Impact Act,not passed,Referred to the House Committee on Energy and Commerce.,2026-03-05,https://www.congress.gov/bill/119th-congress/house-bill/7858,,,,https://www.congress.gov/bill/119th-congress/house-bill/7858
os-c0fd95f6-4d97-46d0-85e5-2ee98714aa9d,bill,Rhode Island,SB 2776,AN ACT RELATING TO PUBLIC UTILITIES AND CARRIERS -- PUBLIC UTILITIES COMMISSION,not passed,03/10/2026 Committee recommended measure be held for further study,2026-03-04,http://webserver.rilegislature.gov/BillText/BillText26/SenateText26/S2776.pdf,power-bills,,,https://openstates.org/ri/bills/2026/SB2776/
os-8f9f2d88-5361-4887-bf80-0d861828174e,bill,Idaho,H 820,TAXATION – Amends existing law to revise a sales tax exemption for data center equipment and to revise a certain property tax exemption for certain capital investments.,not passed,Reported Printed and Referred to Revenue & Taxation,2026-03-04,https://legislature.idaho.gov/sessioninfo/2026/legislation/H0820/,,,,https://openstates.org/id/bills/2026/H820/
os-a7cf670d-8353-48e7-a016-fab515cadc26,bill,Kansas,SB 526,"Requiring data centers to be located on land that was zoned for industrial or manufacturing uses or was not zoned on July 1, 2025, to qualify for the sales tax exemption for qualified data centers.",did not pass,Died in Committee,2026-03-04,https://www.kslegislature.gov/b2025_26/bills/SB526/,,data-center-limits,,https://openstates.org/ks/bills/2025-2026/SB526/
us-119-hr-7783,bill,Congress,H.R. 7783,AI-Ready Networks Act,not passed,Referred to the House Committee on Energy and Commerce.,2026-03-04,https://www.congress.gov/bill/119th-congress/house-bill/7783,,,,https://www.congress.gov/bill/119th-congress/house-bill/7783
os-57906160-bb22-4e7a-9b96-fc7b1e49d9b4,bill,Minnesota,SF 4114,Constitutional amendment proposal excluding artificial intelligence from the right to free speech,not passed,Referred to Judiciary and Public Safety,2026-03-04,https://www.revisor.mn.gov/bills/94/2026/0/SF/4114?body=Senate,,,,https://openstates.org/mn/bills/2025-2026/SF4114/
os-b7f29742-13f7-47a1-b7db-1aeda36b80a5,bill,Kentucky,HB 937,AN ACT relating to high intensity technological infrastructure.,not passed,to Natural Resources & Energy (H),2026-03-04,https://apps.legislature.ky.gov/record/26RS/hb937.html,,mandatory-reporting,,https://openstates.org/ky/bills/2026RS/HB937/
us-119-hr-7786,bill,Congress,H.R. 7786,AI Fraud Accountability Act,not passed,"Referred to the Committee on Energy and Commerce, and in addition to the Committees on the Judiciary, Science, Space, and Technology, and Foreign Affairs, for a period to be subsequently determined by the Speaker, in each case for consideration of such provisions as fall within the jurisdiction of the committee concerned.",2026-03-04,https://www.congress.gov/bill/119th-congress/house-bill/7786,,,,https://www.congress.gov/bill/119th-congress/house-bill/7786
us-119-s-3982,bill,Congress,S. 3982,AI Fraud Accountability Act of 2026,not passed,"Read twice and referred to the Committee on Commerce, Science, and Transportation.",2026-03-04,https://www.congress.gov/bill/119th-congress/senate-bill/3982,,,,https://www.congress.gov/bill/119th-congress/senate-bill/3982
os-e39e02d8-e5c0-4b17-845d-b98755b9c432,bill,Kentucky,HB 856,AN ACT relating to data centers.,not passed,to Natural Resources & Energy (H),2026-03-03,https://apps.legislature.ky.gov/record/26RS/hb856.html,,data-center-limits; mandatory-reporting,Kentucky Energy and Environment Cabinet,https://openstates.org/ky/bills/2026RS/HB856/
os-d99a44ee-0096-4baf-b772-d8214b3a1292,bill,New York,A 10379,Prohibits artificial intelligence companions from using features which are considered unsafe for minors,not passed,SUBSTITUTED BY S9051B,2026-03-03,https://nyassembly.gov/leg/?bn=A10379&term=2025,kids-chatbots,use-restrictions,,https://openstates.org/ny/bills/2025-2026/A10379/
us-119-hr-7757,bill,Congress,H.R. 7757,KIDS Act,not passed,"Received in the Senate and Read twice and referred to the Committee on Commerce, Science, and Transportation.",2026-03-03,https://www.congress.gov/bill/119th-congress/house-bill/7757,,labeling-mandates,Federal Trade Commission; State Attorneys General,https://www.congress.gov/bill/119th-congress/house-bill/7757
os-acd8995b-7914-4cd3-84ae-07213443e3fe,bill,Alabama,HB 560,"Motor vehicles; operation of oversized vehicles operated by automate driving systems, prohibited",not passed,"Read for the first time and referred to the House Committee on Transportation, Utilities and Infrastructure",2026-03-03,https://alison.legislature.state.al.us/files/pdf/SearchableInstruments/2026RS/HB560-int.pdf,,use-restrictions,,https://openstates.org/al/bills/2026rs/HB560/
os-2d85d987-960e-493f-9fae-ebfeb2f5067c,bill,Kentucky,SB 330,AN ACT relating to data centers.,not passed,to Committee on Committees (S),2026-03-02,https://apps.legislature.ky.gov/record/26RS/sb330.html,power-bills,,,https://openstates.org/ky/bills/2026RS/SB330/
us-119-s-3957,bill,Congress,S. 3957,NSF AI Education Act of 2026,not passed,"Read twice and referred to the Committee on Commerce, Science, and Transportation.",2026-03-02,https://www.congress.gov/bill/119th-congress/senate-bill/3957,,,,https://www.congress.gov/bill/119th-congress/senate-bill/3957
os-ca114176-fe6e-4265-a211-e3a734bfb3a9,bill,Kentucky,SB 319,AN ACT relating to data centers.,not passed,to Committee on Committees (S),2026-03-02,https://apps.legislature.ky.gov/record/26RS/sb319.html,,data-center-limits; mandatory-reporting,,https://openstates.org/ky/bills/2026RS/SB319/
os-62badd13-161b-4a7d-9af6-eb4614dcde56,bill,Minnesota,HF 3893,"Use of artificial intelligence in psychotherapy services regulated, and civil penalties provided.",not passed,Author added Virnig,2026-03-02,https://www.revisor.mn.gov/bills/94/2026/0/HF/3893?body=House,ai-therapists,use-restrictions,,https://openstates.org/mn/bills/2025-2026/HF3893/
os-c1e000a0-4ede-4de7-864c-a5230c05404e,bill,Minnesota,SF 4014,Natural person requirement to be present when a commercial motor vehicle is operated by an automated driving system,not passed,Comm report: To pass as amended and re-refer to Judiciary and Public Safety,2026-03-02,https://www.revisor.mn.gov/bills/94/2026/0/SF/4014?body=Senate,,use-restrictions,,https://openstates.org/mn/bills/2025-2026/SF4014/
os-daa419f6-69cd-4d7f-91a7-ae6f5f941dce,bill,Minnesota,SF 4010,Certain autonomous vehicles regulations provision,not passed,Author added Westrom,2026-03-02,https://www.revisor.mn.gov/bills/94/2026/0/SF/4010?body=Senate,,,,https://openstates.org/mn/bills/2025-2026/SF4010/
os-f1141256-3961-49c3-a9f8-6736cadf286b,bill,Louisiana,HB 734,COMMERCE: Creates a consumer bill of rights regarding artificial intelligence,not passed,Discharged from the Committee on Commerce.,2026-02-27,https://www.legis.la.gov/Legis/BillInfo.aspx?i=250596,,,,https://openstates.org/la/bills/2026/HB734/
os-bf012db9-36a8-4fca-a788-e382f4487057,bill,Louisiana,HB 791,"COMMERCIAL REGULATIONS: Provides relative to the regulation of artificial intelligence (OR +$256,243 GF EX See Note)",not passed,"Read by title, under the rules, referred to the Committee on Commerce.",2026-02-27,https://www.legis.la.gov/Legis/BillInfo.aspx?i=250678,,,,https://openstates.org/la/bills/2026/HB791/
os-82b06b4c-c821-49ac-ae09-8beda3253e18,bill,Louisiana,HB 686,CRIME/MISDEMEANOR: Provides for the unlawful use of artificial intelligence in telephone calls (OR SEE FISC NOTE LF EX),not passed,"Read by title, under the rules, referred to the Committee on Administration of Criminal Justice.",2026-02-27,https://www.legis.la.gov/Legis/BillInfo.aspx?i=250548,ai-scams; deepfakes,use-restrictions,,https://openstates.org/la/bills/2026/HB686/
os-24706fcd-414f-463e-ab11-6a0e2c698e3c,bill,Louisiana,HB 880,"INSURANCE: Creates the Louisiana Artificial Intelligence Insurance Fairness Act (OR +$1,029,533 SG EX See Note)",not passed,"Read by title, under the rules, referred to the Committee on Insurance.",2026-02-27,https://www.legis.la.gov/Legis/BillInfo.aspx?i=250805,,,,https://openstates.org/la/bills/2026/HB880/
os-84a7bc7c-5abd-40f8-b682-e8a55997470b,bill,Louisiana,SB 347,"COLLEGES/UNIVERSITIES: Provides for the crime of ""unlawful deepfake"" to be added to the definition of power-based violence under the Campus Accountability and Safety Act. (gov sig)",passed,Signed by the Governor. Becomes Act No. 497.,2026-02-27,https://www.legis.la.gov/Legis/BillInfo.aspx?i=250875,deepfakes,use-restrictions,,https://openstates.org/la/bills/2026/SB347/
os-540879b1-e85f-40bb-88a4-8592c3db2a4e,bill,Louisiana,SB 346,SCHOOLS: Prohibits the use of deepfake material against students enrolled in K-12. (8/1/26),passed,Signed by the Governor. Becomes Act No. 496.,2026-02-27,https://www.legis.la.gov/Legis/BillInfo.aspx?i=250874,deepfakes,use-restrictions,Louisiana State Board of Elementary and Secondary Education,https://openstates.org/la/bills/2026/SB346/
os-1521cd39-f1a2-40ea-af34-fd2c0c3c18a3,bill,Louisiana,HB 639,ELECTIONS/CAMPAIGNS: Requires disclosure of the use of artificial intelligence in telephone campaign communications,passed,Signed by the Governor. Becomes Act No. 559.,2026-02-27,https://www.legis.la.gov/Legis/BillInfo.aspx?i=250501,deepfakes,labeling-mandates; new-agency-powers,Louisiana Board of Ethics,https://openstates.org/la/bills/2026/HB639/
us-119-hr-7734,bill,Congress,H.R. 7734,Land Grant Research Prioritization Act of 2026,not passed,"Referred to the Subcommittee on Conservation, Research, and Biotechnology.",2026-02-26,https://www.congress.gov/bill/119th-congress/house-bill/7734,,,,https://www.congress.gov/bill/119th-congress/house-bill/7734
os-cb498145-bc08-42da-8c09-83c02120509d,bill,Michigan,HB 5596,Businesses: other; Michigan zoning enabling act; make subject to the data center regulation act. Amends sec. 205 of 2006 PA 110 (MCL 125.3205).   TIE BAR WITH: HB 5594'26,not passed,bill electronically reproduced 02/26/2026,2026-02-26,https://legislature.mi.gov/Bills/Bill?ObjectName=2026-HB-5596,,data-center-limits,,https://openstates.org/mi/bills/2025-2026/HB5596/
os-c1806c4e-444e-42f1-b6c2-800b443305ff,bill,Michigan,HB 5594,Businesses: other; moratorium on certain approvals for and operation of any new data centers; provide for. Creates new act.   TIE BAR WITH: HB 5596'26,not passed,bill electronically reproduced 02/26/2026,2026-02-26,https://legislature.mi.gov/Bills/Bill?ObjectName=2026-HB-5594,,data-center-limits,,https://openstates.org/mi/bills/2025-2026/HB5594/
os-c0c01c35-d1f9-426c-87af-761010afaf21,bill,Michigan,HB 5595,Public utilities: public service commission; moratorium on approvals by the Michigan public service commission of any new enterprise data centers; provide for. Amends 1939 PA 3 (MCL 460.1 - 460.11) by adding sec. 10ii.,not passed,bill electronically reproduced 02/26/2026,2026-02-26,https://legislature.mi.gov/Bills/Bill?ObjectName=2026-HB-5595,,data-center-limits,,https://openstates.org/mi/bills/2025-2026/HB5595/
os-53f7eca5-cb82-40da-bbf5-61bff801bbb5,bill,Wisconsin,SB 1061,Relating to: moratorium on data centers.,did not pass,Failed to pass pursuant to Senate Joint Resolution 1,2026-02-26,https://docs.legis.wisconsin.gov/2025/proposals/reg/sen/bill/sb1061,,data-center-limits,,https://openstates.org/wi/bills/2025/SB1061/
os-f449924e-7e8a-4d17-bbbf-6aee35bc5696,bill,Minnesota,SF 3968,Data centers provisions modification,not passed,"Referred to Energy, Utilities, Environment, and Climate",2026-02-26,https://www.revisor.mn.gov/bills/94/2026/0/SF/3968?body=Senate,,,,https://openstates.org/mn/bills/2025-2026/SF3968/
os-c56b43ac-c8f3-4c40-a966-7edefe317a1c,resolution,South Carolina,H 5286,Data Center Moratorium,not passed,Member(s) request name removed as sponsor: Gilliam,2026-02-26,https://www.scstatehouse.gov/billsearch.php?billnumbers=5286&session=126&summary=B,,data-center-limits,,https://openstates.org/sc/bills/2025-2026/H5286/
os-52618f7e-04c3-400f-893d-8a4f0e34ba39,bill,Alabama,HB 524,Artificial Intelligence; state agencies required to perform quarterly AI-assisted review of rules,not passed,Read for the first time and referred to the House Committee on State Government,2026-02-26,https://alison.legislature.state.al.us/files/pdf/SearchableInstruments/2026RS/HB524-int.pdf,,,,https://openstates.org/al/bills/2026rs/HB524/
os-a0f984da-90de-4147-a9de-06b2b9f20c1d,bill,South Carolina,S 963,"Artificial intelligence, consumer protection",not passed,Referred to Committee on Banking and Insurance,2026-02-26,https://www.scstatehouse.gov/billsearch.php?billnumbers=963&session=126&summary=B,bias,,,https://openstates.org/sc/bills/2025-2026/S963/
os-e744508e-b5c1-4908-b516-0371c81b6caf,bill,Minnesota,SF 3984,Prior authorization  usage of algorithms or artificial intelligence prohibition provision,not passed,Author added Boldon,2026-02-26,https://www.revisor.mn.gov/bills/94/2026/0/SF/3984?body=Senate,ai-care-decisions,use-restrictions,,https://openstates.org/mn/bills/2025-2026/SF3984/
os-78d4dd37-c68e-4381-baa3-f06bcc91c5e6,bill,Wisconsin,SB 1066,Relating to: use of artificial intelligence to deny prior authorization for medical necessity or experimental status.,not passed,Senator Keyeski added as a coauthor,2026-02-26,https://docs.legis.wisconsin.gov/2025/proposals/reg/sen/bill/sb1066,ai-care-decisions,,,https://openstates.org/wi/bills/2025/SB1066/
us-119-s-3952,bill,Congress,S. 3952,Future of Artificial Intelligence Innovation Act of 2026,not passed,Star Print ordered on the bill.,2026-02-26,https://www.congress.gov/bill/119th-congress/senate-bill/3952,,,,https://www.congress.gov/bill/119th-congress/senate-bill/3952
os-f39b7307-84e1-464c-8805-e80eafdef1e5,bill,Connecticut,HB 5342,AN ACT CONCERNING THE USE OF ARTIFICIAL INTELLIGENCE AND OTHER MEANS TO GENERATE DECEPTIVE SYNTHETIC MEDIA AND AFFECT ELECTIONS.,did not pass,TABLED FOR HOUSE CALENDAR,2026-02-26,https://www.cga.ct.gov/asp/cgabillstatus/cgabillstatus.asp?selBillType=Bill&bill_num=HB5342&which_year=2026,deepfakes,,,https://openstates.org/ct/bills/2026/HB5342/
os-caac034d-b91c-4c6c-91c7-c4986d19da4a,bill,Louisiana,SB 246,HEALTH/ACC INSURANCE: Establishes requirements for health insurance issuers using artificial intelligence or automated decision systems. (8/1/26),not passed,Rules suspended.  Called from the Calendar.,2026-02-26,https://www.legis.la.gov/Legis/BillInfo.aspx?i=250421,ai-care-decisions,,,https://openstates.org/la/bills/2026/SB246/
os-febddebf-71e7-412d-a025-0d1cc259db55,bill,Minnesota,HF 3810,"Natural person required to be present when a commercial motor vehicle is operated by an automated driving system, and criminal penalties established.",not passed,Authors added Mekeland and Rehrauer,2026-02-26,https://www.revisor.mn.gov/bills/94/2026/0/HF/3810?body=House,,use-restrictions,,https://openstates.org/mn/bills/2025-2026/HF3810/
os-3a803c0e-a9ea-4164-a2bf-10cad96e28d8,bill,Louisiana,HB 459,ELECTIONS/CANDIDATES: Provides relative to the use of artificial intelligence in political campaigns,passed,Signed by the Governor. Becomes Act No. 806.,2026-02-26,https://www.legis.la.gov/Legis/BillInfo.aspx?i=250271,deepfakes,labeling-mandates; use-restrictions,,https://openstates.org/la/bills/2026/HB459/
os-94fa6cd8-3b80-42dd-a76d-23088787d66b,bill,New York,S 9288,Repeals paragraph 37 of subdivision (a) of section 1115 of the tax law and subdivision (y) of section 1115 of the tax law relating to sale and use taxes with respect to data centers,not passed,REFERRED TO BUDGET AND REVENUE,2026-02-25,https://nyassembly.gov/leg/?bn=S09288&term=2025,,,,https://openstates.org/ny/bills/2025-2026/S9288/
os-e3a466e9-8d3d-416e-9430-dfb8ba8525b9,bill,Alabama,SB 328,Artificial Intelligence; state agencies required to perform quarterly AI-assisted review of rules,not passed,Read for the first time and referred to the Senate Committee on Fiscal Responsibility and Economic Development,2026-02-25,https://alison.legislature.state.al.us/files/pdf/SearchableInstruments/2026RS/SB328-int.pdf,,,,https://openstates.org/al/bills/2026rs/SB328/
os-c998c671-cfcd-4141-a4da-70e8b68e2458,bill,Louisiana,HB 425,CONSUMERS/PROTECTION: Provides for consumer protection practices for customers engaging with artificial intelligence (OR SEE FISC NOTE GF EX),not passed,"Read by title, under the rules, referred to the Committee on Commerce.",2026-02-25,https://www.legis.la.gov/Legis/BillInfo.aspx?i=250197,,,,https://openstates.org/la/bills/2026/HB425/
os-baac9ebc-9d68-4958-9ad6-58a82a804b5c,bill,Iowa,SSB 3181,"A bill for an act making certain sales and use tax exemptions relating to nuclear electric generation facilities, web search portal businesses, and data center businesses contingent upon making contributions to institutions of higher education governed by the state board of regents.",not passed,"Committee report approving bill, renumbered as SF 2498.",2026-02-25,https://www.legis.iowa.gov/legislation/billTracking/billHistory?billName=SSB 3181&ga=91,,,,https://openstates.org/ia/bills/2025-2026/SSB3181/
os-4e8ff354-6db6-4d71-9bad-8047315cb144,bill,Pennsylvania,HB 2246,"An Act amending Title 27 (Environmental Resources) of the Pennsylvania Consolidated Statutes, in water resources planning, further providing for State water plan and providing for covered data centers; and promulgating regulations.",not passed,Referred to Environmental Resources & Energy,2026-02-25,https://www.palegis.us/legislation/bills/2025/hb2246,,,,https://openstates.org/pa/bills/2025-2026/HB2246/
us-119-hr-7697,bill,Congress,H.R. 7697,International AI Energy Grid Modernization Strategy Act,not passed,Referred to the House Committee on Foreign Affairs.,2026-02-25,https://www.congress.gov/bill/119th-congress/house-bill/7697,,,,https://www.congress.gov/bill/119th-congress/house-bill/7697
us-119-hr-7696,bill,Congress,H.R. 7696,AI Cyber Grid Protection Resilient Development Act of 2026,not passed,Referred to the Subcommittee on Cybersecurity and Infrastructure Protection.,2026-02-25,https://www.congress.gov/bill/119th-congress/house-bill/7696,,,,https://www.congress.gov/bill/119th-congress/house-bill/7696
os-7c8f3ccd-7d02-4794-9ebf-946a65140a1f,bill,Louisiana,HB 421,LABOR: Provides relative to the use of automated decision systems with respect to employment decisions (OR INCREASE GF EX See Note),not passed,"Read by title, under the rules, referred to the Committee on Labor and Industrial Relations.",2026-02-25,https://www.legis.la.gov/Legis/BillInfo.aspx?i=250193,,,,https://openstates.org/la/bills/2026/HB421/
os-31168baa-6252-4748-87e7-8e0411b05301,bill,Georgia,SB 559,"""Fair Business Practices Act of 1975""; any person from facilitating noncompete agreements between residential rental property owners or managers, including by use of algorithmic coordinating functions; prohibit",not passed,Senate Read and Referred,2026-02-24,https://www.legis.ga.gov/legislation/73540,algorithmic-pricing,use-restrictions,,https://openstates.org/ga/bills/2025_26/SB559/
os-538a5dfd-a776-4dc0-ba85-616fa4cdadd9,bill,Missouri,HB 3390,Creates new provisions related to the construction of data centers,not passed,Referred: Emerging Issues(H),2026-02-24,https://www.house.mo.gov/BillContent.aspx?bill=HB3390&year=2026&code=R&style=new,,,,https://openstates.org/mo/bills/2026/HB3390/
os-ab0f1c1d-2bd6-421e-be0d-8ba3eff55936,bill,Ohio,HB 710,"Prohibit public support, limit construction of, new data centers",not passed,Referred to committee,2026-02-24,https://www.legislature.ohio.gov/legislation/136/hb710,,data-center-limits,,https://openstates.org/oh/bills/136/HB710/
os-275c2835-1787-4c0c-a5c3-14a4c23e57f1,bill,Michigan,HB 5579,Labor: fair employment practices; use of electronic monitoring or automated decisions tools by an employer; prohibit except for certain purposes. Creates new act.,not passed,bill electronically reproduced 02/24/2026,2026-02-24,https://legislature.mi.gov/Bills/Bill?ObjectName=2026-HB-5579,surveillance,use-restrictions,,https://openstates.org/mi/bills/2025-2026/HB5579/
os-8b1cebb8-5f46-40af-9a13-61200bad5ee9,bill,South Carolina,H 5253,Ai in education,not passed,Referred to Committee on Education and Public Works,2026-02-24,https://www.scstatehouse.gov/billsearch.php?billnumbers=5253&session=126&summary=B,privacy,,,https://openstates.org/sc/bills/2025-2026/H5253/
os-afd340c1-598d-46cf-b4f1-be18ced7ab1b,bill,New Jersey,S 3668,Requires notification of use of artificial intelligence system in certain communications with consumers.,not passed,"Introduced in the Senate, Referred to Senate Commerce Committee",2026-02-24,https://www.njleg.state.nj.us/bill-search/2026/S3668,,labeling-mandates,,https://openstates.org/nj/bills/222/S3668/
os-331f4c21-704b-4875-b954-51384de4f890,bill,Iowa,HF 2715,"A bill for an act relating to chatbots, including deployer requirements and interactions with minors.",not passed,"Introduced, placed on calendar.",2026-02-24,https://www.legis.iowa.gov/legislation/billTracking/billHistory?billName=HF 2715&ga=91,kids-chatbots,,,https://openstates.org/ia/bills/2025-2026/HF2715/
os-f44bc4b8-a2e4-4490-ae87-94e8c3c538c2,bill,New Jersey,S 3639,"Requires BPU, DCA, and DEP to establish expedited approval and permitting procedures for artificial intelligence data centers powered by small modular nuclear reactors.",not passed,"Introduced in the Senate, Referred to Senate Economic Growth Committee",2026-02-24,https://www.njleg.state.nj.us/bill-search/2026/S3639,,,New Jersey Board of Public Utilities; New Jersey Department of Consumer Affairs; New Jersey Department of Environmental Protection,https://openstates.org/nj/bills/222/S3639/
os-89b010ca-de09-4762-b8b8-0fc9f39ec361,bill,New Jersey,S 3702,Restricts use of certain artificial intelligence generated communications in election campaigns.,not passed,"Introduced in the Senate, Referred to Senate State Government, Wagering, Tourism & Historic Preservation Committee",2026-02-24,https://www.njleg.state.nj.us/bill-search/2026/S3702,deepfakes,use-restrictions,,https://openstates.org/nj/bills/222/S3702/
os-71a3f049-5e34-486b-b430-48c0465cd01d,bill,Louisiana,HB 295,TECHNOLOGY: Prohibits the development of artificial intelligence systems with certain capabilities involving interactions with minors (OR SEE FISC NOTE GF EX),not passed,"Read by title, under the rules, referred to the Committee on Commerce.",2026-02-24,https://www.legis.la.gov/Legis/BillInfo.aspx?i=250015,kids-chatbots,use-restrictions,,https://openstates.org/la/bills/2026/HB295/
os-8af322e7-addb-4485-a8d2-848b70a602d6,bill,Utah,SB 318,Data Center Non Disclosure Amendments,not passed,Senate/ filed,2026-02-23,https://le.utah.gov/~2026/bills/static/SB0318.html,,,,https://openstates.org/ut/bills/2026/SB318/
os-05fd82ab-2e04-42cd-b605-802b500455bf,bill,Maryland,SB 1000,Certificates of Public Convenience and Necessity and Construction of Data Centers,not passed,First Reading Senate Rules,2026-02-23,http://mgaleg.maryland.gov/mgawebsite/Legislation/Details/sb1000?ys=2026RS,,,,https://openstates.org/md/bills/2026/SB1000/
os-ae18899e-6928-4a5f-866f-6fc755d130b9,bill,Iowa,HF 2691,A bill for an act relating to the ownership of artificial intelligence output and trained artificial intelligence.,not passed,Placed on calendar under unfinished business.,2026-02-23,https://www.legis.iowa.gov/legislation/billTracking/billHistory?billName=HF 2691&ga=91,,,,https://openstates.org/ia/bills/2025-2026/HF2691/
os-3f9318c4-8739-4f7f-8db8-60ba11d63981,bill,Iowa,HF 2688,A bill for an act relating to investment requirements for data center businesses that claim certain sales tax exemptions and sales and use tax refunds.,not passed,"Introduced, referred to Ways and Means.",2026-02-23,https://www.legis.iowa.gov/legislation/billTracking/billHistory?billName=HF 2688&ga=91,,,,https://openstates.org/ia/bills/2025-2026/HF2688/
os-fe2275f6-80d6-42b7-96b3-1de90fa5dd52,bill,Iowa,HF 2690,"A bill for an act relating to water and energy use for data centers, including reporting and tariff requirements, and including effective date provisions.",not passed,"Amendments H-8212, H-8213 and H-8214 filed.",2026-02-23,https://www.legis.iowa.gov/legislation/billTracking/billHistory?billName=HF 2690&ga=91,,mandatory-reporting,,https://openstates.org/ia/bills/2025-2026/HF2690/
os-af8ede6e-ab05-4507-8d7d-73163f99d529,bill,Iowa,SF 2421,"A bill for an act relating to utilization review organizations’ use of artificial intelligence, prior authorization determinations and exemptions, and audits, and including applicability provisions.",withdrawn,Withdrawn.,2026-02-23,https://www.legis.iowa.gov/legislation/billTracking/billHistory?billName=SF 2421&ga=91,,,,https://openstates.org/ia/bills/2025-2026/SF2421/
os-65f70ee5-1260-44c8-bc5e-39c6775e5065,bill,Iowa,HF 2673,"A bill for an act relating to the operation of driverless-capable vehicles transporting hazardous materials, and making penalties applicable.",not passed,Placed on calendar under unfinished business.,2026-02-23,https://www.legis.iowa.gov/legislation/billTracking/billHistory?billName=HF 2673&ga=91,,,,https://openstates.org/ia/bills/2025-2026/HF2673/
os-718ca15e-fc19-40e9-a690-cdec70185e89,bill,Louisiana,SB 110,CRIME/PUNISHMENT: Prohibits using a child's image to train artificial intelligence to produce child sexual abuse materials. (8/1/26),passed,Signed by the Governor. Becomes Act No. 211.,2026-02-23,https://www.legis.la.gov/Legis/BillInfo.aspx?i=249993,deepfakes,use-restrictions,,https://openstates.org/la/bills/2026/SB110/
os-9d2f7c2f-66d9-4b59-a5c8-5fb0f11342b9,bill,California,AB 2619,Water resources: data centers.,passed,"Chaptered by Secretary of State - Chapter 437, Statutes of 2026.",2026-02-20,http://leginfo.legislature.ca.gov/faces/billNavClient.xhtml?bill_id=202520260AB2619,,,,https://openstates.org/ca/bills/20252026/AB2619/
os-d8e35e47-baaa-480c-bf69-4769e70f6082,bill,California,AB 2383,Electricity: data centers.,passed,"Chaptered by Secretary of State - Chapter 435, Statutes of 2026.",2026-02-20,http://leginfo.legislature.ca.gov/faces/billNavClient.xhtml?bill_id=202520260AB2383,,,,https://openstates.org/ca/bills/20252026/AB2383/
os-1f701cd3-30f5-48b2-9295-79de5c9ab404,bill,California,AB 2469,Data centers: water use disclosures.,passed,"Chaptered by Secretary of State - Chapter 436, Statutes of 2026.",2026-02-20,http://leginfo.legislature.ca.gov/faces/billNavClient.xhtml?bill_id=202520260AB2469,,data-center-limits; mandatory-reporting,,https://openstates.org/ca/bills/20252026/AB2469/
os-40a83692-bbff-43af-b420-8f23fbb1302f,bill,California,AB 2583,Office of Small Business Advocate: artificial intelligence.,not passed,In committee: Held under submission.,2026-02-20,http://leginfo.legislature.ca.gov/faces/billNavClient.xhtml?bill_id=202520260AB2583,,,,https://openstates.org/ca/bills/20252026/AB2583/
os-ff66c287-1cc2-480b-b2e1-5ca50b55f4c8,bill,California,AB 2487,Artificial intelligence: education and workforce development.,not passed,"In committee: Set, first hearing. Hearing canceled at the request of author.",2026-02-20,http://leginfo.legislature.ca.gov/faces/billNavClient.xhtml?bill_id=202520260AB2487,,,,https://openstates.org/ca/bills/20252026/AB2487/
os-3a6f635d-c983-4bcf-a9bc-1dcc785cad54,bill,California,AB 2504,Community colleges: artificial intelligence: pilot program.,passed,"Chaptered by Secretary of State - Chapter 305, Statutes of 2026.",2026-02-20,http://leginfo.legislature.ca.gov/faces/billNavClient.xhtml?bill_id=202520260AB2504,,,,https://openstates.org/ca/bills/20252026/AB2504/
os-ef6a9dc0-cad5-41c2-acf9-e6f2b5f8d8e3,bill,California,AB 2545,Report: labor force impact: artificial intelligence.,not passed,In committee: Held under submission.,2026-02-20,http://leginfo.legislature.ca.gov/faces/billNavClient.xhtml?bill_id=202520260AB2545,job-loss,,,https://openstates.org/ca/bills/20252026/AB2545/
os-17646ab4-fc60-439c-92d9-97a784df5757,bill,California,AB 2392,Public postsecondary education: generative artificial intelligence systems: procurement standards: training.,sent to the governor,Enrolled and presented to the Governor at 4 p.m.,2026-02-20,http://leginfo.legislature.ca.gov/faces/billNavClient.xhtml?bill_id=202520260AB2392,,,,https://openstates.org/ca/bills/20252026/AB2392/
os-9d032192-f7c7-426e-9540-a53676c690bd,bill,California,AB 2656,Public employees: notice: artificial intelligence performing service within scope of work.,sent to the governor,Enrolled and presented to the Governor at 4 p.m.,2026-02-20,http://leginfo.legislature.ca.gov/faces/billNavClient.xhtml?bill_id=202520260AB2656,,,,https://openstates.org/ca/bills/20252026/AB2656/
os-19f7ea54-1b57-4f3b-b0c4-aab76b5f7d24,bill,California,AB 2575,Health care services: artificial intelligence.,sent to the governor,Enrolled and presented to the Governor at 3 p.m.,2026-02-20,http://leginfo.legislature.ca.gov/faces/billNavClient.xhtml?bill_id=202520260AB2575,ai-care-decisions,,California Labor Commissioner,https://openstates.org/ca/bills/20252026/AB2575/
os-f77416e4-7a3a-4bf4-a35e-57062021df74,bill,California,AB 2502,Vehicles: driving under the influence: driving automation.,sent to the governor,Enrolled and presented to the Governor at 4 p.m.,2026-02-20,http://leginfo.legislature.ca.gov/faces/billNavClient.xhtml?bill_id=202520260AB2502,,,,https://openstates.org/ca/bills/20252026/AB2502/
os-0c5607ff-a283-4172-b8bc-3a021fa34ac9,bill,Colorado,HB 1286,Automated Driving System Commercial Vehicles,vetoed,Governor Vetoed,2026-02-20,https://leg.colorado.gov/bills/HB26-1286,self-driving,use-restrictions,,https://openstates.org/co/bills/2026A/HB1286/
os-51079868-aa19-40ea-8b8c-af1fb9219a97,bill,California,AB 2653,State contracts: report: modern foundation models and associated artificial intelligence systems.,not passed,In committee: Held under submission.,2026-02-20,http://leginfo.legislature.ca.gov/faces/billNavClient.xhtml?bill_id=202520260AB2653,,,,https://openstates.org/ca/bills/20252026/AB2653/
os-850f9cf9-dc57-4bc9-a95c-ec4bd5afd369,bill,Iowa,HF 2609,"A bill for an act relating to the use of synthetic media in campaign materials, and making penalties applicable.",not passed,"Subcommittee: Rozenboom, Schultz, and Winckler.",2026-02-19,https://www.legis.iowa.gov/legislation/billTracking/billHistory?billName=HF 2609&ga=91,deepfakes,use-restrictions,,https://openstates.org/ia/bills/2025-2026/HF2609/
os-897f96e1-ab57-4ece-a45c-bd869c634878,bill,Iowa,SF 2414,A bill for an act relating to automated decision systems used by employers.,not passed,"Subcommittee: Driscoll, Donahue, and Pike.",2026-02-19,https://www.legis.iowa.gov/legislation/billTracking/billHistory?billName=SF 2414&ga=91,,,,https://openstates.org/ia/bills/2025-2026/SF2414/
os-8475e488-2c33-45be-911d-9cdec1a78215,bill,California,SB 1248,State agencies: automated decision systems.,not passed,May 14 hearing: Held in committee and under submission.,2026-02-19,http://leginfo.legislature.ca.gov/faces/billNavClient.xhtml?bill_id=202520260SB1248,bias,,,https://openstates.org/ca/bills/20252026/SB1248/
os-9b76ffb5-275d-456f-b376-7ac90f8b533d,bill,Georgia,HB 1387,Ad valorem tax; state-wide homestead exemption in an amount as determined from proceeds generated from collection of certain ad valorem property taxes on data centers,not passed,House Second Readers,2026-02-19,https://www.legis.ga.gov/legislation/73424,,,,https://openstates.org/ga/bills/2025_26/HB1387/
os-d5be8254-753c-4ccf-8969-cc6b243a7b00,bill,Connecticut,SB 245,AN ACT ELIMINATING CERTAIN TAX INCENTIVES FOR DATA CENTERS.,not passed,"FAV. CHG. OF REF. HOUSE TO COMM. ON Finance, Revenue and Bonding",2026-02-19,https://www.cga.ct.gov/asp/cgabillstatus/cgabillstatus.asp?selBillType=Bill&bill_num=SB245&which_year=2026,,,,https://openstates.org/ct/bills/2026/SB245/
os-a84ae94d-f4cd-48aa-b004-2fcc3691a9c5,bill,South Carolina,H 5215,Data Center Utility Costs,not passed,Scrivener's error corrected,2026-02-19,https://www.scstatehouse.gov/billsearch.php?billnumbers=5215&session=126&summary=B,power-bills,data-center-limits,South Carolina Department of Environmental Services; South Carolina Public Service Commission,https://openstates.org/sc/bills/2025-2026/H5215/
os-b253cc44-466a-456c-9a0e-997f075a71b1,bill,New Jersey,A 4096,Requires data center owners and operators to submit semi-annual water and energy usage reports to BPU.,not passed,Substituted by S3379 (2R),2026-02-19,https://www.njleg.state.nj.us/bill-search/2026/A4096,,mandatory-reporting,,https://openstates.org/nj/bills/222/A4096/
os-0010f68b-e796-4fcb-8719-b0c9ade29c94,bill,New Jersey,A 4163,"Provides civil penalties for campaign advertisements containing ""deepfake"" misrepresentations of candidates.",not passed,"Introduced, Referred to Assembly State and Local Government Committee",2026-02-19,https://www.njleg.state.nj.us/bill-search/2026/A4163,deepfakes,use-restrictions,,https://openstates.org/nj/bills/222/A4163/
os-eadaf24f-fdeb-4104-9ed8-99bcc9e78fe1,bill,New Jersey,S 3611,Directs planning boards to submit certain data center development plans to BPU and State Planning Commission and requires State Planning Commission approval for data center development under MLUL; excludes data centers from economic development subsidies.,not passed,"Introduced in the Senate, Referred to Senate Community and Urban Affairs Committee",2026-02-19,https://www.njleg.state.nj.us/bill-search/2026/S3611,,data-center-limits; new-agency-powers,New Jersey Board of Public Utilities; New Jersey State Planning Commission,https://openstates.org/nj/bills/222/S3611/
os-2b0d08ae-b07d-42df-af7b-adbbe6c04948,bill,New Jersey,A 4352,Requires school districts to provide instruction on artificial intelligence; requires Secretary of Higher Education to develop artificial intelligence model curricula.,not passed,"Introduced, Referred to Assembly Science, Innovation and Technology Committee",2026-02-19,https://www.njleg.state.nj.us/bill-search/2026/A4352,,,,https://openstates.org/nj/bills/222/A4352/
os-443815a2-b466-4974-ad11-6c2788ec5f88,bill,Georgia,HB 1399,"Georgia Likeness, Expression, Generative AI, and Commercial Yield (LEGACY) Act; enact",not passed,House Second Readers,2026-02-19,https://www.legis.ga.gov/legislation/73441,,use-restrictions,,https://openstates.org/ga/bills/2025_26/HB1399/
os-407bf028-f3bc-43dc-8a76-25273d73dac5,bill,Louisiana,HB 230,CONSUMERS/PROTECTION: Provides for disclosure of artificial intelligence-generated content (OR SEE FISC NOTE GF EX),not passed,"Read by title, under the rules, referred to the Committee on Commerce.",2026-02-19,https://www.legis.la.gov/Legis/BillInfo.aspx?i=249894,,labeling-mandates,,https://openstates.org/la/bills/2026/HB230/
os-a6e25fb6-5fe9-48ab-b94f-2405b2badb42,bill,Missouri,HB 3369,Prohibits the issuance of permits for construction of data centers for one year in St. Louis,not passed,Referred: Emerging Issues(H),2026-02-19,https://www.house.mo.gov/BillContent.aspx?bill=HB3369&year=2026&code=R&style=new,,data-center-limits,,https://openstates.org/mo/bills/2026/HB3369/
os-3d0892a8-53f8-45b9-92f5-d9c97da8ccb0,bill,Iowa,SF 2415,"A bill for an act relating to provider requirements concerning the mental health of users of an artificial intelligence chatbot, and providing civil penalties.",not passed,"Subcommittee: McClintock, Bennett, and Sires.",2026-02-19,https://www.legis.iowa.gov/legislation/billTracking/billHistory?billName=SF 2415&ga=91,ai-therapists,,,https://openstates.org/ia/bills/2025-2026/SF2415/
os-b980e519-67d2-47bf-90e2-6ceaf693c924,bill,Georgia,SB 540,Online Internet Safety; certain disclosures related to conversational AI services; require,passed,Effective Date,2026-02-19,https://www.legis.ga.gov/legislation/73452,kids-chatbots; privacy,labeling-mandates; use-restrictions,,https://openstates.org/ga/bills/2025_26/SB540/
os-7e0a0600-0fa1-43c4-96f4-a15c2abdd1df,bill,Colorado,HB 1263,Conversational Artificial Intelligence Service Operator Requirements,passed,Governor Signed,2026-02-19,https://leg.colorado.gov/bills/HB26-1263,ai-therapists; kids-chatbots,id-age-checks; labeling-mandates; use-restrictions,Colorado Attorney General,https://openstates.org/co/bills/2026A/HB1263/
os-63ca3153-e04c-4e02-b650-0561308c10cd,bill,Iowa,SF 2384,"A bill for an act relating to the operation of driverless-capable vehicles, including associated civil and criminal liability, and making penalties applicable.",not passed,Placed on calendar under unfinished business.,2026-02-19,https://www.legis.iowa.gov/legislation/billTracking/billHistory?billName=SF 2384&ga=91,,,,https://openstates.org/ia/bills/2025-2026/SF2384/
os-8bb84568-51be-40f7-a292-2aa23cfe1c26,bill,California,AB 2193,Autonomous vehicles.,not passed,In committee: Held under submission.,2026-02-19,http://leginfo.legislature.ca.gov/faces/billNavClient.xhtml?bill_id=202520260AB2193,,,,https://openstates.org/ca/bills/20252026/AB2193/
os-af72a67f-0042-438d-ab5c-ef663e49f17d,bill,Missouri,HB 3365,Creates new provisions governing autonomous vehicles,not passed,Referred: Emerging Issues(H),2026-02-19,https://www.house.mo.gov/BillContent.aspx?bill=HB3365&year=2026&code=R&style=new,,,,https://openstates.org/mo/bills/2026/HB3365/
os-799ae13e-1cf0-4efe-9ff9-f0d7ab691862,bill,Minnesota,HF 3513,Autonomous vehicles regulated.,not passed,Authors added Allen and Repinski,2026-02-19,https://www.revisor.mn.gov/bills/94/2026/0/HF/3513?body=House,,,,https://openstates.org/mn/bills/2025-2026/HF3513/
os-84856a8a-5cff-41ee-9237-9f569454b676,bill,California,SB 1246,Autonomous vehicles.,sent to the governor,Enrolled and presented to the Governor at 2 p.m.,2026-02-19,http://leginfo.legislature.ca.gov/faces/billNavClient.xhtml?bill_id=202520260SB1246,,mandatory-reporting; new-agency-powers,California Commission on Peace Officer Standards and Training,https://openstates.org/ca/bills/20252026/SB1246/
os-8d3b1cea-6a55-4c05-9621-88ac9e657b9a,bill,Iowa,HF 2635,"A bill for an act relating to health carriers standards of conduct; utilization review organizations, artificial intelligence, audits, and prior authorizations; certificate of need processes; and including applicability provisions.",passed,Signed by Governor.,2026-02-19,https://www.legis.iowa.gov/legislation/billTracking/billHistory?billName=HF 2635&ga=91,ai-care-decisions,use-restrictions,,https://openstates.org/ia/bills/2025-2026/HF2635/
os-4be9e7c6-7cd2-4ab1-a540-b9e97dd54ec8,bill,California,SB 1146,Advertisement claims: health-related consumer products and services: digital replicas and synthetic performers.,not passed,August 13 hearing: Held in committee and under submission.,2026-02-18,http://leginfo.legislature.ca.gov/faces/billNavClient.xhtml?bill_id=202520260SB1146,deepfakes,labeling-mandates,,https://openstates.org/ca/bills/20252026/SB1146/
os-1b0b3cc7-f58f-4645-bab8-2fc1ee1aa85f,bill,Utah,HB 585,Data Center Amendments,not passed,House/ filed,2026-02-18,https://le.utah.gov/~2026/bills/static/HB0585.html,,,,https://openstates.org/ut/bills/2026/HB585/
os-5fa7bcc4-8793-4751-a174-86f5bd874c15,bill,Georgia,SB 530,Georgia Property Tax Fairness Fund; create,not passed,Senate Read and Referred,2026-02-18,https://www.legis.ga.gov/legislation/73380,,,,https://openstates.org/ga/bills/2025_26/SB530/
os-bc6d0909-d802-476a-aab3-d10d5e0f3523,bill,Alaska,SB 250,An Act relating to data centers; and relating to utility service for data centers.,not passed,(H) Heard & Held -- Recessed to a Call of the Chair --,2026-02-18,https://www.akleg.gov/basis/Bill/Detail/34?Root=SB250#tab5_4,,,,https://openstates.org/ak/bills/34/SB250/
os-1177fd84-8846-4cee-af6d-2a310c8ffebc,bill,Colorado,HB 1246,Consumer-Regulated Electric Utilities,did not pass,House Committee on Energy & Environment Postpone Indefinitely,2026-02-18,https://leg.colorado.gov/bills/HB26-1246,,,,https://openstates.org/co/bills/2026A/HB1246/
os-d9c8942e-ff6e-429d-a278-0862c0a02e67,bill,California,SB 1168,Data centers: rate structures.,passed,"Chaptered by Secretary of State. Chapter 440, Statutes of 2026.",2026-02-18,http://leginfo.legislature.ca.gov/faces/billNavClient.xhtml?bill_id=202520260SB1168,power-bills,,,https://openstates.org/ca/bills/20252026/SB1168/
os-5fb36241-4138-401d-ad4d-bf273ac7a4eb,bill,New York,S 9236,Relates to falsely reporting an incident through the use of artificial intelligence,not passed,REFERRED TO CODES,2026-02-18,https://nyassembly.gov/leg/?bn=S09236&term=2025,,,,https://openstates.org/ny/bills/2025-2026/S9236/
os-fda4b996-5383-4064-a8fd-7f62614a044a,bill,South Carolina,H 5206,Health insurance,not passed,"Referred to Committee on Labor, Commerce and Industry",2026-02-18,https://www.scstatehouse.gov/billsearch.php?billnumbers=5206&session=126&summary=B,ai-care-decisions,labeling-mandates,,https://openstates.org/sc/bills/2025-2026/H5206/
os-2adf1738-c5ed-4708-9c7c-9296395f1fd5,bill,California,AB 2169,Social media platforms: artificial intelligence models.,not passed,In committee: Held under submission.,2026-02-18,http://leginfo.legislature.ca.gov/faces/billNavClient.xhtml?bill_id=202520260AB2169,privacy,new-agency-powers,California Attorney General,https://openstates.org/ca/bills/20252026/AB2169/
os-e1d8d941-035b-4e16-8bc1-5771e0d84ff9,bill,Louisiana,HB 197,HEALTH CARE/PROVIDERS: Provides for the use of artificial intelligence by healthcare providers,not passed,"Read by title, under the rules, referred to the Committee on Health and Welfare.",2026-02-18,https://www.legis.la.gov/Legis/BillInfo.aspx?i=249841,,,,https://openstates.org/la/bills/2026/HB197/
os-8130c73c-9714-43fe-8298-cbfe0c3cbe41,bill,Idaho,H 727,SEX CRIMES – Amends existing law to revise a provision regarding video voyeurism and to revise a penalty for disclosing explicit synthetic media.,passed,"Reported Signed by Governor on March 25, 2026    Session Law Chapter 121    Effective: 07/01/2026",2026-02-18,https://legislature.idaho.gov/sessioninfo/2026/legislation/H0727/,deepfakes,use-restrictions,,https://openstates.org/id/bills/2026/H727/
os-455a15c2-282f-43b3-9566-6444c12d7206,bill,Connecticut,HB 5222,"AN ACT CONCERNING CONSUMER PROTECTION, CANNABIS, DATA PRIVACY, FIRE INSPECTIONS, CRIMINAL MISCHIEF AND ARTIFICIAL INTELLIGENCE.",passed,SIGNED BY GOVERNOR,2026-02-18,https://www.cga.ct.gov/asp/cgabillstatus/cgabillstatus.asp?selBillType=Bill&bill_num=HB5222&which_year=2026,,,,https://openstates.org/ct/bills/2026/HB5222/
os-63399321-7a20-40ac-95c3-98f5df1a9c7e,bill,California,SB 1159,Artificial intelligence: transparency and governance.,sent to the governor,Enrolled and presented to the Governor at 11 a.m.,2026-02-18,http://leginfo.legislature.ca.gov/faces/billNavClient.xhtml?bill_id=202520260SB1159,deepfakes; misinformation,,,https://openstates.org/ca/bills/20252026/SB1159/
os-282b7aed-0f65-40c7-a120-9c2a559e67ab,bill,Utah,HB 581,Autonomous Vehicle Amendments,not passed,House/ filed,2026-02-18,https://le.utah.gov/~2026/bills/static/HB0581.html,,,,https://openstates.org/ut/bills/2026/HB581/
os-d90df44e-8a58-40ef-a81d-f50a6f3cbf0b,bill,Georgia,HB 1323,Electrical service; require new data centers to operate as hybrid power data centers,not passed,House Second Readers,2026-02-17,https://www.legis.ga.gov/legislation/73252,,data-center-limits,Georgia Public Service Commission,https://openstates.org/ga/bills/2025_26/HB1323/
os-a1113777-0d96-4300-b33f-6c2f82a6078f,bill,California,SB 1111,Digital replicas.,sent to the governor,Enrolled and presented to the Governor at 4 p.m.,2026-02-17,http://leginfo.legislature.ca.gov/faces/billNavClient.xhtml?bill_id=202520260SB1111,deepfakes,use-restrictions,,https://openstates.org/ca/bills/20252026/SB1111/
os-7f8d1427-78ba-468d-aafd-d819671b3b2a,bill,Ohio,HB 706,Impose certain minimum requirements on data center customers,not passed,Referred to committee,2026-02-17,https://www.legislature.ohio.gov/legislation/136/hb706,,data-center-limits,,https://openstates.org/oh/bills/136/HB706/
os-b067b61a-9262-4d75-a2ac-6f62824e1c20,resolution,Georgia,SR 789,Senate Study Committee on the Impact of Artificial Intelligence; create,adopted,Senate Passed/Adopted By Substitute,2026-02-17,https://www.legis.ga.gov/legislation/73299,,,,https://openstates.org/ga/bills/2025_26/SR789/
os-c68f34c9-2172-4fd8-9af3-0a537c35de0d,bill,California,SB 1119,Companion chatbots: children's safety.,passed,"Chaptered by Secretary of State. Chapter 190, Statutes of 2026.",2026-02-17,http://leginfo.legislature.ca.gov/faces/billNavClient.xhtml?bill_id=202520260SB1119,kids-chatbots,mandatory-reporting,California Attorney General,https://openstates.org/ca/bills/20252026/SB1119/
os-e3d1bd17-cdcb-47af-9c9c-3df16809e6ad,bill,Georgia,HB 1351,State government; require state agencies to provide a notice to employees when using artificial intelligence in personnel matters,not passed,House Second Readers,2026-02-17,https://www.legis.ga.gov/legislation/73295,,,,https://openstates.org/ga/bills/2025_26/HB1351/
os-3742b5a5-5a25-4b34-ad8c-82e2c50e3246,bill,California,AB 2023,Companion chatbots: children's safety.,not passed,Ordered to inactive file at the request of Senator Padilla.,2026-02-17,http://leginfo.legislature.ca.gov/faces/billNavClient.xhtml?bill_id=202520260AB2023,ai-companions,mandatory-reporting; new-agency-powers,California Attorney General,https://openstates.org/ca/bills/20252026/AB2023/
os-78939abd-1a42-4d7d-8192-7f03e32943b4,bill,California,AB 2027,Worker data: prohibitions: artificial intelligence.,not passed,In committee: Held under submission.,2026-02-17,http://leginfo.legislature.ca.gov/faces/billNavClient.xhtml?bill_id=202520260AB2027,,,California Labor Commissioner; California local prosecutors,https://openstates.org/ca/bills/20252026/AB2027/
os-49f76207-af57-4b0c-90ba-c1dc6b7bfcd9,resolution,Georgia,HR 1371,House Study Committee on Code Revisions for Autonomous Vehicles; create,not passed,House Committee Favorably Reported By Substitute,2026-02-17,https://www.legis.ga.gov/legislation/73291,,,,https://openstates.org/ga/bills/2025_26/HR1371/
os-5efba7c8-ed9c-4cb0-adc3-9be05099a918,bill,West Virginia,HB 5620,To restore local control in the decision making process in regard to data centers,not passed,To House Judiciary,2026-02-16,https://www.wvlegislature.gov/Bill_Status/Bills_history.cfm?input=5620&year=2026&sessiontype=RS&btype=bill,,,,https://openstates.org/wv/bills/2026/HB5620/
os-a86cb1f4-d146-4ed8-a14f-1c146e2e216b,bill,West Virginia,HB 5590,Create a limited and predictable water-quantity review framework for High Impact Data Centers (HIDCs) in West Virginia.,not passed,To House Energy and Public Works,2026-02-16,https://www.wvlegislature.gov/Bill_Status/Bills_history.cfm?input=5590&year=2026&sessiontype=RS&btype=bill,,data-center-limits,,https://openstates.org/wv/bills/2026/HB5590/
os-5adc1cc7-994b-41fc-8f8a-da588b263e7f,bill,Iowa,HF 2447,"A bill for an act relating to water and energy use for data centers, including reporting and tariff requirements, and including effective date provisions.",not passed,"Committee report approving bill, renumbered as HF 2690.",2026-02-16,https://www.legis.iowa.gov/legislation/billTracking/billHistory?billName=HF 2447&ga=91,,,,https://openstates.org/ia/bills/2025-2026/HF2447/
os-c493c6ae-dbd2-43df-b377-da3f62829c8d,bill,Iowa,HF 2528,"A bill for an act modifying the duties of the workforce development board, state board of education, and department of education related to cyber and artificial intelligence.",not passed,"Introduced, placed on calendar.",2026-02-16,https://www.legis.iowa.gov/legislation/billTracking/billHistory?billName=HF 2528&ga=91,,,,https://openstates.org/ia/bills/2025-2026/HF2528/
os-5f740097-4ee4-487b-ae88-6d8b0c7a8f16,bill,Iowa,HF 2540,"A bill for an act relating to computer science and artificial intelligence education, including high school curricula and graduation requirements, and practitioner preparation programs, and including applicability provisions.",not passed,"Introduced, placed on calendar.",2026-02-16,https://www.legis.iowa.gov/legislation/billTracking/billHistory?billName=HF 2540&ga=91,,,,https://openstates.org/ia/bills/2025-2026/HF2540/
os-78fadbca-05cc-4c0c-958e-714f27f356e0,bill,Idaho,H 687,PROCUREMENT – Adds to existing law to establish provisions regarding unbiased artificial intelligence in state government purchasing.,not passed,"Introduced, read first time; referred to: State Affairs",2026-02-16,https://legislature.idaho.gov/sessioninfo/2026/legislation/H0687/,,,,https://openstates.org/id/bills/2026/H687/
os-f5df843c-a77d-44ab-a118-4443a4d7d812,bill,Iowa,HF 2469,"A bill for an act prohibiting the use of an automated decision-making system to alter the price of a product or service for a specific individual based on surveillance data, and providing civil penalties.",not passed,"Introduced, referred to Commerce.",2026-02-16,https://www.legis.iowa.gov/legislation/billTracking/billHistory?billName=HF 2469&ga=91,algorithmic-pricing,use-restrictions,,https://openstates.org/ia/bills/2025-2026/HF2469/
os-1a9163a2-45a3-4e62-9b19-f3c85acfb77e,bill,Iowa,HF 2507,"A bill for an act establishing requirements and guidelines for conversational AI services, and providing civil penalties, and including applicability provisions.",withdrawn,Withdrawn.,2026-02-16,https://www.legis.iowa.gov/legislation/billTracking/billHistory?billName=HF 2507&ga=91,,,,https://openstates.org/ia/bills/2025-2026/HF2507/
os-44ca75fe-ca3c-4914-97dd-f92d55af1b2a,bill,Maryland,HB 1595,Property Taxes - Authority of Counties to Establish a Subclass and Set a Special Rate for Personal Property of Data Centers,not passed,First Reading House Rules and Executive Nominations,2026-02-15,http://mgaleg.maryland.gov/mgawebsite/Legislation/Details/hb1595?ys=2026RS,,,,https://openstates.org/md/bills/2026/HB1595/
os-59ff46f1-4b6a-42da-8097-b3fc098afab1,bill,Maryland,HB 1534,Data Centers - Standards for Operation and Siting,not passed,Hearing 3/10 at 1:00 p.m.,2026-02-13,http://mgaleg.maryland.gov/mgawebsite/Legislation/Details/hb1534?ys=2026RS,,data-center-limits,,https://openstates.org/md/bills/2026/HB1534/
os-f52dce47-68cb-433e-bcd9-5df856ed3772,bill,Maryland,HB 1399,Consumer Protection - Consumer Reporting Agencies - Use of Algorithmic Systems,not passed,Hearing 3/10 at 1:00 p.m.,2026-02-13,http://mgaleg.maryland.gov/mgawebsite/Legislation/Details/hb1399?ys=2026RS,,,,https://openstates.org/md/bills/2026/HB1399/
os-715d5a62-c2cd-4b6c-ad18-0d02d1ed7a7f,bill,Maryland,HB 1411,Data Center Planning and Transparency Act,not passed,Hearing 3/10 at 1:00 p.m.,2026-02-13,http://mgaleg.maryland.gov/mgawebsite/Legislation/Details/hb1411?ys=2026RS,,,,https://openstates.org/md/bills/2026/HB1411/
os-7036ac90-6599-44be-96b9-12de35e7c58f,bill,Wisconsin,AB 1036,Relating to: prohibiting nondisclosure agreements intended to conceal information about a data center from the public.,did not pass,Failed to pass pursuant to Senate Joint Resolution 1,2026-02-13,https://docs.legis.wisconsin.gov/2025/proposals/reg/asm/bill/ab1036,,,,https://openstates.org/wi/bills/2025/AB1036/
os-260ba277-8629-4669-ab17-1433925c5359,bill,Louisiana,HB 157,TRADEMARKS/TRADE NAMES: Establishes a cause of action for misuse of artificial intelligence,not passed,"Read by title, under the rules, referred to the Committee on Civil Law and Procedure.",2026-02-13,https://www.legis.la.gov/Legis/BillInfo.aspx?i=249800,,,,https://openstates.org/la/bills/2026/HB157/
os-ee966e52-0a89-405f-b851-69bca33169be,bill,California,AB 1988,Companion chatbots: crisis interruption pauses.,not passed,"In committee: Set, final hearing. Hearing canceled at the request of author.",2026-02-13,http://leginfo.legislature.ca.gov/faces/billNavClient.xhtml?bill_id=202520260AB1988,,mandatory-reporting,California Office of Suicide Prevention,https://openstates.org/ca/bills/20252026/AB1988/
os-60efbe6c-97e6-4023-8796-99bdd29c6620,bill,Maryland,HB 1385,Health Insurance - Use of Artificial Intelligence - Human Evaluation,not passed,Hearing 3/12 at 1:00 p.m.,2026-02-13,http://mgaleg.maryland.gov/mgawebsite/Legislation/Details/hb1385?ys=2026RS,,,,https://openstates.org/md/bills/2026/HB1385/
os-0e0feaf2-09ee-4eb0-a8b8-674b7fe74feb,bill,Rhode Island,SB 2570,AN ACT RELATING TO HEALTH AND SAFETY -- USE OF ARTIFICIAL INTELLIGENCE BY HEALTHCARE PROVIDERS NOTIFICATION ACT,passed,06/22/2026 Signed by Governor,2026-02-13,http://webserver.rilegislature.gov/BillText/BillText26/SenateText26/S2570A.pdf,,labeling-mandates,,https://openstates.org/ri/bills/2026/SB2570/
os-6c7bff09-bd55-4a28-886b-e92fab6f0bf1,bill,Idaho,S 1297,ARTIFICIAL INTELLIGENCE – Adds to existing law to establish the Conversational AI Safety Act.,passed,Signed by Governor on 03/31/26    Session Law Chapter 249    Effective: 07/01/2027,2026-02-13,https://legislature.idaho.gov/sessioninfo/2026/legislation/S1297/,,,,https://openstates.org/id/bills/2026/S1297/
os-5c08e519-4989-46cb-a8c1-84d4c82cf7e5,bill,California,SB 1106,Agentic artificial intelligence.,not passed,August 13 hearing: Held in committee and under submission.,2026-02-13,http://leginfo.legislature.ca.gov/faces/billNavClient.xhtml?bill_id=202520260SB1106,,,,https://openstates.org/ca/bills/20252026/SB1106/
us-119-hr-7576,bill,Congress,H.R. 7576,AI Workforce Training Act,not passed,Referred to the House Committee on Ways and Means.,2026-02-13,https://www.congress.gov/bill/119th-congress/house-bill/7576,,,,https://www.congress.gov/bill/119th-congress/house-bill/7576
os-27027fe1-4d89-4b66-b142-bf83c09b5ab7,bill,Kentucky,HB 641,AN ACT relating to mental health chatbots.,not passed,to Small Business & Information Technology (H),2026-02-13,https://apps.legislature.ky.gov/record/26RS/hb641.html,privacy,labeling-mandates; new-agency-powers,Kentucky Attorney General,https://openstates.org/ky/bills/2026RS/HB641/
os-cb82093c-0c07-48f6-a228-90b42def8a2b,bill,California,AB 1979,Health care services: artificial intelligence.,sent to the governor,Enrolled and presented to the Governor at 4 p.m.,2026-02-13,http://leginfo.legislature.ca.gov/faces/billNavClient.xhtml?bill_id=202520260AB1979,ai-care-decisions,use-restrictions,California Medical Board; California Osteopathic Medical Board,https://openstates.org/ca/bills/20252026/AB1979/
os-c149a455-ecd2-4eba-9efe-1c206cda51ad,bill,Louisiana,HB 119,CRIME: Provides relative to unlawful conduct involving images of another person created by artificial intelligence (EN SEE FISC NOTE GF EX),passed,Signed by the Governor. Becomes Act No. 782.,2026-02-13,https://www.legis.la.gov/Legis/BillInfo.aspx?i=249762,deepfakes,use-restrictions,,https://openstates.org/la/bills/2026/HB119/
os-34250a08-8316-4c27-9aa3-e09ed9bccfbe,bill,New York,A 10216,Repeals paragraph 37 of subdivision (a) of section 1115 of the tax law and subdivision (y) of section 1115 of the tax law relating to sale and use taxes with respect to data centers,not passed,REFERRED TO WAYS AND MEANS,2026-02-12,https://nyassembly.gov/leg/?bn=A10216&term=2025,,,,https://openstates.org/ny/bills/2025-2026/A10216/
os-56e542b5-3f14-4bb4-b38b-611f741b46dc,bill,Maryland,HB 1250,Consumer Protection and Product Liability - Chatbots,not passed,Hearing 3/03 at 1:00 p.m.,2026-02-12,http://mgaleg.maryland.gov/mgawebsite/Legislation/Details/hb1250?ys=2026RS,,,,https://openstates.org/md/bills/2026/HB1250/
os-eb43a100-a974-4f2c-b69a-9fd33ebb4d1d,bill,Maryland,HB 1261,Consumer Protection - Artificial Intelligence Toys (Artificial Intelligence Toy Safety Act),not passed,Hearing 3/03 at 1:00 p.m.,2026-02-12,http://mgaleg.maryland.gov/mgawebsite/Legislation/Details/hb1261?ys=2026RS,,,,https://openstates.org/md/bills/2026/HB1261/
os-0250e469-9c86-40dd-b13c-4f414c8513a1,bill,New York,A 10251,Limits the use of automatic data systems in connection with employment,not passed,REFERRED TO LABOR,2026-02-12,https://nyassembly.gov/leg/?bn=A10251&term=2025,,labeling-mandates,,https://openstates.org/ny/bills/2025-2026/A10251/
os-608b5ce4-f40d-4ce3-9adb-c456acd36c24,bill,Rhode Island,HB 7764,AN ACT RELATING TO PROPERTY -- RESIDENTIAL LANDLORD AND TENANT ACT,not passed,03/18/2026 Committee recommended measure be held for further study,2026-02-12,http://webserver.rilegislature.gov/BillText/BillText26/HouseText26/H7764.pdf,algorithmic-pricing,use-restrictions,,https://openstates.org/ri/bills/2026/HB7764/
os-c4a5015b-c9b2-4931-98a9-f326633e58d6,bill,Maryland,HB 1294,Criminal Law - Child Sexual Abuse Material - Artificial Intelligence Software,not passed,Hearing 3/26 at 1:00 p.m.,2026-02-12,http://mgaleg.maryland.gov/mgawebsite/Legislation/Details/hb1294?ys=2026RS,deepfakes,use-restrictions,,https://openstates.org/md/bills/2026/HB1294/
os-e8d6b301-7e67-4d7d-aa24-766f3ddf69e5,bill,Rhode Island,HB 7767,AN ACT RELATING TO LABOR AND LABOR RELATIONS -- ARTIFICIAL INTELLIGENCE USE AND FAIR EMPLOYMENT PRACTICES,not passed,04/15/2026 Committee recommended measure be held for further study,2026-02-12,http://webserver.rilegislature.gov/BillText/BillText26/HouseText26/H7767.pdf,,,,https://openstates.org/ri/bills/2026/HB7767/
os-8eda9054-f848-4839-a09d-aab4af85969d,bill,Massachusetts,H 5073,Study Order,not passed,Discharged to the committee on House Rules,2026-02-12,https://malegislature.gov/Bills/194/H5073,,,,https://openstates.org/ma/bills/194th/H5073/
os-f1a85ddd-e350-45f0-a9f9-4daca0e36486,bill,California,AB 1898,Workplace artificial intelligence tools.,not passed,In committee: Held under submission.,2026-02-12,http://leginfo.legislature.ca.gov/faces/billNavClient.xhtml?bill_id=202520260AB1898,job-loss; surveillance,,,https://openstates.org/ca/bills/20252026/AB1898/
us-119-s-3888,bill,Congress,S. 3888,Small Business Artificial Intelligence Training Act of 2026,not passed,"Read twice and referred to the Committee on Commerce, Science, and Transportation.",2026-02-12,https://www.congress.gov/bill/119th-congress/senate-bill/3888,,,,https://www.congress.gov/bill/119th-congress/senate-bill/3888
os-247fdb75-3555-40d3-85f6-ad4c7c13688b,bill,Maryland,HB 1295,Vehicle Laws - Fully Autonomous Vehicles,not passed,Hearing 3/05 at 1:00 p.m.,2026-02-12,http://mgaleg.maryland.gov/mgawebsite/Legislation/Details/hb1295?ys=2026RS,,,,https://openstates.org/md/bills/2026/HB1295/
os-48acbfb2-ce63-4326-9651-859c93ff0558,bill,Iowa,HSB 727,A bill for an act relating to investment requirements for data center businesses that claim certain sales tax exemptions and sales and use tax refunds.,not passed,"Committee report approving bill, renumbered as HF 2688.",2026-02-11,https://www.legis.iowa.gov/legislation/billTracking/billHistory?billName=HSB 727&ga=91,,,,https://openstates.org/ia/bills/2025-2026/HSB727/
os-e4698c3e-2efa-4e3c-b381-4a5a1f1fd1a6,bill,Rhode Island,HB 7695,AN ACT RELATING TO STATE AFFAIRS AND GOVERNMENT -- RHODE ISLAND COMMERCE CORPORATION,not passed,05/07/2026 Committee recommended measure be held for further study,2026-02-11,http://webserver.rilegislature.gov/BillText/BillText26/HouseText26/H7695.pdf,,,,https://openstates.org/ri/bills/2026/HB7695/
os-afbb97d1-d201-4879-bdaa-4f929451fd13,bill,Massachusetts,H 5094,An Act enhancing disclosure requirements for synthetic media in political advertising,not passed,Read; and referred to the committee on Senate Ways and Means,2026-02-11,https://malegislature.gov/Bills/194/H5094,deepfakes,labeling-mandates,,https://openstates.org/ma/bills/194th/H5094/
os-e58b76f4-27e1-4630-b037-6024d11c9295,bill,New York,S 9182,Enacts the stop subsidizing data centers act,not passed,PRINT NUMBER 9182B,2026-02-11,https://nyassembly.gov/leg/?bn=S09182&term=2025,power-bills,data-center-limits; new-agency-powers,New York Department of Environmental Conservation,https://openstates.org/ny/bills/2025-2026/S9182/
os-f12e0a6a-ac71-4a3a-9f9b-0a79652bd38d,bill,Iowa,SF 2278,"A bill for an act prohibiting personalized algorithmic pricing and surveillance pricing at certain food retail establishments, and providing civil penalties.",not passed,"Subcommittee: Driscoll, Bisignano, and Zumbach.",2026-02-11,https://www.legis.iowa.gov/legislation/billTracking/billHistory?billName=SF 2278&ga=91,algorithmic-pricing,use-restrictions,,https://openstates.org/ia/bills/2025-2026/SF2278/
os-dfeef232-2ec7-4a63-87e4-09f1539dae61,resolution,South Carolina,S 920,Health insurance,not passed,Scrivener's error corrected,2026-02-11,https://www.scstatehouse.gov/billsearch.php?billnumbers=920&session=126&summary=B,ai-care-decisions,labeling-mandates,,https://openstates.org/sc/bills/2025-2026/S920/
os-a309f11c-54da-4564-92bf-7f86f1261b39,bill,Colorado,HB 1195,Psychotherapy Artificial Intelligence Restrictions,passed,Governor Signed,2026-02-11,https://leg.colorado.gov/bills/HB26-1195,ai-therapists; privacy,labeling-mandates; use-restrictions,Colorado Department of Regulatory Agencies,https://openstates.org/co/bills/2026A/HB1195/
os-e3810f9e-eb8b-479c-9d51-e20ac7b01865,bill,Colorado,SB 102,Large-Load Data Centers,did not pass,Senate Committee on Transportation & Energy Postpone Indefinitely,2026-02-11,https://leg.colorado.gov/bills/SB26-102,power-bills,data-center-limits; mandatory-reporting,Colorado Department of Public Health and Environment; Colorado Public Utilities Commission,https://openstates.org/co/bills/2026A/SB102/
os-6e46b812-1561-4370-ac27-92806437a818,bill,South Carolina,S 902,Data Centers,not passed,Referred to Committee on Judiciary,2026-02-10,https://www.scstatehouse.gov/billsearch.php?billnumbers=902&session=126&summary=B,power-bills,data-center-limits; mandatory-reporting,South Carolina Department of Environmental Services; South Carolina Public Service Commission,https://openstates.org/sc/bills/2025-2026/S902/
os-3d2f9294-a492-4131-b901-76e4a39a89f5,bill,Maryland,HB 1082,Large Load Customers - Data Centers and Rate Schedule Requirements,not passed,Hearing 3/03 at 1:00 p.m.,2026-02-10,http://mgaleg.maryland.gov/mgawebsite/Legislation/Details/hb1082?ys=2026RS,,,,https://openstates.org/md/bills/2026/HB1082/
os-e8488ced-2a2b-44e9-97d9-eb68633dbdb3,bill,Arizona,HB 4098,artificial intelligence business; attorney general,not passed,House Second Reading,2026-02-10,https://apps.azleg.gov/BillStatus/BillOverview/85620?SessionId=130,,,,https://openstates.org/az/bills/57th-2nd-regular/HB4098/
os-c7c9bcc4-f69b-43e8-8e4a-9361398f7e6a,bill,Georgia,SB 488,Torts; generative artificial intelligence systems shall constitute personal property for purposes of certain actions for product liability alleging injury to a minor; provide,did not pass,Senate Tabled,2026-02-10,https://www.legis.ga.gov/legislation/73067,kids-chatbots,,,https://openstates.org/ga/bills/2025_26/SB488/
os-51300a44-cd60-4faa-99d8-5c3723f1e299,bill,Kansas,HB 2772,Enacting the Kansas age-appropriate design code act to require businesses to assess and mitigate risks of compulsive use in minors; enacting the Kansas stopping likeness abuse by nonconsensual digital replicas act to create a private right of action for the unauthorized digital replication and distribution of individuals' digital likenesses; enacting the Kansas saving human connection act to prohibit deceptive practices and ensure transparency in chatbot interactions.,did not pass,Died in Committee,2026-02-10,https://www.kslegislature.gov/b2025_26/bills/HB2772/,deepfakes; kids-chatbots,labeling-mandates; use-restrictions,,https://openstates.org/ks/bills/2025-2026/HB2772/
os-9517cea5-0b83-48ee-9810-1207b3bd66d6,bill,South Carolina,H 5138,Chatbot Regulation,not passed,"Referred to Committee on Labor, Commerce and Industry",2026-02-10,https://www.scstatehouse.gov/billsearch.php?billnumbers=5138&session=126&summary=B,,use-restrictions,,https://openstates.org/sc/bills/2025-2026/H5138/
os-5a86fa30-a3d3-4239-a11c-dfb982f55e39,bill,Kentucky,SB 175,AN ACT relating to the establishment of the Kentucky Health Command.,not passed,to Committee on Committees (S),2026-02-10,https://apps.legislature.ky.gov/record/26RS/sb175.html,,new-agency-powers; use-restrictions,Kentucky Health Command,https://openstates.org/ky/bills/2026RS/SB175/
os-d8a14320-a8ad-4406-8b1a-82e695265ce1,bill,Louisiana,SB 42,CRIME/PUNISHMENT: Prohibits using artificial intelligence to create child sexual abuse materials. (8/1/26),passed,Signed by the Governor. Becomes Act No. 892.,2026-02-10,https://www.legis.la.gov/Legis/BillInfo.aspx?i=249745,deepfakes,use-restrictions,,https://openstates.org/la/bills/2026/SB42/
os-24ff1f0b-c5fa-4272-a043-a00ee262c0d8,bill,Iowa,HF 2375,"A bill for an act relating to conventional human drivers physically present in certain driverless-capable vehicles, and making penalties applicable. Effective date: 07/01/2026.",not passed,Subcommittee recommends passage.,2026-02-10,https://www.legis.iowa.gov/legislation/billTracking/billHistory?billName=HF 2375&ga=91,,,,https://openstates.org/ia/bills/2025-2026/HF2375/
os-cfa0b25a-ad26-40bd-a933-374aed1e476d,bill,Idaho,H 609,TAXATION – Amends existing law to revise a sales tax exemption for data center equipment and to revise a property tax exemption for certain capital investments.,not passed,Reported Printed and Referred to Revenue & Taxation,2026-02-09,https://legislature.idaho.gov/sessioninfo/2026/legislation/H0609/,,,,https://openstates.org/id/bills/2026/H609/
os-407ade10-2b84-43c6-8018-407f4904b632,bill,Arizona,HB 4009,data centers; state lands; map,did not pass,FAILED,2026-02-09,https://apps.azleg.gov/BillStatus/BillOverview/85520?SessionId=130,,,,https://openstates.org/az/bills/57th-2nd-regular/HB4009/
os-16d03b03-44b6-4a2d-8958-71998a45e8a2,bill,Maryland,HB 1057,"Education - Artificial Intelligence - Guidelines, Professional Development, and Collaborative (Artificial Intelligence Ready Schools Act)",not passed,Referred Rules,2026-02-09,http://mgaleg.maryland.gov/mgawebsite/Legislation/Details/hb1057?ys=2026RS,,,,https://openstates.org/md/bills/2026/HB1057/
os-fd9ef1f9-dd2b-4dd8-94fc-4301aba36897,bill,Arizona,HB 4005,artificial intelligence; course; public schools,vetoed,Vetoed by Governor,2026-02-09,https://apps.azleg.gov/BillStatus/BillOverview/85516?SessionId=130,,,,https://openstates.org/az/bills/57th-2nd-regular/HB4005/
os-6bd8868f-77c9-4626-89d5-3cf7baa0879a,bill,Kansas,SB 499,"Enacting the Kansas age-appropriate design code act to require businesses to assess and mitigate risks of compulsive use in minors, enacting the Kansas stopping likeness abuse by nonconsensual digital replicas act to create a private right of action for the unauthorized digital replication and distribution of individuals' digital likenesses and enacting the Kansas saving human connection act to prohibit deceptive practices and ensure transparency in chatbot interactions.",did not pass,Died in Committee,2026-02-09,https://www.kslegislature.gov/b2025_26/bills/SB499/,deepfakes; kids-chatbots,labeling-mandates,,https://openstates.org/ks/bills/2025-2026/SB499/
us-119-hr-7434,bill,Congress,H.R. 7434,AI Grand Challenges Act of 2026,not passed,"Referred to the House Committee on Science, Space, and Technology.",2026-02-09,https://www.congress.gov/bill/119th-congress/house-bill/7434,,,,https://www.congress.gov/bill/119th-congress/house-bill/7434
os-90f8741e-9640-47db-900c-35101428b855,bill,New York,A 10141,Imposes a moratorium on data center permit issuance; and relates to data center rate impacts,not passed,PRINT NUMBER 10141A,2026-02-09,https://nyassembly.gov/leg/?bn=A10141&term=2025,power-bills,data-center-limits,New York Public Service Commission,https://openstates.org/ny/bills/2025-2026/A10141/
us-119-s-3809,bill,Congress,S. 3809,AI Grand Challenges Act of 2026,not passed,"Read twice and referred to the Committee on Commerce, Science, and Transportation.",2026-02-09,https://www.congress.gov/bill/119th-congress/senate-bill/3809,,,,https://www.congress.gov/bill/119th-congress/senate-bill/3809
os-0d838dba-c280-43cc-9c05-d24c7508bf4b,bill,New Jersey,S 3379,Requires data center owners and operators to submit semi-annual water and energy usage reports to BPU.,passed,"Approved P.L.2026, c.75.",2026-02-09,https://www.njleg.state.nj.us/bill-search/2026/S3379,,mandatory-reporting,New Jersey Board of Public Utilities,https://openstates.org/nj/bills/222/S3379/
os-2a916b0d-93d2-44e7-9241-8266e1fb3a15,bill,Wisconsin,SB 969,Relating to: prohibiting nondisclosure agreements intended to conceal information about a data center from the public.,did not pass,Failed to pass pursuant to Senate Joint Resolution 1,2026-02-06,https://docs.legis.wisconsin.gov/2025/proposals/reg/sen/bill/sb969,,,,https://openstates.org/wi/bills/2025/SB969/
os-05f7003f-c4c0-4dd4-9cff-d587a2816d39,bill,Illinois,SB 3830,DATA CENTERS-VARIOUS,not passed,Senate Committee Amendment No. 2 Rule 3-9(a) / Re-referred to Assignments,2026-02-06,https://ilga.gov/Legislation/BillStatus?DocNum=3830&GAID=18&DocTypeID=SB&LegId=167238&SessionID=114,,,,https://openstates.org/il/bills/104th/SB3830/
os-5ebf8b9a-8518-4d7f-b4c8-04e230d2cf85,bill,Maryland,SB 697,Election Law - Actions to Influence an Election - Social Media Platform Algorithms and Bots Purchased by Foreign Nationals,not passed,Hearing 4/01 at 1:00 p.m.,2026-02-06,http://mgaleg.maryland.gov/mgawebsite/Legislation/Details/sb0697?ys=2026RS,,,,https://openstates.org/md/bills/2026/SB697/
os-4150356f-a4b4-44e9-98ef-9ccaa2727697,bill,Illinois,HB 5513,HYPERSCALE DATA CENTERS,not passed,Added Co-Sponsor Rep. Suzanne M. Ness,2026-02-06,https://ilga.gov/Legislation/BillStatus?DocNum=5513&GAID=18&DocTypeID=HB&LegId=167488&SessionID=114,,,,https://openstates.org/il/bills/104th/HB5513/
os-16a8f60c-9661-44c7-8d01-97702b383336,bill,Illinois,SB 4016,HYPERSCALE DATA CENTERS,not passed,Added as Co-Sponsor Sen. Karina Villa,2026-02-06,https://ilga.gov/Legislation/BillStatus?DocNum=4016&GAID=18&DocTypeID=SB&LegId=167565&SessionID=114,,,,https://openstates.org/il/bills/104th/SB4016/
os-01182286-2574-4b62-8c51-9ecf51a94503,bill,Kentucky,HB 593,AN ACT relating to data centers.,not passed,"returned to Economic Development, Tourism, & Labor (S)",2026-02-06,https://apps.legislature.ky.gov/record/26RS/hb593.html,power-bills,data-center-limits,,https://openstates.org/ky/bills/2026RS/HB593/
os-9c482b70-bac4-419d-b3c4-c033ab754f06,bill,Wisconsin,SB 932,Relating to: the legal status of artificial intelligence.,did not pass,Failed to pass pursuant to Senate Joint Resolution 1,2026-02-06,https://docs.legis.wisconsin.gov/2025/proposals/reg/sen/bill/sb932,,,,https://openstates.org/wi/bills/2025/SB932/
os-64d0e188-1957-4875-aee3-b56bc52262b1,bill,Maryland,SB 827,Consumer Protection and Product Liability - Chatbots,not passed,Hearing 3/12 at 1:00 p.m.,2026-02-06,http://mgaleg.maryland.gov/mgawebsite/Legislation/Details/sb0827?ys=2026RS,,,,https://openstates.org/md/bills/2026/SB827/
os-277e3f0d-2650-44ef-bf0d-3aa6057452c4,bill,Wisconsin,SB 939,Relating to: artificial intelligence systems that simulate humanlike relationships with children and providing a penalty.,did not pass,Failed to pass pursuant to Senate Joint Resolution 1,2026-02-06,https://docs.legis.wisconsin.gov/2025/proposals/reg/sen/bill/sb939,kids-chatbots,use-restrictions,,https://openstates.org/wi/bills/2025/SB939/
os-2a7f2007-a59a-44aa-850a-35c4d2c0ec40,bill,Rhode Island,HB 7543,AN ACT RELATING TO COMMERCIAL LAW -- GENERAL REGULATORY PROVISIONS -- INTERNET ACCESS AND ADVERTISING BY FACSIMILE,not passed,04/08/2026 Committee recommended measure be held for further study,2026-02-06,http://webserver.rilegislature.gov/BillText/BillText26/HouseText26/H7543.pdf,,labeling-mandates,,https://openstates.org/ri/bills/2026/HB7543/
os-c2d2908f-c4eb-40ba-8850-10d8005d7225,bill,Maryland,HB 995,Health Occupations - Behavioral Health Care Providers - Use of Artificial Intelligence,withdrawn,Withdrawn by Sponsor,2026-02-06,http://mgaleg.maryland.gov/mgawebsite/Legislation/Details/hb0995?ys=2026RS,,,,https://openstates.org/md/bills/2026/HB995/
os-eac538cc-c2d5-480f-8082-dc08b4a992d8,bill,New York,S 9144,Imposes a moratorium on data center permit issuance; and relates to data center rate impacts,not passed,PRINT NUMBER 9144A,2026-02-06,https://nyassembly.gov/leg/?bn=S09144&term=2025,power-bills,data-center-limits,New York Public Service Commission,https://openstates.org/ny/bills/2025-2026/S9144/
os-255479d6-1c7e-4761-91ee-0aa9eb6d9103,bill,Rhode Island,HB 7538,AN ACT RELATING TO HEALTH AND SAFETY -- USE OF ARTIFICIAL INTELLIGENCE BY HEALTHCARE PROVIDERS NOTIFICATION ACT,passed,06/22/2026 Signed by Governor,2026-02-06,http://webserver.rilegislature.gov/BillText/BillText26/HouseText26/H7538A.pdf,,labeling-mandates,,https://openstates.org/ri/bills/2026/HB7538/
os-09344bcd-b6c7-4a10-8870-f38898c52958,bill,Rhode Island,SB 2499,AN ACT RELATING TO LABOR AND LABOR RELATIONS -- ARTIFICIAL INTELLIGENCE USE AND FAIR EMPLOYMENT PRACTICES,not passed,06/05/2026 Referred to House Labor,2026-02-06,http://webserver.rilegislature.gov/BillText/BillText26/SenateText26/S2499A.pdf,,,,https://openstates.org/ri/bills/2026/SB2499/
os-9dd57518-aebd-419f-8784-99fd40384460,bill,Wyoming,HB 102,Protecting kids from deepfakes and exploitative images.,passed,Assigned Chapter Number 91,2026-02-06,https://wyoleg.gov/Legislation/2026/HB0102,deepfakes; kids-chatbots,,,https://openstates.org/wy/bills/2026/HB102/
os-1253dbfd-d648-4291-afa7-3e2e608783fb,bill,Maryland,SB 909,Vehicle Laws - Fully Autonomous Vehicles,not passed,Hearing 3/04 at 1:00 p.m.,2026-02-06,http://mgaleg.maryland.gov/mgawebsite/Legislation/Details/sb0909?ys=2026RS,,,,https://openstates.org/md/bills/2026/SB909/
os-3743931d-ca49-4662-a883-2ea52fb2f89d,bill,Maryland,SB 720,"Education - Artificial Intelligence - Guidelines, Professional Development, and Collaborative (Artificial Intelligence Ready Schools Act)",passed,Approved by the Governor - Chapter 634,2026-02-06,http://mgaleg.maryland.gov/mgawebsite/Legislation/Details/sb0720?ys=2026RS,,,,https://openstates.org/md/bills/2026/SB720/
os-3abebdce-d4e6-49d4-a079-d5b07044fc4a,bill,Maryland,SB 602,Algorithmic Addiction Fund - Establishment,not passed,Hearing 2/24 at 1:00 p.m.,2026-02-05,http://mgaleg.maryland.gov/mgawebsite/Legislation/Details/sb0602?ys=2026RS,,,,https://openstates.org/md/bills/2026/SB602/
os-ae3d1eea-1748-4069-9d99-098e3d26c021,bill,Illinois,HB 5323,ALGORITHMIC PRICING DISCLOSURE,not passed,Rule 19(a) / Re-referred to Rules Committee,2026-02-05,https://ilga.gov/Legislation/BillStatus?DocNum=5323&GAID=18&DocTypeID=HB&LegId=167085&SessionID=114,,,,https://openstates.org/il/bills/104th/HB5323/
os-ebe264a8-53cd-42ea-8355-afa492fc4de2,bill,New York,S 9132,Prohibits the use of a wage-fixing algorithm in combination with personal or behavioral data to set or recommend wages or compensation,not passed,REFERRED TO LABOR,2026-02-05,https://nyassembly.gov/leg/?bn=S09132&term=2025,,use-restrictions,,https://openstates.org/ny/bills/2025-2026/S9132/
os-6743abe6-7aa4-4e99-bd54-f04d225cd5bd,bill,South Carolina,H 5122,Internet and Communications Service Providers Equipment,passed,Effective date See Act for Effective Date,2026-02-05,https://www.scstatehouse.gov/billsearch.php?billnumbers=5122&session=126&summary=B,,,,https://openstates.org/sc/bills/2025-2026/H5122/
os-916e1598-255a-44ca-9aaf-0b72edc1bb41,bill,Illinois,SB 3761,DATA CENTERS-VARIOUS,not passed,Rule 3-9(a) / Re-referred to Assignments,2026-02-05,https://ilga.gov/Legislation/BillStatus?DocNum=3761&GAID=18&DocTypeID=SB&LegId=167068&SessionID=114,,,,https://openstates.org/il/bills/104th/SB3761/
os-ef51fc41-e975-4c27-832d-64094d45082a,bill,Illinois,SB 3578,DATA CENTERS-FOREIGN OWNERSHIP,not passed,Added as Co-Sponsor Sen. Darby A. Hills,2026-02-05,https://ilga.gov/Legislation/BillStatus?DocNum=3578&GAID=18&DocTypeID=SB&LegId=166652&SessionID=114,,,,https://openstates.org/il/bills/104th/SB3578/
os-6a6aca1e-32fe-4b54-b9a2-1579953fdc70,bill,Arizona,SB 1707,appropriation; artificial intelligence; border security,not passed,DP,2026-02-05,https://apps.azleg.gov/BillStatus/BillOverview/85361?SessionId=130,,,,https://openstates.org/az/bills/57th-2nd-regular/SB1707/
os-0b47165d-7727-4e2c-8069-4dc69ed21888,bill,Pennsylvania,HB 2198,"An Act amending the act of March 4, 1971 (P.L.6, No.2), known as the Tax Reform Code of 1971, repealing provisions relating to Computer Data Center Equipment Incentive Program; and, in general provisions, providing for data centers.",not passed,Referred to Finance,2026-02-05,https://www.palegis.us/legislation/bills/2025/hb2198,,,,https://openstates.org/pa/bills/2025-2026/HB2198/
os-1c23bf95-ff1b-4d14-933f-227adb545315,bill,Maryland,HB 952,Consumer Protection - Companion Chatbots - Regulation,not passed,Hearing 3/26 at 1:00 p.m.,2026-02-05,http://mgaleg.maryland.gov/mgawebsite/Legislation/Details/hb0952?ys=2026RS,,,,https://openstates.org/md/bills/2026/HB952/
os-b813a5ed-4efc-4ca3-9bb9-0c6114a72926,bill,Iowa,SF 2226,"A bill for an act relating to the use of automated adjudication systems by health carriers, and including civil penalties.",not passed,"Subcommittee: Warme, Petersen, and Schultz.",2026-02-05,https://www.legis.iowa.gov/legislation/billTracking/billHistory?billName=SF 2226&ga=91,ai-care-decisions,,,https://openstates.org/ia/bills/2025-2026/SF2226/
os-01ede4e6-0051-46ad-8c50-1a554a5ceff7,bill,Iowa,SSB 3118,"A bill for an act relating to utilization review organizations’ use of artificial intelligence, prior authorization determinations and exemptions, and prepayment audits, and including applicability provisions.",not passed,"Committee report approving bill, renumbered as SF 2421.",2026-02-05,https://www.legis.iowa.gov/legislation/billTracking/billHistory?billName=SSB 3118&ga=91,ai-care-decisions,use-restrictions,,https://openstates.org/ia/bills/2025-2026/SSB3118/
os-fee15015-b3c2-4c05-9a74-35a8d201c35e,bill,Illinois,HB 5106,CRIM CD-DEEPFAKE-HARASS,not passed,Referred to Rules Committee,2026-02-05,https://ilga.gov/Legislation/BillStatus?DocNum=5106&GAID=18&DocTypeID=HB&LegId=166664&SessionID=114,,,,https://openstates.org/il/bills/104th/HB5106/
os-79a47777-b89a-4a19-9519-a3d4d7616b45,bill,Connecticut,SB 86,AN ACT ADDRESSING INNOVATIONS IN AND THE RESPONSIBLE USE OF ARTIFICIAL INTELLIGENCE.,not passed,FILE NO. 339,2026-02-05,https://www.cga.ct.gov/asp/cgabillstatus/cgabillstatus.asp?selBillType=Bill&bill_num=SB86&which_year=2026,,,,https://openstates.org/ct/bills/2026/SB86/
os-a6f70538-b982-4669-a462-8d5aa87decd3,bill,Arizona,SB 1786,artificial intelligence; content verification,not passed,Transmit to Senate,2026-02-05,https://apps.azleg.gov/BillStatus/BillOverview/85450?SessionId=130,,,,https://openstates.org/az/bills/57th-2nd-regular/SB1786/
os-0856ad53-2a3a-47e4-bc0b-5ee1085adc70,bill,Illinois,SB 3702,REGISTERED NURSE USE OF AI,not passed,Rule 3-9(a) / Re-referred to Assignments,2026-02-05,https://ilga.gov/Legislation/BillStatus?DocNum=3702&GAID=18&DocTypeID=SB&LegId=166919&SessionID=114,,,,https://openstates.org/il/bills/104th/SB3702/
os-7d286285-9cd4-43b7-867d-a62a14c60ca1,bill,Illinois,SB 3601,PROFESSIONAL AI OVERSIGHT ACT,not passed,Rule 3-9(a) / Re-referred to Assignments,2026-02-05,https://ilga.gov/Legislation/BillStatus?DocNum=3601&GAID=18&DocTypeID=SB&LegId=166696&SessionID=114,,,,https://openstates.org/il/bills/104th/SB3601/
os-600b8bf6-f430-4169-bd67-fd68195e0b3c,bill,South Carolina,S 896,Chatbot Regulation,not passed,"Committee report: Favorable with amendment Labor, Commerce and Industry",2026-02-05,https://www.scstatehouse.gov/billsearch.php?billnumbers=896&session=126&summary=B,,use-restrictions,,https://openstates.org/sc/bills/2025-2026/S896/
os-f5ee1486-4d7d-4abe-b946-866f87eb87b4,bill,Illinois,HB 5113,SCH CD-AI USE IN EDUC COMM,not passed,Rule 19(a) / Re-referred to Rules Committee,2026-02-05,https://ilga.gov/Legislation/BillStatus?DocNum=5113&GAID=18&DocTypeID=HB&LegId=166671&SessionID=114,,,,https://openstates.org/il/bills/104th/HB5113/
os-261a7581-b136-4cca-b620-e2b1e9c20857,bill,Illinois,SB 3571,WARN ACT-AI LAYOFFS,not passed,Senate Committee Amendment No. 1 Rule 3-9(a) / Re-referred to Assignments,2026-02-05,https://ilga.gov/Legislation/BillStatus?DocNum=3571&GAID=18&DocTypeID=SB&LegId=166631&SessionID=114,,,,https://openstates.org/il/bills/104th/SB3571/
os-3a879f4e-d3c4-4f06-b398-cce76e61f144,bill,Illinois,SB 3502,AI PRODUCT LIABILITY ACT,not passed,Rule 3-9(a) / Re-referred to Assignments,2026-02-05,https://ilga.gov/Legislation/BillStatus?DocNum=3502&GAID=18&DocTypeID=SB&LegId=166507&SessionID=114,,,,https://openstates.org/il/bills/104th/SB3502/
us-119-sres-598,resolution,Congress,S.Res. 598,"A resolution condemning and calling for the reversal of President Trump's decision to allow the export of advanced artificial intelligence chips to the United Arab Emirates, despite significant risks to national security and just months after the United Arab Emirates signed a secret $500,000,000 deal to buy close to a majority stake in the Trump family crypto company World Liberty Financial.",not passed,"Referred to the Committee on Banking, Housing, and Urban Affairs. (text: CR S513)",2026-02-05,https://www.congress.gov/bill/119th-congress/senate-resolution/598,,,,https://www.congress.gov/bill/119th-congress/senate-resolution/598
os-ea61019b-9350-4809-921d-47ac718881df,bill,Illinois,SB 3590,AI PRODUCT LIABILITY ACT,not passed,Rule 3-9(a) / Re-referred to Assignments,2026-02-05,https://ilga.gov/Legislation/BillStatus?DocNum=3590&GAID=18&DocTypeID=SB&LegId=166677&SessionID=114,,,,https://openstates.org/il/bills/104th/SB3590/
os-da40057a-8727-4ec0-a0b1-a6f18c65e667,bill,Illinois,HB 5103,AUTOMATED DRIVING SYSTEMS,not passed,Rule 19(a) / Re-referred to Rules Committee,2026-02-05,https://ilga.gov/Legislation/BillStatus?DocNum=5103&GAID=18&DocTypeID=HB&LegId=166661&SessionID=114,,,,https://openstates.org/il/bills/104th/HB5103/
os-967b1f12-7d37-4718-b44b-3341e8452d77,bill,Illinois,HB 5220,AUTONOMOUS VEHICLES,not passed,Rule 19(a) / Re-referred to Rules Committee,2026-02-05,https://ilga.gov/Legislation/BillStatus?DocNum=5220&GAID=18&DocTypeID=HB&LegId=166893&SessionID=114,,,,https://openstates.org/il/bills/104th/HB5220/
os-db0ee5f1-9b0b-4d86-98f4-ab771311f638,bill,Maryland,SB 597,Higher Education - Maryland Artificial Intelligence Partnership,passed,Approved by the Governor - Chapter 633,2026-02-05,http://mgaleg.maryland.gov/mgawebsite/Legislation/Details/sb0597?ys=2026RS,,,,https://openstates.org/md/bills/2026/SB597/
os-5372532b-a7e6-410e-9a0d-89df1bafe938,bill,Alabama,SB 270,Electric Utilities; review by Public Service Commission of certain contracts with large load data centers further provided for,passed,Enacted,2026-02-05,https://alison.legislature.state.al.us/files/pdf/SearchableInstruments/2026RS/L58PEWW-1.pdf,power-bills,,Alabama Public Service Commission,https://openstates.org/al/bills/2026rs/SB270/
os-2da573a7-2cf8-4d8a-beed-d2d66f22d143,bill,South Dakota,SB 234,modify provisions pertaining to the purchasing of goods and services related to data center operations.,not passed,"State Affairs Deferred to the 41st legislative day , Passed, YEAS 5, NAYS 4 S.J. 27",2026-02-04,https://sdlegislature.gov/Session/Bill/27289,,,,https://openstates.org/sd/bills/2026/SB234/
os-831bb01c-71ca-4280-b20c-80752fa05ca8,bill,South Dakota,SB 232,impose a one-year moratorium on the construction or expansion of hyperscale data centers.,did not pass,"State Affairs Tabled , Passed, YEAS 5, NAYS 3 S.J. 27",2026-02-04,https://sdlegislature.gov/Session/Bill/27269,,data-center-limits,,https://openstates.org/sd/bills/2026/SB232/
os-7b71b809-47c2-448d-962f-2201d7b35d06,bill,South Dakota,SB 235,"protect residents from increased utility costs and utility shortages caused by data centers, to clarify authority to regulate data centers, and to modify provisions pertaining to the purchasing of goods and services by a data center.",not passed,"State Affairs Deferred to the 41st legislative day , Passed, YEAS 5, NAYS 4 S.J. 27",2026-02-04,https://sdlegislature.gov/Session/Bill/27290,power-bills,data-center-limits,,https://openstates.org/sd/bills/2026/SB235/
os-617106e7-599a-4c33-b95a-0f368d72675c,bill,South Dakota,HB 1301,limit costs and risks associated with electricity use by data centers and impose a moratorium.,not passed,"State Affairs Deferred to the 41st legislative day , Passed, YEAS 10, NAYS 2",2026-02-04,https://sdlegislature.gov/Session/Bill/27287,power-bills,,,https://openstates.org/sd/bills/2026/HB1301/
os-4829667a-32ff-43a7-ae22-a129d7d93739,bill,Arizona,HB 2949,energy costs; large data centers,not passed,House Second Reading,2026-02-04,https://apps.azleg.gov/BillStatus/BillOverview/85088?SessionId=130,,,,https://openstates.org/az/bills/57th-2nd-regular/HB2949/
os-3a2c7854-4062-4d91-9458-8fc70f942f1c,bill,Colorado,HB 1148,Protections for Youth on Social Media,did not pass,House Committee on Judiciary Postpone Indefinitely,2026-02-04,https://leg.colorado.gov/bills/HB26-1148,privacy,,,https://openstates.org/co/bills/2026A/HB1148/
os-d110dbf2-1ba1-4f5d-b0d9-78eacdf223a5,resolution,Michigan,HR 240,"A resolution to urge a temporary pause on discretionary state-level incentives for data center construction, request a comprehensive review of the fiscal, utility, environmental, and local governance impacts of data center development in Michigan, and direct House committees to review these issues.",not passed,referred to Committee on Government Operations,2026-02-04,https://legislature.mi.gov/Bills/Bill?ObjectName=2026-HR-0240,power-bills,,,https://openstates.org/mi/bills/2025-2026/HR240/
os-972ede26-0020-4449-819c-543017b3d1ad,bill,Illinois,HB 4989,DATA CENTER HEATING/COOLING,not passed,Referred to Rules Committee,2026-02-04,https://ilga.gov/Legislation/BillStatus?DocNum=4989&GAID=18&DocTypeID=HB&LegId=166403&SessionID=114,,,,https://openstates.org/il/bills/104th/HB4989/
os-62cc514f-d799-4d01-afa2-0f2b633faee6,bill,California,SB 978,Data centers: labor: electricity rates.,not passed,May 14 hearing: Held in committee and under submission.,2026-02-04,http://leginfo.legislature.ca.gov/faces/billNavClient.xhtml?bill_id=202520260SB978,power-bills,,,https://openstates.org/ca/bills/20252026/SB978/
os-70876269-5f18-4ab6-b221-8fb11346eab3,resolution,Ohio,HCR 31,Urge Congress to reject any moratorium on state AI laws,not passed,Introduced and Referred to Committee,2026-02-04,https://www.legislature.ohio.gov/legislation/136/hcr31,,,,https://openstates.org/oh/bills/136/HCR31/
os-e104832d-5b34-4626-83ad-0456012504d0,bill,New Mexico,HB 330,AI ETHICS AS SCHOOL SCIENCE ELECTIVE,did not pass,action postponed indefinitely,2026-02-04,https://www.nmlegis.gov/Legislation/Legislation?chamber=H&legType=B&legNo=330&year=26,,,,https://openstates.org/nm/bills/2026/HB330/
os-7215409f-b106-4c2e-ba6b-e1db9144d552,bill,Iowa,SF 2199,A bill for an act relating to the ownership of artificial intelligence output and trained artificial intelligence.,not passed,Placed on calendar under unfinished business.,2026-02-04,https://www.legis.iowa.gov/legislation/billTracking/billHistory?billName=SF 2199&ga=91,,,,https://openstates.org/ia/bills/2025-2026/SF2199/
os-d11a8211-efeb-441f-8fc4-b94ca02c6d14,bill,Maryland,HB 795,Health Insurance - Artificial Intelligence - Grievance Process and Reporting (AI Health Insurance Accountability Act of 2026),withdrawn,Withdrawn by Sponsor,2026-02-04,http://mgaleg.maryland.gov/mgawebsite/Legislation/Details/hb0795?ys=2026RS,,,,https://openstates.org/md/bills/2026/HB795/
os-61fd8d70-ea6c-4b56-8e0a-adee39881718,bill,Maryland,HB 883,Consumer Protection - Artificial Intelligence - Behavioral Health Care Prohibitions,not passed,Hearing 4/01 at 1:00 p.m.,2026-02-04,http://mgaleg.maryland.gov/mgawebsite/Legislation/Details/hb0883?ys=2026RS,,,,https://openstates.org/md/bills/2026/HB883/
os-69f7ed5b-6e79-43cb-a49e-000d775c0c87,bill,Illinois,SB 3364,HUMAN RIGHTS-AI-VIOLATIONS,not passed,Senate Committee Amendment No. 1 Rule 3-9(a) / Re-referred to Assignments,2026-02-04,https://ilga.gov/Legislation/BillStatus?DocNum=3364&GAID=18&DocTypeID=SB&LegId=166243&SessionID=114,,,,https://openstates.org/il/bills/104th/SB3364/
os-1119bc95-e771-4773-9813-7984ad8101b2,bill,Vermont,H 875,An act relating to the possession and promotion of child sexual abuse materials to include computer-generated images,not passed,Read first time and referred to the Committee on Judiciary,2026-02-04,http://legislature.vermont.gov/bill/status/2026/H.875,,,,https://openstates.org/vt/bills/2025-2026/H875/
os-b6e8bab0-1b1e-4f86-b6a7-0d9ec72a4e44,bill,Illinois,SB 3444,AI MODEL SAFETY,not passed,Rule 3-9(a) / Re-referred to Assignments,2026-02-04,https://ilga.gov/Legislation/BillStatus?DocNum=3444&GAID=18&DocTypeID=SB&LegId=166392&SessionID=114,,,,https://openstates.org/il/bills/104th/SB3444/
os-5ee74be6-2318-4fcf-924d-9d10f20cfa95,bill,Illinois,SB 3384,AI COMPANION MODEL SAFETY ACT,not passed,Suspend Rule 21 - Prevailed 066-029-000,2026-02-04,https://ilga.gov/Legislation/BillStatus?DocNum=3384&GAID=18&DocTypeID=SB&LegId=166269&SessionID=114,,,,https://openstates.org/il/bills/104th/SB3384/
os-a90c8257-c857-4fa3-b62b-356a764744b1,bill,Illinois,HB 5003,AI-ASSISTED THERAPY RESEARCH,not passed,Rule 19(a) / Re-referred to Rules Committee,2026-02-04,https://ilga.gov/Legislation/BillStatus?DocNum=5003&GAID=18&DocTypeID=HB&LegId=166423&SessionID=114,,,,https://openstates.org/il/bills/104th/HB5003/
os-fb0953e7-334e-4b0c-ab51-6c540e3fb5d7,bill,Illinois,HB 4988,FRAUD-ARTIFICIAL INTELLIGENCE,not passed,Rule 19(a) / Re-referred to Rules Committee,2026-02-04,https://ilga.gov/Legislation/BillStatus?DocNum=4988&GAID=18&DocTypeID=HB&LegId=166401&SessionID=114,,,,https://openstates.org/il/bills/104th/HB4988/
os-f4669d89-d858-478f-b9ed-305e6da51602,bill,Illinois,HB 4980,HUMAN CONTROL OF AI ACT,not passed,Rule 19(a) / Re-referred to Rules Committee,2026-02-04,https://ilga.gov/Legislation/BillStatus?DocNum=4980&GAID=18&DocTypeID=HB&LegId=166376&SessionID=114,,,,https://openstates.org/il/bills/104th/HB4980/
os-00c4c778-b4b7-4425-b0d9-25b2fd72e6cf,bill,Illinois,SB 3368,CHATBOT RESPONSE LIABILITY ACT,not passed,Rule 3-9(a) / Re-referred to Assignments,2026-02-04,https://ilga.gov/Legislation/BillStatus?DocNum=3368&GAID=18&DocTypeID=SB&LegId=166247&SessionID=114,,,,https://openstates.org/il/bills/104th/SB3368/
os-502530d0-7890-437b-b0a9-c165d6201fd5,bill,Illinois,HB 5044,CHATBOT PROVIDER-LIABILITY,not passed,Rule 19(a) / Re-referred to Rules Committee,2026-02-04,https://ilga.gov/Legislation/BillStatus?DocNum=5044&GAID=18&DocTypeID=HB&LegId=166528&SessionID=114,,,,https://openstates.org/il/bills/104th/HB5044/
os-fb25e6d9-e0f8-4a04-b67f-31f86d0e0e29,bill,Wyoming,HB 91,Ban on government social scoring with AI.,not passed,H COW:H Did not consider for COW,2026-02-04,https://wyoleg.gov/Legislation/2026/HB0091,surveillance,,,https://openstates.org/wy/bills/2026/HB91/
os-f86ff407-16c2-4171-b96b-33a4076dabf0,bill,Kentucky,HB 559,"AN ACT relating to data privacy, portability, and interoperability.",not passed,to Small Business & Information Technology (H),2026-02-04,https://apps.legislature.ky.gov/record/26RS/hb559.html,privacy,new-agency-powers,Kentucky Attorney General,https://openstates.org/ky/bills/2026RS/HB559/
os-ffaa1ff5-36fc-4339-9e9f-70c76156af09,bill,New Hampshire,SB 657,relative to the use of information technology and artificial intelligence systems by state agencies.,not passed,"Sen. Gannon Moved Nonconcur with the House Amendment, MA, VV; 05/21/2026;  SJ 13",2026-02-04,https://gc.nh.gov/bill_Status/billinfo.aspx?id=2483&inflect=2,,,,https://openstates.org/nh/bills/2026/SB657/
os-4d2e5219-7cb8-4c53-906e-0a12d94d5177,bill,Colorado,HB 1139,Use of Artificial Intelligence in Health Care,passed,Governor Signed,2026-02-04,https://leg.colorado.gov/bills/HB26-1139,ai-care-decisions; ai-therapists; bias,mandatory-reporting; use-restrictions,Colorado Division of Insurance,https://openstates.org/co/bills/2026A/HB1139/
os-78ab0b02-7956-4236-a846-cb23660c9a73,bill,Illinois,SB 3392,AUTONOMOUS VEHICLE PILOT PROJ,not passed,Added as Co-Sponsor Sen. Donald P. DeWitte,2026-02-04,https://ilga.gov/Legislation/BillStatus?DocNum=3392&GAID=18&DocTypeID=SB&LegId=166310&SessionID=114,,,,https://openstates.org/il/bills/104th/SB3392/
os-52b305ba-e584-40a8-a539-ea53464a0664,bill,Tennessee,HB 2392,"Business and Commerce - As introduced, creates the ""Tennessee Data Center Impact Review Act."" - Amends TCA Title 5; Title 6; Title 7; Title 10; Title 62; Title 65; Title 68 and Title 69.",not passed,Taken off notice for cal in s/c  Agriculture and Natural Resources Subcommittee of Agriculture & Natural Resources Committee,2026-02-03,https://wapp.capitol.tn.gov/apps/BillInfo/Default?BillNumber=HB2392&ga=114,,,,https://openstates.org/tn/bills/114/HB2392/
os-dc728a39-3e08-4b5f-a33f-ee29f42636ad,bill,Tennessee,HB 2456,"Utilities, Utility Districts - As introduced, requires certain data centers to register with the department of revenue; requires fuel suppliers, and electric and water utilities that provide fuel and service respectively to registered data centers to report usage and rates to the department; requires the commissioner to compile and publish certain information based on reports received from utilities. - Amends TCA Title 5; Title 6; Title 7; Title 10; Title 62; Title 65; Title 68 and Title 69.",did not pass,Failed in s/c  Business and Utilities Subcommittee of Commerce Committee,2026-02-03,https://wapp.capitol.tn.gov/apps/BillInfo/Default?BillNumber=HB2456&ga=114,,mandatory-reporting; new-agency-powers,Tennessee Department of Revenue,https://openstates.org/tn/bills/114/HB2456/
os-e0dcabfd-2cb8-404c-90b9-6612b3633ff3,bill,Tennessee,HB 2586,"State Government - As introduced, expands the requirements of the 2026 and 2027 annual reports to be submitted by the artificial intelligence advisory council to the governor, speaker of the senate, and speaker of the house of representatives by requiring such reports to include recommendations on strategies to detect and minimize the risk of fraud committed by persons using artificial intelligence. - Amends TCA Title 2; Title 4; Title 8; Title 10; Title 16; Title 29; Title 36; Title 37; Title 38; Title 39; Title 40; Title 45; Title 47; Title 48; Title 49; Title 53; Title 62; Title 63; Title 65; Title 67; Title 68 and Title 71.",not passed,"P2C, caption bill, held on desk - pending amdt.",2026-02-03,https://wapp.capitol.tn.gov/apps/BillInfo/Default?BillNumber=HB2586&ga=114,ai-scams; deepfakes,,,https://openstates.org/tn/bills/114/HB2586/
os-714c4c55-a993-4af0-b200-57a6ae2fc60e,bill,Kentucky,HB 544,AN ACT relating to data centers.,not passed,to Small Business & Information Technology (H),2026-02-03,https://apps.legislature.ky.gov/record/26RS/hb544.html,power-bills,,Kentucky Public Service Commission,https://openstates.org/ky/bills/2026RS/HB544/
os-ec2f78e4-8bbc-4ff4-8635-815052228c7e,bill,Tennessee,HB 2464,"Consumer Protection - As introduced, prohibits electric utilities and high performance computing centers in this state from using transformers, parts, or equipment manufactured or sold by entities owned or controlled by foreign adversaries to support any part of their operations; requires such utilities and centers to report to the comptroller of the treasury; makes related changes. - Amends TCA Title 4; Title 7; Title 8; Title 47, Chapter 18; Title 65 and Title 68.",did not pass,Failed in s/c  Business and Utilities Subcommittee of Commerce Committee,2026-02-03,https://wapp.capitol.tn.gov/apps/BillInfo/Default?BillNumber=HB2464&ga=114,,mandatory-reporting,Tennessee Comptroller of the Treasury,https://openstates.org/tn/bills/114/HB2464/
os-34622918-b20f-4b38-86e9-5aa1d7ef278a,bill,Tennessee,HB 2416,"Education - As introduced, requires each public charter school to publish the policy adopted by its governing board on the use of artificial intelligence by students, teachers, and staff for instructional and assignment purposes on its website; requires each local board of education to direct each school under its management and control to publish the policy adopted by the local board on the use of artificial intelligence by students, teachers, and staff for instructional and assignment purposes on the school's website. - Amends TCA Title 49.",not passed,"P2C, ref. to Education Committee",2026-02-03,https://wapp.capitol.tn.gov/apps/BillInfo/Default?BillNumber=HB2416&ga=114,,,,https://openstates.org/tn/bills/114/HB2416/
os-e3891f79-5b63-4197-9b88-f1a174e5c98e,bill,Kansas,SB 467,Enacting the use of artificial intelligence in medical decisions transparency act and requiring that all medical necessity determinations be made by a competent licensed physician or healthcare professional.,did not pass,Died in Committee,2026-02-03,https://www.kslegislature.gov/b2025_26/bills/SB467/,ai-care-decisions,use-restrictions,,https://openstates.org/ks/bills/2025-2026/SB467/
os-2db6362c-bad1-457c-a240-0c8937818a15,bill,Georgia,SB 455,Georgia Artificial Intelligence Commission; establishment,not passed,Senate Read and Referred,2026-02-03,https://www.legis.ga.gov/legislation/72792,,,,https://openstates.org/ga/bills/2025_26/SB455/
os-d86980f8-b8b1-4a41-8806-ea4901b9e6b8,bill,Illinois,SB 3312,AI SAFETY MEASURES ACT,not passed,Rule 3-9(a) / Re-referred to Assignments,2026-02-03,https://ilga.gov/Legislation/BillStatus?DocNum=3312&GAID=18&DocTypeID=SB&LegId=166117&SessionID=114,,,,https://openstates.org/il/bills/104th/SB3312/
os-3c72296f-cf94-4bfc-8988-f37f29492422,bill,Kansas,HB 2671,"Establishing the Kansas community harmed by AI technology act, mandating user accounts and age verification for AI chatbot access, classifying users by age, requiring parental consent for minors, blocking explicit content, protecting age information confidentiality, monitoring for suicidal ideation, informing users of AI interaction, requiring compliance guidance by 2027, outlining enforcement under consumer protection laws and providing safe harbor for compliant entities.",did not pass,Died in Committee,2026-02-03,https://www.kslegislature.gov/b2025_26/bills/HB2671/,kids-chatbots,id-age-checks; labeling-mandates,,https://openstates.org/ks/bills/2025-2026/HB2671/
os-8dea6c7a-88d3-4769-b5f3-e7bf75c5efc1,bill,Vermont,H 855,An act relating to defenses in civil actions based on harm caused by artificial intelligence,not passed,Read first time and referred to the Committee on Judiciary,2026-02-03,http://legislature.vermont.gov/bill/status/2026/H.855,,,,https://openstates.org/vt/bills/2025-2026/H855/
os-6502bdc0-8bae-466e-ab7b-4a034b5ac490,bill,Illinois,SB 3261,ARTIFICIAL INTELLIGENCE SAFETY,not passed,Rule 3-9(a) / Re-referred to Assignments,2026-02-03,https://ilga.gov/Legislation/BillStatus?DocNum=3261&GAID=18&DocTypeID=SB&LegId=166031&SessionID=114,,,,https://openstates.org/il/bills/104th/SB3261/
os-2a1d5ee0-d41c-4603-be9b-e63442b4bec9,bill,Illinois,SB 3262,COMPANION AI PROTECTION ACT,not passed,Rule 3-9(a) / Re-referred to Assignments,2026-02-03,https://ilga.gov/Legislation/BillStatus?DocNum=3262&GAID=18&DocTypeID=SB&LegId=166032&SessionID=114,,,,https://openstates.org/il/bills/104th/SB3262/
os-8103f053-8aa1-4418-9fd2-ad58b68bb1ce,bill,Illinois,SB 3263,AI PROVENANCE DATA ACT,not passed,Rule 3-9(a) / Re-referred to Assignments,2026-02-03,https://ilga.gov/Legislation/BillStatus?DocNum=3263&GAID=18&DocTypeID=SB&LegId=166033&SessionID=114,,labeling-mandates,,https://openstates.org/il/bills/104th/SB3263/
os-6a8f79e4-0617-423d-beb3-1dc0ca8de7ce,bill,Illinois,SB 3308,AUTOMATED DRIVING SYSTEMS,not passed,Added as Co-Sponsor Sen. Mark L. Walker,2026-02-03,https://ilga.gov/Legislation/BillStatus?DocNum=3308&GAID=18&DocTypeID=SB&LegId=166113&SessionID=114,,,,https://openstates.org/il/bills/104th/SB3308/
os-69e90a36-0b1c-49b4-9bf6-f72126c91f45,bill,West Virginia,HB 5032,Prevention of data center collection of citizen data,not passed,To House Judiciary,2026-02-02,https://www.wvlegislature.gov/Bill_Status/Bills_history.cfm?input=5032&year=2026&sessiontype=RS&btype=bill,,,,https://openstates.org/wv/bills/2026/HB5032/
os-64449928-e6d5-41c5-9a90-ffcbaaebd193,bill,South Dakota,HB 1246,prohibit nondisclosure of certain agreements related to data centers.,not passed,"House of Representatives Do Pass , Passed, YEAS 30, NAYS 37 H.J. 391",2026-02-02,https://sdlegislature.gov/Session/Bill/27243,,,,https://openstates.org/sd/bills/2026/HB1246/
os-dbc09e89-be59-44d8-a80c-c570c2b40513,bill,Maryland,HB 715,Algorithmic Addiction Fund – Establishment,not passed,Hearing 3/10 at 1:00 p.m. (Appropriations),2026-02-02,http://mgaleg.maryland.gov/mgawebsite/Legislation/Details/hb0715?ys=2026RS,,,,https://openstates.org/md/bills/2026/HB715/
os-8c25ab6d-1d49-4a84-8119-43f333a4b7ef,bill,Oklahoma,HB 3299,Crimes and punishments; creating and disseminating a digitization or synthetic media; making certain acts unlawful; emergency.,not passed,Authored by Senator Coleman (principal Senate author),2026-02-02,http://www.oklegislature.gov/BillInfo.aspx?Bill=HB3299&session=2600,deepfakes,use-restrictions,,https://openstates.org/ok/bills/2026/HB3299/
os-ebcdf7e8-3331-4798-8b55-ef55dd4e5270,bill,Oklahoma,HB 4424,Revenue and taxation; ad valorem; exemption; manufacturing facilities; data center; effective date.,not passed,Second Reading referred to Appropriations and Budget,2026-02-02,http://www.oklegislature.gov/BillInfo.aspx?Bill=HB4424&session=2600,,,,https://openstates.org/ok/bills/2026/HB4424/
os-89d4e028-4190-408a-a026-b1ffaf0f2294,bill,Oklahoma,HB 3397,Data centers; defining terms; requiring Corporation Commission provide for certain classification of service; effective date.,not passed,Second Reading referred to Rules,2026-02-02,http://www.oklegislature.gov/BillInfo.aspx?Bill=HB3397&session=2600,,new-agency-powers,Oklahoma Corporation Commission,https://openstates.org/ok/bills/2026/HB3397/
os-d07777e7-a081-4f49-8a27-ce015e1b8268,bill,California,SB 947,Employment: automated decision systems.,sent to the governor,Enrolled and presented to the Governor at 2 p.m.,2026-02-02,http://leginfo.legislature.ca.gov/faces/billNavClient.xhtml?bill_id=202520260SB947,,labeling-mandates; use-restrictions,California Labor Commissioner; California local prosecutors,https://openstates.org/ca/bills/20252026/SB947/
os-8f3249f5-d4b3-4a7e-a1c4-7d0b8f5df573,bill,Oklahoma,HB 3394,Hyperscale data centers; Oklahoma Hyperscale Data Center Directory Act; Oklahoma Corporation Commission; directory; electrical utilities; water providers; effective date.,not passed,Referred to Energy,2026-02-02,http://www.oklegislature.gov/BillInfo.aspx?Bill=HB3394&session=2600,,,,https://openstates.org/ok/bills/2026/HB3394/
os-042f76e1-d2d1-494f-b8e6-5f5ec99917b3,bill,Oklahoma,HB 4194,Data centers; Data Center Decommissioning Act; proper decommissioning; Oklahoma Corporation Commission; financial assurance; effective date.,not passed,Referred to Government Modernization and Technology,2026-02-02,http://www.oklegislature.gov/BillInfo.aspx?Bill=HB4194&session=2600,,,Oklahoma Corporation Commission,https://openstates.org/ok/bills/2026/HB4194/
os-f3fac452-6189-4871-b73e-c372dfce3b0d,bill,Oklahoma,SB 1706,"Foreign ownership of land; prohibiting foreign principals from renting, leasing, or having a controlling interest in data centers. Effective date.",not passed,Second Reading referred to Judiciary,2026-02-02,http://www.oklegislature.gov/BillInfo.aspx?Bill=SB1706&session=2600,,data-center-limits,,https://openstates.org/ok/bills/2026/SB1706/
os-135586c6-af6c-45d1-81a2-422c12fe0023,bill,Oklahoma,HB 4219,Data centers; Data Centers Act of 2026; effective date.,not passed,Referred to Energy,2026-02-02,http://www.oklegislature.gov/BillInfo.aspx?Bill=HB4219&session=2600,,,,https://openstates.org/ok/bills/2026/HB4219/
os-2d5dd9f0-fbda-44c2-9913-075285a555c1,bill,Tennessee,SB 2584,"Taxes, Sales - As introduced, authorizes a qualified data center that applies for job tax credits to certify electronically that it has not, within the previous 12 months, been found to be in violation of the Worker Adjustment and Retraining Notification (WARN) Act, the Fair Labor Standards Act of 1938, or federal immigration laws. - Amends TCA Title 67, Chapter 6.",not passed,"Placed on Senate Finance, Ways, and Means Committee calendar for 4/21/2026",2026-02-02,https://wapp.capitol.tn.gov/apps/BillInfo/Default?BillNumber=SB2584&ga=114,,,,https://openstates.org/tn/bills/114/SB2584/
os-9537b8c5-3805-4bc2-b94c-5fec5c6132d2,bill,Illinois,SB 3120,DCEO-DATA CENTERS,not passed,Senate Committee Amendment No. 1 Rule 3-9(a) / Re-referred to Assignments,2026-02-02,https://ilga.gov/Legislation/BillStatus?DocNum=3120&GAID=18&DocTypeID=SB&LegId=165754&SessionID=114,,,,https://openstates.org/il/bills/104th/SB3120/
os-149c0c89-dbef-498f-b356-a5cecf2871ee,bill,Tennessee,SB 2653,"Business and Commerce - As introduced, creates the ""Tennessee Data Center Impact Review Act."" - Amends TCA Title 5; Title 6; Title 7; Title 10; Title 62; Title 65; Title 68 and Title 69.",not passed,Assigned to General Subcommittee of Senate Commerce and Labor Committee,2026-02-02,https://wapp.capitol.tn.gov/apps/BillInfo/Default?BillNumber=SB2653&ga=114,,,,https://openstates.org/tn/bills/114/SB2653/
os-5f53f83d-0324-4ddd-b18b-4ffd4c0e09c0,bill,New Jersey,S 3303,Updates certain crimes to include nonconsensual pornographic deepfake threats and disclosure.,not passed,"Introduced in the Senate, Referred to Senate Judiciary Committee",2026-02-02,https://www.njleg.state.nj.us/bill-search/2026/S3303,deepfakes,use-restrictions,,https://openstates.org/nj/bills/222/S3303/
os-7f9039ae-0e4b-4975-b555-c84980cdbed8,bill,Oregon,HB 4084,Relating to economic development; and prescribing an effective date.,passed,"Chapter 50, (2026 Laws): Effective date June 5, 2026.",2026-02-02,https://olis.oregonlegislature.gov/liz/2026R1/Measures/Overview/HB4084,,data-center-limits,,https://openstates.org/or/bills/2026R1/HB4084/
os-3d011797-eae8-4bb3-bd7b-7241799771ef,bill,New Jersey,S 3305,"Prohibits creation or disclosure of deceptive audio or visual media, known as ""deepfakes,"" under certain circumstances.",not passed,"Introduced in the Senate, Referred to Senate Judiciary Committee",2026-02-02,https://www.njleg.state.nj.us/bill-search/2026/S3305,deepfakes,use-restrictions,,https://openstates.org/nj/bills/222/S3305/
os-171245c1-8623-47d0-aad4-2374c3b9f624,bill,Oregon,HB 4103,Relating to artificial intelligence.,did not pass,In committee upon adjournment.,2026-02-02,https://olis.oregonlegislature.gov/liz/2026R1/Measures/Overview/HB4103,,,,https://openstates.org/or/bills/2026R1/HB4103/
os-211bf91d-04a7-488e-bd9b-7637459f050b,bill,Maryland,HB 712,Civil Actions - Product Liability - Artificial Intelligence Systems,not passed,Hearing 2/25 at 1:00 p.m.,2026-02-02,http://mgaleg.maryland.gov/mgawebsite/Legislation/Details/hb0712?ys=2026RS,,,,https://openstates.org/md/bills/2026/HB712/
os-90fbc201-1a4e-446b-a7b6-3168690d8732,bill,Oregon,HB 4054,Relating to downcoding.,did not pass,In committee upon adjournment.,2026-02-02,https://olis.oregonlegislature.gov/liz/2026R1/Measures/Overview/HB4054,,labeling-mandates,,https://openstates.org/or/bills/2026R1/HB4054/
os-85faf798-e2c1-4a82-a104-8159eb37d926,bill,Oklahoma,SB 2085,Artificial intelligence; establishing certain rights; prohibiting certain actions by certain entities; requiring certain actions by certain entities. Effective date.,not passed,Second Reading referred to Technology and Telecommunications,2026-02-02,http://www.oklegislature.gov/BillInfo.aspx?Bill=SB2085&session=2600,,,,https://openstates.org/ok/bills/2026/SB2085/
os-e78eee53-a178-4339-acd5-ea3d575c403c,bill,Tennessee,HB 2214,"Criminal Offenses - As introduced, prohibits a person or entity from distributing an electoral deepfake within 90 days of an election that the person or entity knows or should have known is a deceptive and fraudulent depiction of a candidate or political party; creates civil penalties and outlines exceptions. - Amends TCA Title 2 and Title 39, Chapter 17.",not passed,Taken off notice for cal in s/c  Elections & Campaign Finance Subcommittee of State & Local Government Committee,2026-02-02,https://wapp.capitol.tn.gov/apps/BillInfo/Default?BillNumber=HB2214&ga=114,deepfakes,use-restrictions,,https://openstates.org/tn/bills/114/HB2214/
os-dc3222c2-083b-43b7-849e-8c62c3d0f79e,bill,Oklahoma,HB 4083,Technology; deployers; AI chatbots; minors; age verification systems; emergency situations; effective date.,not passed,Second Reading referred to Rules,2026-02-02,http://www.oklegislature.gov/BillInfo.aspx?Bill=HB4083&session=2600,kids-chatbots,id-age-checks,,https://openstates.org/ok/bills/2026/HB4083/
os-3289ef8f-97e2-4ca6-a5a7-8143dedae473,bill,Oklahoma,HB 3959,Technology; Protecting Consumers and Jobs from Predatory Pricing Act; personalized algorithmic pricing; consumer data; food retailers; effective date.,not passed,Referred to Business,2026-02-02,http://www.oklegislature.gov/BillInfo.aspx?Bill=HB3959&session=2600,,,,https://openstates.org/ok/bills/2026/HB3959/
os-b1596d01-4c22-47fd-ab5f-be977b162c65,bill,Oklahoma,SB 1967,Hospital and Medical Services Utilization Review Act; requiring utilization review organization that uses AI to adhere to requirements; prohibiting AI from making certain determinations. Effective date.,not passed,Second Reading referred to Technology and Telecommunications,2026-02-02,http://www.oklegislature.gov/BillInfo.aspx?Bill=SB1967&session=2600,ai-care-decisions,use-restrictions,,https://openstates.org/ok/bills/2026/SB1967/
os-1192d67b-35f0-4590-97e6-eb5fa60d3bd1,bill,Oklahoma,SB 2037,Artificial intelligence; requiring informed consent for use by licensed mental health professional or health care provider; authorizing and prohibiting certain uses. Emergency.,not passed,Second Reading referred to Health and Human Services,2026-02-02,http://www.oklegislature.gov/BillInfo.aspx?Bill=SB2037&session=2600,,labeling-mandates; use-restrictions,,https://openstates.org/ok/bills/2026/SB2037/
os-c32875d8-7feb-40e9-8d04-580e70ff356a,bill,Oklahoma,HB 3675,Health insurance; review agents; artificial intelligence system; adverse determinations; effective date.,not passed,Referred to Rules,2026-02-02,http://www.oklegislature.gov/BillInfo.aspx?Bill=HB3675&session=2600,ai-care-decisions,,,https://openstates.org/ok/bills/2026/HB3675/
os-b8be9cb0-24f0-43dc-a42d-064ec6d6a591,bill,Oklahoma,HB 4348,"Civil proceedings; duties of attorneys and legal advisor; duties concerning exhibits believed to be false, misleading, or manipulated; sanctions or disciplinary action; effective date.",not passed,Second Reading referred to Rules,2026-02-02,http://www.oklegislature.gov/BillInfo.aspx?Bill=HB4348&session=2600,deepfakes,,,https://openstates.org/ok/bills/2026/HB4348/
os-6b933dc7-deef-41ed-88f3-ad9afba43086,bill,New York,A 10118,Relates to food delivery worker safety,not passed,REFERRED TO LABOR,2026-02-02,https://nyassembly.gov/leg/?bn=A10118&term=2025,,use-restrictions,,https://openstates.org/ny/bills/2025-2026/A10118/
os-322be219-3348-40c3-8ae8-0a80e2f0def1,bill,New Jersey,S 3263,Regulates use of artificial intelligence-enabled video interview in hiring process.,not passed,"Introduced in the Senate, Referred to Senate Labor Committee",2026-02-02,https://www.njleg.state.nj.us/bill-search/2026/S3263,,use-restrictions,,https://openstates.org/nj/bills/222/S3263/
os-eff60d5e-191e-4a85-afe4-e6a0802aa03a,bill,Oklahoma,HB 3545,Technology; artificial intelligence; state agencies; prohibited uses; permitted uses; Office of Management and Enterprise Services; effective date.,not passed,Second Reading referred to Technology and Telecommunications,2026-02-02,http://www.oklegislature.gov/BillInfo.aspx?Bill=HB3545&session=2600,,,,https://openstates.org/ok/bills/2026/HB3545/
os-aa895c32-b15a-4aaf-8aac-72d5a163d0d8,bill,Tennessee,SB 2171,"Safety - As introduced, enacts the ""Artificial Intelligence Public Safety and Child Protection Transparency Act."" - Amends TCA Title 4; Title 10, Chapter 7; Title 47; Title 58 and Title 68.",not passed,Re-refer to Senate Commerce & Labor Committee,2026-02-02,https://wapp.capitol.tn.gov/apps/BillInfo/Default?BillNumber=SB2171&ga=114,,,,https://openstates.org/tn/bills/114/SB2171/
os-2c0ee580-40cc-4edd-9502-46f082ba8000,bill,Oklahoma,HB 3176,"State development; Oklahoma Gas, Artificial Intelligence, and Space Research Hub; National Laboratory; Oklahoma Department of Commerce; effective date.",not passed,Referred to Appropriations,2026-02-02,http://www.oklegislature.gov/BillInfo.aspx?Bill=HB3176&session=2600,,,,https://openstates.org/ok/bills/2026/HB3176/
os-eb0fd47a-8184-4dc0-b8a0-1c45b9dedd61,bill,Tennessee,SB 2618,"Computers and Electronic Processing - As introduced, requires the joint chairs of the artificial intelligence advisory council to publish their annual findings regarding the economic, labor, and ethical impacts of artificial intelligence on an appropriate page of the general assembly's website, in addition to the existing requirement to submit these reports to the governor and legislative speakers. - Amends TCA Title 4; Title 10; Title 16; Title 36; Title 37; Title 38; Title 39; Title 40; Title 45; Title 47; Title 48; Title 49; Title 53; Title 63; Title 67; Title 68 and Title 71.",not passed,"Passed on Second Consideration, refer to Senate Delayed Bills Committee",2026-02-02,https://wapp.capitol.tn.gov/apps/BillInfo/Default?BillNumber=SB2618&ga=114,,,,https://openstates.org/tn/bills/114/SB2618/
os-1d56163e-1fb2-465a-885f-9de0869de1cd,bill,Oklahoma,HB 3546,Technology; personhood; artificial intelligence; effective date.,not passed,Placed on General Order,2026-02-02,http://www.oklegislature.gov/BillInfo.aspx?Bill=HB3546&session=2600,,,,https://openstates.org/ok/bills/2026/HB3546/
os-ad6098b3-0966-4f20-975a-2f9c52d711ae,bill,Tennessee,SB 2521,"State Government - As introduced, expands the requirements of the 2026 and 2027 annual reports to be submitted by the artificial intelligence advisory council to the governor, speaker of the senate, and speaker of the house of representatives by requiring such reports to include recommendations on strategies to detect and minimize the risk of fraud committed by persons using artificial intelligence. - Amends TCA Title 2; Title 4; Title 8; Title 10; Title 16; Title 29; Title 36; Title 37; Title 38; Title 39; Title 40; Title 45; Title 47; Title 48; Title 49; Title 53; Title 62; Title 63; Title 65; Title 67; Title 68 and Title 71.",not passed,Assigned to General Subcommittee of Senate Commerce and Labor Committee,2026-02-02,https://wapp.capitol.tn.gov/apps/BillInfo/Default?BillNumber=SB2521&ga=114,ai-scams; deepfakes,,,https://openstates.org/tn/bills/114/SB2521/
os-1afb244c-ffb7-400a-a62b-ef2ba0c42640,bill,Tennessee,SB 2680,"Consumer Protection - As introduced, prohibits electric utilities and high performance computing centers in this state from using transformers, parts, or equipment manufactured or sold by entities owned or controlled by foreign adversaries to support any part of their operations; requires such utilities and centers to report to the comptroller of the treasury; makes related changes. - Amends TCA Title 4; Title 7; Title 8; Title 47, Chapter 18; Title 65 and Title 68.",not passed,Assigned to General Subcommittee of Senate Commerce and Labor Committee,2026-02-02,https://wapp.capitol.tn.gov/apps/BillInfo/Default?BillNumber=SB2680&ga=114,,mandatory-reporting,Tennessee Comptroller of the Treasury,https://openstates.org/tn/bills/114/SB2680/
os-114cc797-3b2d-4522-a0eb-9d931eb8bafd,bill,Tennessee,SB 2321,"Criminal Offenses - As introduced, prohibits a person or entity from distributing an electoral deepfake within 90 days of an election that the person or entity knows or should have known is a deceptive and fraudulent depiction of a candidate or political party; creates civil penalties and outlines exceptions. - Amends TCA Title 2 and Title 39, Chapter 17.",not passed,"Passed on Second Consideration, refer to Senate State and Local Government Committee",2026-02-02,https://wapp.capitol.tn.gov/apps/BillInfo/Default?BillNumber=SB2321&ga=114,deepfakes,use-restrictions,,https://openstates.org/tn/bills/114/SB2321/
os-1248098e-c54f-42f3-b0ea-63ece7592128,bill,Georgia,SB 444,Private Review Agents; certain decisions with regard to the provision of insurance coverage for healthcare services shall not be based solely on artificial intelligence systems; provide,passed,Effective Date,2026-02-02,https://www.legis.ga.gov/legislation/72666,ai-care-decisions,use-restrictions,,https://openstates.org/ga/bills/2025_26/SB444/
os-be8d6a99-5662-4306-97fa-47863d945f62,bill,Oklahoma,HB 3544,Technology; artificial intelligence; companions; minors; safety; civil penalties; effective date.,not passed,Placed on General Order,2026-02-02,http://www.oklegislature.gov/BillInfo.aspx?Bill=HB3544&session=2600,kids-chatbots,,,https://openstates.org/ok/bills/2026/HB3544/
os-1b77d689-a3c9-4c47-b2ba-2f6b668c0f87,bill,Oregon,SB 1546,Relating to artificial intelligence companions.,passed,"Effective date, January 1, 2027.",2026-02-02,https://olis.oregonlegislature.gov/liz/2026R1/Measures/Overview/SB1546,ai-companions; kids-chatbots,labeling-mandates; use-restrictions,,https://openstates.org/or/bills/2026R1/SB1546/
os-1e4ceb86-8345-46a1-8a91-2be1ef6fcc4c,bill,Oklahoma,SB 1521,Artificial intelligence; definitions; requiring operators make certain disclosure; preventative measures for minor account holders; prohibitions; enforcement authority to Attorney General; civil penalty. Effective date.,not passed,HAs read,2026-02-02,http://www.oklegislature.gov/BillInfo.aspx?Bill=SB1521&session=2600,kids-chatbots,labeling-mandates; new-agency-powers,Oklahoma Attorney General,https://openstates.org/ok/bills/2026/SB1521/
os-68799854-d385-4149-ad3f-4b8105fd76ed,bill,Illinois,SB 3180,AI DATA PRIVACY ACT,not passed,Rule 3-9(a) / Re-referred to Assignments,2026-02-02,https://ilga.gov/Legislation/BillStatus?DocNum=3180&GAID=18&DocTypeID=SB&LegId=165832&SessionID=114,,,,https://openstates.org/il/bills/104th/SB3180/
os-77b1b5be-e0ec-4141-9105-d6b4e809cf09,bill,Illinois,HB 4799,AI SAFETY MEASURES ACT,not passed,Referred to Rules Committee,2026-02-02,https://ilga.gov/Legislation/BillStatus?DocNum=4799&GAID=18&DocTypeID=HB&LegId=165961&SessionID=114,,,,https://openstates.org/il/bills/104th/HB4799/
os-3bf057a0-efdf-4b5b-9555-09561c9755dd,bill,Illinois,HB 4804,REGISTERED NURSE USE OF AI,not passed,Rule 19(a) / Re-referred to Rules Committee,2026-02-02,https://ilga.gov/Legislation/BillStatus?DocNum=4804&GAID=18&DocTypeID=HB&LegId=165988&SessionID=114,,,,https://openstates.org/il/bills/104th/HB4804/
os-5d46a6e9-f254-46fe-9ddd-48ae5af9cd37,bill,Oklahoma,SB 2038,Health Insurance; requiring certain decisions to be made by licensed professional; prohibiting issuance of outcomes determined with artificial-intelligence; requiring disclosure notice by insurer. Emergency.,not passed,Second Reading referred to Business and Insurance,2026-02-02,http://www.oklegislature.gov/BillInfo.aspx?Bill=SB2038&session=2600,ai-care-decisions,labeling-mandates; use-restrictions,,https://openstates.org/ok/bills/2026/SB2038/
os-a490ee14-07be-4e0a-b896-a5eee96583ea,bill,Tennessee,SB 2253,"Traffic Safety - As enacted, establishes process regarding traffic violations committed by autonomous vehicles, including mailing the notice of violation or citation to the registered owner of the vehicle. - Amends TCA Title 55, Chapter 30 and Title 55, Chapter 8.",not passed,Pub. Ch. 726,2026-02-02,https://wapp.capitol.tn.gov/apps/BillInfo/Default?BillNumber=SB2253&ga=114,,,,https://openstates.org/tn/bills/114/SB2253/
os-16bf967a-7a53-4947-bf2b-ed3ab7d4789b,bill,Tennessee,HB 2302,"Traffic Safety - As enacted, establishes process regarding traffic violations committed by autonomous vehicles, including mailing the notice of violation or citation to the registered owner of the vehicle. - Amends TCA Title 55, Chapter 30 and Title 55, Chapter 8.",not passed,Comp. became Pub. Ch. 726,2026-02-02,https://wapp.capitol.tn.gov/apps/BillInfo/Default?BillNumber=HB2302&ga=114,,,,https://openstates.org/tn/bills/114/HB2302/
os-58ef7376-d690-42f7-bf20-600cd6a0073e,bill,Oregon,HB 4085,Relating to autonomous vehicles.,did not pass,In committee upon adjournment.,2026-02-02,https://olis.oregonlegislature.gov/liz/2026R1/Measures/Overview/HB4085,,,,https://openstates.org/or/bills/2026R1/HB4085/
os-95da6ef1-56de-4ffc-96a1-f24aa0221a8c,bill,Illinois,HB 4789,AUTOMATED DRIVING SYSTEMS,not passed,Rule 19(a) / Re-referred to Rules Committee,2026-02-02,https://ilga.gov/Legislation/BillStatus?DocNum=4789&GAID=18&DocTypeID=HB&LegId=165946&SessionID=114,,,,https://openstates.org/il/bills/104th/HB4789/
os-650435a8-8f6e-4fe1-954f-61d8f161ad9a,bill,Oklahoma,SB 1734,Schools; creating the Oklahoma Responsible Technology in Schools Act; requiring development of guidance for use of artificial intelligence and emerging technologies. Effective date. Emergency.,passed,Approved by Governor 05/12/2026,2026-02-02,http://www.oklegislature.gov/BillInfo.aspx?Bill=SB1734&session=2600,privacy,,,https://openstates.org/ok/bills/2026/SB1734/
os-777d72b6-1b8e-48f4-982c-d40d52951881,bill,Oklahoma,HB 2992,Corporation Commission; creating the Data Center Customer Ratepayer Protection Act of 2026; effective date; emergency.,passed,Approved by Governor 05/11/2026,2026-02-02,http://www.oklegislature.gov/BillInfo.aspx?Bill=HB2992&session=2600,power-bills,mandatory-reporting; new-agency-powers,Oklahoma Corporation Commission,https://openstates.org/ok/bills/2026/HB2992/
os-7e148a35-de71-4af4-b54d-13b01887e8af,bill,Rhode Island,SB 2346,AN ACT RELATING TO STATE AFFAIRS AND GOVERNMENT -- RHODE ISLAND COMMERCE CORPORATION,not passed,03/10/2026 Committee recommended measure be held for further study,2026-01-30,http://webserver.rilegislature.gov/BillText/BillText26/SenateText26/S2346.pdf,,,,https://openstates.org/ri/bills/2026/SB2346/
os-a3aab023-deb2-48ca-a8c8-791893922d3e,bill,Maryland,SB 427,Property Taxes - Authority of Counties to Establish a Subclass and Set a Special Rate for Personal Property of Data Centers,not passed,Hearing 2/18 at 1:00 p.m.,2026-01-30,http://mgaleg.maryland.gov/mgawebsite/Legislation/Details/sb0427?ys=2026RS,,,,https://openstates.org/md/bills/2026/SB427/
os-a7e49f1b-5bf3-4ea0-8100-dfb0880e6e5d,bill,West Virginia,SB 695,Department of Commerce rule relating to certification of microgrid district or certification as high impact data center,not passed,To Judiciary,2026-01-30,https://www.wvlegislature.gov/Bill_Status/Bills_history.cfm?input=695&year=2026&sessiontype=RS&btype=bill,,,,https://openstates.org/wv/bills/2026/SB695/
os-c02bc79d-1aaf-4eb6-b285-20e7bac065a6,bill,Illinois,HB 4717,ALGORITHMIC PRICING DISCLOSURE,not passed,Referred to Rules Committee,2026-01-30,https://ilga.gov/Legislation/BillStatus?DocNum=4717&GAID=18&DocTypeID=HB&LegId=165753&SessionID=114,,,,https://openstates.org/il/bills/104th/HB4717/
os-50c770bc-688f-4082-b7a0-0493ad5ae7c6,bill,New York,A 10049,Establishes a grid modernization surcharge,not passed,REFERRED TO ENERGY,2026-01-30,https://nyassembly.gov/leg/?bn=A10049&term=2025,power-bills,,,https://openstates.org/ny/bills/2025-2026/A10049/
os-abc5c33f-f38b-4757-b23e-ec8c4d24c6ea,bill,Washington,HB 2708,Removing a tax exemption for the replacement of equipment for data centers.,not passed,"First reading, referred to Finance.",2026-01-30,https://app.leg.wa.gov/billsummary/?BillNumber=2708&Year=2025&Initiative=false,,,,https://openstates.org/wa/bills/2025-2026/HB2708/
os-ad5781fb-135e-4326-84ea-ecbbaaf4e7a4,bill,New York,A 10047,Establishes disclosure requirements for AI-generated or materially AI-altered media depicting historically recognized human disasters when such media is publicly distributed,not passed,REFERRED TO CONSUMER AFFAIRS AND PROTECTION,2026-01-30,https://nyassembly.gov/leg/?bn=A10047&term=2025,deepfakes,,New York Attorney General,https://openstates.org/ny/bills/2025-2026/A10047/
os-2dc57dff-2c81-4018-aa58-f43806469f0e,bill,Utah,HB 438,Artificial Intelligence Amendments,not passed,House/ filed,2026-01-30,https://le.utah.gov/~2026/bills/static/HB0438.html,,,,https://openstates.org/ut/bills/2026/HB438/
os-d626f34c-a6d0-473f-bda8-db5b1e27511d,bill,New York,S 9089,Relates to food delivery worker safety,not passed,REFERRED TO LABOR,2026-01-30,https://nyassembly.gov/leg/?bn=S09089&term=2025,,use-restrictions,,https://openstates.org/ny/bills/2025-2026/S9089/
os-1bd4535e-345d-4af7-8afc-16a60a6c5cc5,bill,Vermont,H 846,An act relating to artificial intelligence and elections,not passed,Read first time and referred to the Committee on Government Operations and Military Affairs,2026-01-30,http://legislature.vermont.gov/bill/status/2026/H.846,,,,https://openstates.org/vt/bills/2025-2026/H846/
os-e1c45333-aeb9-4f8f-9372-39e89c9c8e54,bill,Pennsylvania,HB 2175,"An Act amending Title 12 (Commerce and Trade) of the Pennsylvania Consolidated Statutes, providing for consumer protection and for artificial intelligence and chatbots; imposing duties on the Bureau of Consumer Protection in the Office of Attorney General; and imposing penalties.",not passed,"Re-referred to Consumer Protection, Technology & Utilities",2026-01-30,https://www.palegis.us/legislation/bills/2025/hb2175,,new-agency-powers,,https://openstates.org/pa/bills/2025-2026/HB2175/
us-119-hr-7294,bill,Congress,H.R. 7294,AI for Secure Networks Act,not passed,Forwarded by Subcommittee to Full Committee by Voice Vote.,2026-01-30,https://www.congress.gov/bill/119th-congress/house-bill/7294,,,,https://www.congress.gov/bill/119th-congress/house-bill/7294
os-de889434-ae64-4a92-8431-f35fc582a103,bill,Illinois,HB 4711,PROVENANCE DATA REQUIREMENTS,not passed,Rule 19(a) / Re-referred to Rules Committee,2026-01-30,https://ilga.gov/Legislation/BillStatus?DocNum=4711&GAID=18&DocTypeID=HB&LegId=165741&SessionID=114,,,,https://openstates.org/il/bills/104th/HB4711/
os-cf83ec91-8ff7-458d-abde-8a518aec13b3,bill,New York,A 10087,"Enacts the ""take the wheel act"" which requires a driver be present in all motor vehicles operated for hire",not passed,PRINT NUMBER 10087A,2026-01-30,https://nyassembly.gov/leg/?bn=A10087&term=2025,,use-restrictions,,https://openstates.org/ny/bills/2025-2026/A10087/
os-a3a0631f-81db-45be-be99-50affa6ef19f,bill,West Virginia,HB 4983,Authorizing the Department of Commerce to promulgate a legislative rule relating to certification of a microgrid district or certification as a high impact data center,passed,"Chapter 221, Acts, Regular Session, 2026",2026-01-30,https://www.wvlegislature.gov/Bill_Status/Bills_history.cfm?input=4983&year=2026&sessiontype=RS&btype=bill,,new-agency-powers,West Virginia Department of Commerce,https://openstates.org/wv/bills/2026/HB4983/
os-9f2aa621-a4c4-4d54-aafd-0b0a6c09f883,bill,Arizona,SB 1467,data centers; tax relief; repeal.,not passed,Senate Second Reading,2026-01-29,https://apps.azleg.gov/BillStatus/BillOverview/85055?SessionId=130,,,,https://openstates.org/az/bills/57th-2nd-regular/SB1467/
os-9ca1a0c3-6db3-43c1-a35a-d1fed4ab0a3a,bill,West Virginia,SB 658,Relating to certified microgrid district projects and certified high impact data center projects,not passed,To Economic Development,2026-01-29,https://www.wvlegislature.gov/Bill_Status/Bills_history.cfm?input=658&year=2026&sessiontype=RS&btype=bill,,,,https://openstates.org/wv/bills/2026/SB658/
os-5926dff3-d7fa-4dea-92ba-5306bd4b5e54,bill,Arizona,SB 1463,data centers; tax relief; repeal..,not passed,Senate Second Reading,2026-01-29,https://apps.azleg.gov/BillStatus/BillOverview/85051?SessionId=130,,,,https://openstates.org/az/bills/57th-2nd-regular/SB1463/
os-55d9b007-676d-4b96-ae31-3d9579c1f951,bill,Iowa,HSB 643,"A bill for an act relating to the use of synthetic media in campaign materials, and making penalties applicable.",not passed,"Committee report approving bill, renumbered as HF 2609.",2026-01-29,https://www.legis.iowa.gov/legislation/billTracking/billHistory?billName=HSB 643&ga=91,deepfakes,use-restrictions,,https://openstates.org/ia/bills/2025-2026/HSB643/
os-beb18df4-f2ee-46f9-acfa-5bb9cab4ca70,bill,West Virginia,HB 4948,"To create a buffer zone between a data center and residence, school or house of worship",not passed,To House Energy and Public Works,2026-01-29,https://www.wvlegislature.gov/Bill_Status/Bills_history.cfm?input=4948&year=2026&sessiontype=RS&btype=bill,,data-center-limits,,https://openstates.org/wv/bills/2026/HB4948/
os-49cb2b5c-1419-47bd-932d-524def2815b9,bill,Iowa,HF 2198,"A bill for an act relating to the disclosure of tax incentives provided to web search portal businesses and data center businesses, and including effective date provisions.",not passed,"Introduced, referred to Ways and Means.",2026-01-29,https://www.legis.iowa.gov/legislation/billTracking/billHistory?billName=HF 2198&ga=91,,,,https://openstates.org/ia/bills/2025-2026/HF2198/
os-c9c0c07c-bcc0-4c25-b5c9-68eee1bf208c,bill,South Carolina,S 867,Data Center Development,not passed,Scrivener's error corrected,2026-01-29,https://www.scstatehouse.gov/billsearch.php?billnumbers=867&session=126&summary=B,power-bills,data-center-limits; mandatory-reporting; new-agency-powers,South Carolina Department of Environmental Services; South Carolina Public Service Commission,https://openstates.org/sc/bills/2025-2026/S867/
os-17f1a171-e520-448b-b8d5-a694c8a3b6c8,bill,South Dakota,SB 170,"require the provision of a notice to consumers, interacting with certain chatbots or other human-simulating computer technologies that could mislead or deceive the consumer.",did not pass,"Commerce and Energy Tabled , Passed, YEAS 6, NAYS 0",2026-01-29,https://sdlegislature.gov/Session/Bill/26551,misinformation,labeling-mandates,,https://openstates.org/sd/bills/2026/SB170/
os-873a9b13-8559-40f4-9173-4eb07ad167f0,bill,South Dakota,SB 168,regulate the use of chatbots by minors.,not passed,"Judiciary Deferred to the 41st legislative day , Passed, YEAS 6, NAYS 0 S.J. 23",2026-01-29,https://sdlegislature.gov/Session/Bill/26549,kids-chatbots,,,https://openstates.org/sd/bills/2026/SB168/
os-b8f8360a-e3c8-435f-a16d-e457bb575198,bill,South Dakota,SB 169,place requirements on the use of artificial intelligence systems by health carriers in making determinations about the provision of health care services.,withdrawn,"Withdrawn at the Request of the Prime Sponsor , Passed, S.J. 272",2026-01-29,https://sdlegislature.gov/Session/Bill/26550,ai-care-decisions,use-restrictions,,https://openstates.org/sd/bills/2026/SB169/
os-2a2d1407-28fb-4b1d-9b13-56739343d64a,bill,Ohio,HB 665,Regulate the use of pricing algorithms,not passed,Referred to committee,2026-01-29,https://www.legislature.ohio.gov/legislation/136/hb665,algorithmic-pricing,,,https://openstates.org/oh/bills/136/HB665/
os-c89e9f56-0388-42ec-b250-75e2cf5a2780,bill,Iowa,SF 2166,"A bill for an act relating to the publication of electioneering communications containing synthetic media, and providing penalties.",not passed,"Subcommittee: Rozenboom, Drey, and Schultz.",2026-01-29,https://www.legis.iowa.gov/legislation/billTracking/billHistory?billName=SF 2166&ga=91,,labeling-mandates; use-restrictions,,https://openstates.org/ia/bills/2025-2026/SF2166/
os-bd6019a2-1105-4e12-8b79-4946cc5bed82,bill,Iowa,HSB 647,"A bill for an act relating to chatbots, including deployer requirements and interactions with minors.",not passed,"Committee report approving bill, renumbered as HF 2715.",2026-01-29,https://www.legis.iowa.gov/legislation/billTracking/billHistory?billName=HSB 647&ga=91,kids-chatbots,,,https://openstates.org/ia/bills/2025-2026/HSB647/
os-c961fa86-2035-437c-8022-e658d20f3c16,bill,Wisconsin,AB 959,Relating to: the legal status of artificial intelligence.,did not pass,Failed to pass pursuant to Senate Joint Resolution 1,2026-01-29,https://docs.legis.wisconsin.gov/2025/proposals/reg/asm/bill/ab959,,,,https://openstates.org/wi/bills/2025/AB959/
os-b7e2eeff-b518-4e88-9d7d-0dfc6bcb484a,bill,Iowa,HF 2204,"A bill for an act relating to the requirements for chatbot deployers, including required protocols, limitations on data collection, and requirements for minors to interact with artificial intelligence companions and therapeutic chatbots, and providing civil penalties, punitive penalties, and civil causes of action.",not passed,"Introduced, referred to Economic Growth and Technology.",2026-01-29,https://www.legis.iowa.gov/legislation/billTracking/billHistory?billName=HF 2204&ga=91,ai-companions; ai-therapists; kids-chatbots; privacy,,,https://openstates.org/ia/bills/2025-2026/HF2204/
os-8f919a8f-5a80-400e-9bab-e604f1776c8f,bill,Kansas,HB 2592,Creating the Kansas task force on artificial intelligence and emerging technologies to study such technologies and make recommendations to the legislature.,did not pass,Died in Committee,2026-01-29,https://www.kslegislature.gov/b2025_26/bills/HB2592/,,,,https://openstates.org/ks/bills/2025-2026/HB2592/
os-6ec92710-5af8-4d3f-b907-c88f37bdb717,bill,Ohio,HB 663,Create the Artificial Intelligence Study Commission,not passed,Referred to committee,2026-01-29,https://www.legislature.ohio.gov/legislation/136/hb663,,,,https://openstates.org/oh/bills/136/HB663/
os-09fb77cf-b141-4437-89b0-4d087291f601,bill,Vermont,H 821,An act relating to artificial intelligence,not passed,Read first time and referred to the Committee on Commerce and Economic Development,2026-01-29,http://legislature.vermont.gov/bill/status/2026/H.821,,,,https://openstates.org/vt/bills/2025-2026/H821/
os-910f963c-f6bd-476a-8d36-08e0768626d3,bill,Vermont,H 829,An act relating to notification of robocalls that use an artificial voice,not passed,Read first time and referred to the Committee on Energy and Digital Infrastructure,2026-01-29,http://legislature.vermont.gov/bill/status/2026/H.829,,,,https://openstates.org/vt/bills/2025-2026/H829/
os-20d76a4a-5b1a-4d34-aa6a-2dc1ea103f95,bill,Vermont,H 822,An act relating to the regulation of generative artificial intelligence systems,not passed,Read first time and referred to the Committee on Commerce and Economic Development,2026-01-29,http://legislature.vermont.gov/bill/status/2026/H.822,,,,https://openstates.org/vt/bills/2025-2026/H822/
os-7ed6ee72-7ad1-4d8c-be57-9ca459b21803,bill,Wisconsin,AB 965,Relating to: artificial intelligence systems that simulate humanlike relationships with children and providing a penalty.,did not pass,Failed to pass pursuant to Senate Joint Resolution 1,2026-01-29,https://docs.legis.wisconsin.gov/2025/proposals/reg/asm/bill/ab965,kids-chatbots,use-restrictions,,https://openstates.org/wi/bills/2025/AB965/
os-8382fa8d-ac9e-4c16-b7dc-14b5853663a7,bill,Illinois,SB 2993,AI-PRESCRIBING MEDICATION,not passed,Rule 3-9(a) / Re-referred to Assignments,2026-01-29,https://ilga.gov/Legislation/BillStatus?DocNum=2993&GAID=18&DocTypeID=SB&LegId=165490&SessionID=114,,,,https://openstates.org/il/bills/104th/SB2993/
os-c695ffbb-8982-40a8-ad85-4437de8e4311,bill,Illinois,SB 2995,CONSUMER FRAUD-AI DISCLOSURE,not passed,Rule 3-9(a) / Re-referred to Assignments,2026-01-29,https://ilga.gov/Legislation/BillStatus?DocNum=2995&GAID=18&DocTypeID=SB&LegId=165492&SessionID=114,,,,https://openstates.org/il/bills/104th/SB2995/
os-73312aad-ac06-4aef-8d34-5133fe33b2a3,bill,Illinois,HB 4705,ARTIFICIAL INTELLIGENCE SAFETY,not passed,Added Co-Sponsor Rep. Katie Stuart,2026-01-29,https://ilga.gov/Legislation/BillStatus?DocNum=4705&GAID=18&DocTypeID=HB&LegId=165724&SessionID=114,,,,https://openstates.org/il/bills/104th/HB4705/
os-1645e518-c44f-43eb-840e-7cab8794aafe,bill,Illinois,SB 2996,ELEC CD-AI ADVERT DISCLOSURE,not passed,Senate Committee Amendment No. 1 Rule 3-9(a) / Re-referred to Assignments,2026-01-29,https://ilga.gov/Legislation/BillStatus?DocNum=2996&GAID=18&DocTypeID=SB&LegId=165496&SessionID=114,,labeling-mandates,,https://openstates.org/il/bills/104th/SB2996/
os-37dc3e97-8d9f-4f93-a2c2-b8d08bb80aa5,bill,Illinois,SB 3027,NO AI IN HEALTH CARE PRICING,not passed,Rule 3-9(a) / Re-referred to Assignments,2026-01-29,https://ilga.gov/Legislation/BillStatus?DocNum=3027&GAID=18&DocTypeID=SB&LegId=165565&SessionID=114,algorithmic-pricing,,,https://openstates.org/il/bills/104th/SB3027/
os-15108415-5983-4ee4-9a30-ddb22a9903c2,bill,Alabama,SB 222,"Motor vehicles; operation of oversized vehicles operated by automated driving systems, prohibited",not passed,"Transportation, Utilities and Infrastructure 1st Substitute (Transportation, Utilities and Infrastructure)",2026-01-29,https://alison.legislature.state.al.us/files/pdf/SearchableInstruments/2026RS/MSN861H-1.pdf,,use-restrictions,,https://openstates.org/al/bills/2026rs/SB222/
os-8a4bbd9e-7378-4bca-ac6a-83a5c85aa7b1,bill,Vermont,H 814,An act relating to neurological rights and the use of artificial intelligence technology in health and human services,passed,"House message: Governor approved bill on May 18, 2026",2026-01-29,http://legislature.vermont.gov/bill/status/2026/H.814,,,,https://openstates.org/vt/bills/2025-2026/H814/
os-6783fc29-f691-40bb-9396-1833b4a254f9,bill,Vermont,H 816,An act relating to regulating the use of artificial intelligence in the provision of mental health services,passed,"House message: Governor approved bill on June 17, 2026",2026-01-29,http://legislature.vermont.gov/bill/status/2026/H.816,ai-therapists,use-restrictions,,https://openstates.org/vt/bills/2025-2026/H816/
os-b0a2133a-af4e-4d86-859a-e89362522e8b,bill,Maryland,HB 560,Sales and Use Tax and Property Tax - Exemptions for Data Centers - Repeal,not passed,Hearing 2/12 at 1:00 p.m.,2026-01-28,http://mgaleg.maryland.gov/mgawebsite/Legislation/Details/hb0560?ys=2026RS,,,,https://openstates.org/md/bills/2026/HB560/
os-8b9ac969-66d9-48f9-b21a-61c2b9e27ed8,bill,West Virginia,HB 4854,Prohibiting the state or any political subdivision from subsidizing any data center in West Virginia,not passed,To House Government Organization,2026-01-28,https://www.wvlegislature.gov/Bill_Status/Bills_history.cfm?input=4854&year=2026&sessiontype=RS&btype=bill,,,,https://openstates.org/wv/bills/2026/HB4854/
os-6c73e380-2554-421d-9e3f-869bc65751a2,bill,West Virginia,SB 652,Relating to distribution of tax revenues collected from data centers,not passed,To Economic Development,2026-01-28,https://www.wvlegislature.gov/Bill_Status/Bills_history.cfm?input=652&year=2026&sessiontype=RS&btype=bill,,,,https://openstates.org/wv/bills/2026/SB652/
os-7584a38f-1bdf-4a17-bc9c-0cf668214965,bill,Georgia,SB 436,"Counties, Municipal Corporations; local governments and political subdivisions from entering into nondisclosure agreements regarding electricity usage or water usage of any entity; prohibit",not passed,Senate Read and Referred,2026-01-28,https://www.legis.ga.gov/legislation/72578,,,,https://openstates.org/ga/bills/2025_26/SB436/
os-ee5cef56-f591-4226-9fba-956355ec819a,bill,Hawaii,HB 2611,RELATING TO ANTITRUST.,not passed,The committee(s) on HSG recommend(s) that the measure be deferred.,2026-01-28,https://capitol.hawaii.gov/session/measure_indiv.aspx?billtype=HB&billnumber=2611&year=2026,algorithmic-pricing,use-restrictions,,https://openstates.org/hi/bills/2026/HB2611/
os-5d325a49-e343-4449-ab00-cf8ee15866c6,bill,Georgia,HB 1063,Electric utilities; protect residential and retail electricity customers from costs associated with data center construction and operation; require,not passed,Senate Read and Referred,2026-01-28,https://www.legis.ga.gov/legislation/72514,power-bills,,,https://openstates.org/ga/bills/2025_26/HB1063/
os-1915d2ce-9414-494a-bd62-075ca0a4f75f,bill,Georgia,HB 1059,Data Center Impact Assessment and Development Moratorium Act of 2026; enact,not passed,House Second Readers,2026-01-28,https://www.legis.ga.gov/legislation/72510,,data-center-limits,,https://openstates.org/ga/bills/2025_26/HB1059/
os-92ae9706-a9a9-40f5-9bd2-d8e117bc0413,bill,Rhode Island,HB 7331,AN ACT RELATING TO PUBLIC UTILITIES AND CARRIERS -- PUBLIC UTILITIES COMMISSION,not passed,04/07/2026 Committee recommended measure be held for further study,2026-01-28,http://webserver.rilegislature.gov/BillText/BillText26/HouseText26/H7331.pdf,power-bills,,,https://openstates.org/ri/bills/2026/HB7331/
os-f33bc1f3-b088-4767-bf67-9921efb69b21,resolution,Kansas,HR 6023,Opposing the federal preemption of state laws that regulate artificial intelligence.,did not pass,Died in Committee,2026-01-28,https://www.kslegislature.gov/b2025_26/resolutions/HR6023/,,,,https://openstates.org/ks/bills/2025-2026/HR6023/
os-e19938b6-e7bc-48d6-84ca-89cb58a5d8d0,bill,New Mexico,HB 212,VOICE & VISUAL LIKENESS RIGHTS ACT,did not pass,action postponed indefinitely,2026-01-28,https://www.nmlegis.gov/Legislation/Legislation?chamber=H&legType=B&legNo=212&year=26,,,,https://openstates.org/nm/bills/2026/HB212/
os-bd934c8b-3528-42de-a288-0479003be75c,bill,Kansas,SB 405,"Making it unlawful for a person to knowingly train artificial intelligence to encourage or support suicide or the unlawful killing of another person, provide emotional support, develop emotional relationships, act as a healthcare professional, simulate humans or encourage isolation.",did not pass,Died in Committee,2026-01-28,https://www.kslegislature.gov/b2025_26/bills/SB405/,ai-companions; ai-therapists,use-restrictions,,https://openstates.org/ks/bills/2025-2026/SB405/
os-e6c4d8ce-5873-40c8-83a0-ce273c734df8,bill,Iowa,HSB 635,A bill for an act relating to the ownership of artificial intelligence output and trained artificial intelligence.,not passed,"Committee report approving bill, renumbered as HF 2691.",2026-01-28,https://www.legis.iowa.gov/legislation/billTracking/billHistory?billName=HSB 635&ga=91,,,,https://openstates.org/ia/bills/2025-2026/HSB635/
os-f473adc6-c2e5-4672-8bdd-f9ee77c8729d,bill,Vermont,H 792,An act relating to liability standards for developers and deployers of artificial intelligence systems,not passed,Read first time and referred to the Committee on Commerce and Economic Development,2026-01-28,http://legislature.vermont.gov/bill/status/2026/H.792,,,,https://openstates.org/vt/bills/2025-2026/H792/
os-d8e0acec-6ce2-4e7b-847b-9744431b34cd,bill,Vermont,H 804,An act relating to companion chatbots,not passed,Read first time and referred to the Committee on Commerce and Economic Development,2026-01-28,http://legislature.vermont.gov/bill/status/2026/H.804,,,,https://openstates.org/vt/bills/2025-2026/H804/
os-167acc98-dc9c-49bb-bd18-fa1ce7ba69f1,bill,Rhode Island,HB 7350,AN ACT RELATING TO COMMERCIAL LAW--GENERAL REGULATORY PROVISIONS -- ARTIFICIAL INTELLIGENCE COMPANION MODELS,passed,06/22/2026 Signed by Governor,2026-01-28,http://webserver.rilegislature.gov/BillText/BillText26/HouseText26/H7350Aaa.pdf,ai-companions,labeling-mandates,,https://openstates.org/ri/bills/2026/HB7350/
os-22bf944f-b0c4-4936-8312-affd7da8b2bf,bill,Hawaii,HB 2591,RELATING TO ARTIFICIAL INTELLIGENCE.,not passed,"Referred to ECD, FIN, referral sheet 6",2026-01-28,https://capitol.hawaii.gov/session/measure_indiv.aspx?billtype=HB&billnumber=2591&year=2026,,,,https://openstates.org/hi/bills/2026/HB2591/
os-59767fcc-88f0-463a-9161-1ec6f43887af,bill,Hawaii,HB 2597,RELATING TO ARTIFICIAL INTELLIGENCE.,not passed,"Reported from LBT/GVO (Stand. Com. Rep. No. 3358) with recommendation of passage on Second Reading, as amended (SD 1) and referral to WAM.",2026-01-28,https://capitol.hawaii.gov/session/measure_indiv.aspx?billtype=HB&billnumber=2597&year=2026,,,,https://openstates.org/hi/bills/2026/HB2597/
os-b75e5bca-7d8a-4a9e-9228-268f5e775e21,bill,Hawaii,HB 2502,RELATING TO ARTIFICIAL INTELLIGENCE.,not passed,"Reported from ECD (Stand. Com. Rep. No. 146-26) as amended in HD 1, recommending passage on Second Reading and referral to CPC.",2026-01-28,https://capitol.hawaii.gov/session/measure_indiv.aspx?billtype=HB&billnumber=2502&year=2026,kids-chatbots,labeling-mandates; mandatory-reporting; new-agency-powers; use-restrictions,Hawaii Attorney General; Hawaii Department of Commerce and Consumer Affairs,https://openstates.org/hi/bills/2026/HB2502/
os-2d5c246d-677b-4077-9037-595efd4c8c4e,bill,Hawaii,HB 2500,RELATING TO ARTIFICIAL INTELLIGENCE.,not passed,The committee(s) on ECD recommend(s) that the measure be deferred.,2026-01-28,https://capitol.hawaii.gov/session/measure_indiv.aspx?billtype=HB&billnumber=2500&year=2026,,labeling-mandates; new-agency-powers,Hawaii Attorney General,https://openstates.org/hi/bills/2026/HB2500/
os-ad90700e-817d-4736-b7ae-c1cbaf4edf12,bill,Hawaii,HB 2607,RELATING TO PUBLICITY RIGHTS.,not passed,The committee(s) on ECD recommend(s) that the measure be deferred.,2026-01-28,https://capitol.hawaii.gov/session/measure_indiv.aspx?billtype=HB&billnumber=2607&year=2026,deepfakes,,,https://openstates.org/hi/bills/2026/HB2607/
os-a8a65770-fb5c-488c-81b3-d3b746df9760,bill,Hawaii,HB 2499,RELATING TO DEMOGRAPHIC DATA.,not passed,The committee(s) on ECD recommend(s) that the measure be deferred.,2026-01-28,https://capitol.hawaii.gov/session/measure_indiv.aspx?billtype=HB&billnumber=2499&year=2026,,,,https://openstates.org/hi/bills/2026/HB2499/
os-613de7f6-2621-440f-82e1-6d7d440fb664,bill,California,AB 1651,State Bar of California: artificial intelligence.,passed,"Chaptered by Secretary of State - Chapter 116, Statutes of 2026.",2026-01-28,http://leginfo.legislature.ca.gov/faces/billNavClient.xhtml?bill_id=202520260AB1651,,,,https://openstates.org/ca/bills/20252026/AB1651/
os-e80c0355-9684-46bc-bfad-c4979ade5ce3,bill,Missouri,SB 1598,Modifies provisions relating to medical malpractice for the use of artificial intelligence by health care providers,not passed,Second Read and Referred S General Laws Committee,2026-01-28,https://www.senate.mo.gov/BillTracking/Bills/BillInformation?year=2026&billid=2581464,,,,https://openstates.org/mo/bills/2026/SB1598/
os-4941dae8-bef1-47b7-9a1c-5b233cbedc55,bill,Illinois,HB 4663,AUTONOMOUS VEHICLE PILOT PROJ,not passed,Rule 19(a) / Re-referred to Rules Committee,2026-01-28,https://ilga.gov/Legislation/BillStatus?DocNum=4663&GAID=18&DocTypeID=HB&LegId=165621&SessionID=114,,,,https://openstates.org/il/bills/104th/HB4663/
os-d34c1fef-d683-4554-a1ea-41e0ddd2efa3,bill,Rhode Island,HB 7349,"AN ACT RELATING TO BEHAVIORAL HEALTHCARE, DEVELOPMENTAL DISABILITIES AND HOSPITALS -- OVERSIGHT OF ARTIFICIAL INTELLIGENCE TECHNOLOGY IN MENTAL HEALTH CARE ACT",passed,06/22/2026 Signed by Governor,2026-01-28,http://webserver.rilegislature.gov/BillText/BillText26/HouseText26/H7349A.pdf,,,,https://openstates.org/ri/bills/2026/HB7349/
os-6964a2b1-f924-4746-acdc-a9eb12ec62b9,bill,Kansas,SB 400,Requiring data centers to use closed-loop cooling systems to mitigate water consumption.,did not pass,Died in Committee,2026-01-27,https://www.kslegislature.gov/b2025_26/bills/SB400/,,data-center-limits,,https://openstates.org/ks/bills/2025-2026/SB400/
os-91612905-e52a-406c-9d75-99f4290159cb,bill,South Dakota,HB 1144,restrict the use of artificial intelligence in therapy and psychotherapy services and to provide a penalty therefor.,withdrawn,"Withdrawn at the Request of the Prime Sponsor , Passed, H.J. 192",2026-01-27,https://sdlegislature.gov/Session/Bill/26480,ai-therapists,use-restrictions,,https://openstates.org/sd/bills/2026/HB1144/
os-3933dfb5-d330-450f-8122-2cbd9807f57d,bill,Maryland,SB 375,County Boards of Education - Artificial Intelligence Training Program - Requirement,not passed,Hearing 2/27 at 1:00 p.m.,2026-01-27,http://mgaleg.maryland.gov/mgawebsite/Legislation/Details/sb0375?ys=2026RS,,,,https://openstates.org/md/bills/2026/SB375/
os-3c3597c7-6bf8-4c5d-9362-b146492ce0d7,bill,New York,S 9051,Prohibits artificial intelligence companions from using features which are considered unsafe for minors,not passed,RETURNED TO SENATE,2026-01-27,https://nyassembly.gov/leg/?bn=S09051&term=2025,kids-chatbots,use-restrictions,,https://openstates.org/ny/bills/2025-2026/S9051/
os-dee0c309-a4a0-44a2-979b-51c96f707707,bill,Vermont,H 783,An act relating to chatbot disclosure requirements,not passed,Read first time and referred to the Committee on Commerce and Economic Development,2026-01-27,http://legislature.vermont.gov/bill/status/2026/H.783,,labeling-mandates,,https://openstates.org/vt/bills/2025-2026/H783/
os-0ee51470-3eae-46d6-bbb0-4516774ac13d,bill,New Mexico,HB 174,CHATBOT SAFETY ACT,did not pass,action postponed indefinitely,2026-01-27,https://www.nmlegis.gov/Legislation/Legislation?chamber=H&legType=B&legNo=174&year=26,,,,https://openstates.org/nm/bills/2026/HB174/
os-f9ef5450-2193-4c27-a9e6-cf213c0f5b3e,bill,Vermont,H 776,An act relating to the use of artificial intelligence in health care coverage decisions,not passed,Read first time and referred to the Committee on Health Care,2026-01-27,http://legislature.vermont.gov/bill/status/2026/H.776,ai-care-decisions,,,https://openstates.org/vt/bills/2025-2026/H776/
os-4f652bd3-12ab-4873-914f-fe4b16276dce,bill,Illinois,SB 2927,DCEO-AI IMPACT STUDY,not passed,Rule 3-9(a) / Re-referred to Assignments,2026-01-27,https://ilga.gov/Legislation/BillStatus?DocNum=2927&GAID=18&DocTypeID=SB&LegId=165303&SessionID=114,,,,https://openstates.org/il/bills/104th/SB2927/
os-4c94c380-d091-4344-816a-6f50b2b1ab83,bill,Illinois,SB 2909,SCH CD-TEACHER EVALUATION-AI,passed,Public Act . . . . . . . . . 104-0565,2026-01-27,https://ilga.gov/Legislation/BillStatus?DocNum=2909&GAID=18&DocTypeID=SB&LegId=165259&SessionID=114,,,,https://openstates.org/il/bills/104th/SB2909/
os-b1505066-60eb-4f53-82f8-5ab21ad966b4,bill,Utah,SB 205,Law Enforcement Artificial Intelligence Amendments,not passed,Senate/ filed,2026-01-27,https://le.utah.gov/~2026/bills/static/SB0205.html,,,,https://openstates.org/ut/bills/2026/SB205/
os-dd16dae6-2db0-47d9-b61b-a125059d80e4,bill,Vermont,H 784,An act relating to the regulation of chatbots,not passed,Read first time and referred to the Committee on Commerce and Economic Development,2026-01-27,http://legislature.vermont.gov/bill/status/2026/H.784,,,,https://openstates.org/vt/bills/2025-2026/H784/
os-deaee544-ee62-42c5-8c5c-41bf259ddb63,bill,Hawaii,HB 2357,RELATING TO ARTIFICIAL INTELLIGENCE.,not passed,The committee(s) on JHA recommend(s) that the measure be deferred.,2026-01-27,https://capitol.hawaii.gov/session/measure_indiv.aspx?billtype=HB&billnumber=2357&year=2026,,use-restrictions,,https://openstates.org/hi/bills/2026/HB2357/
os-f4535e95-c26a-4b33-8eb4-c4da2b62e04b,bill,Arizona,SB 1417,autonomous vehicles; safety; data,not passed,Senate Second Reading,2026-01-27,https://apps.azleg.gov/BillStatus/BillOverview/84971?SessionId=130,,,,https://openstates.org/az/bills/57th-2nd-regular/SB1417/
os-633d93e3-7aa1-4bd3-97fc-251928e57db1,bill,South Dakota,SB 135,protect residents from increased utility costs and utility shortages caused by data centers and clarify authority to regulate data centers.,passed,Signed by the Governor on 2026-03-30 S.J. 549,2026-01-27,https://sdlegislature.gov/Session/Bill/27028,power-bills,mandatory-reporting; new-agency-powers,South Dakota Board of Water Management,https://openstates.org/sd/bills/2026/SB135/
os-e3406cce-13fd-4cff-9d8e-4350b0fedfe3,bill,New York,S 9038,"Enacts the ""take the wheel act"" which requires a driver be present in all motor vehicles operated for hire",not passed,PRINT NUMBER 9038A,2026-01-27,https://nyassembly.gov/leg/?bn=S09038&term=2025,,use-restrictions,,https://openstates.org/ny/bills/2025-2026/S9038/
os-2e99894a-5e10-40b5-8326-d8aace7da71c,bill,West Virginia,SB 623,Establishing economic incentives for data centers to locate within WV,not passed,To Economic Development,2026-01-26,https://www.wvlegislature.gov/Bill_Status/Bills_history.cfm?input=623&year=2026&sessiontype=RS&btype=bill,,,,https://openstates.org/wv/bills/2026/SB623/
os-ba28c7fd-fa27-4e40-9025-b60d1c5840f6,bill,West Virginia,HB 4822,"To redirect data center tax revenue to PEIA, counties, and schools",not passed,To House Energy and Public Works,2026-01-26,https://www.wvlegislature.gov/Bill_Status/Bills_history.cfm?input=4822&year=2026&sessiontype=RS&btype=bill,,,,https://openstates.org/wv/bills/2026/HB4822/
os-b65cdf84-d331-419f-b291-9cf70ef50a04,bill,Washington,HB 2655,"Providing a retail sales and use tax exemption for the construction and equipping of new data centers located in a county east of the Cascades that borders another state and has a population of at least 500,000.",not passed,Public hearing in the House Committee on Finance at 8:00 AM.,2026-01-26,https://app.leg.wa.gov/billsummary/?BillNumber=2655&Year=2025&Initiative=false,,,,https://openstates.org/wa/bills/2025-2026/HB2655/
os-d2c40b87-99e2-4f3e-bdb9-c2537bc97c0e,bill,South Dakota,SB 127,limit nuisances caused by data centers.,not passed,"State Affairs Deferred to the 41st legislative day , Passed, YEAS 5, NAYS 3 S.J. 25",2026-01-26,https://sdlegislature.gov/Session/Bill/26300,,data-center-limits,,https://openstates.org/sd/bills/2026/SB127/
os-00d717de-16ec-43b8-b534-b5870d2d4797,bill,South Dakota,HB 1125,create a taskforce to study the impact of artificial intelligence systems on the state.,not passed,"House of Representatives Do Pass Amended , Passed, YEAS 26, NAYS 43 H.J. 225",2026-01-26,https://sdlegislature.gov/Session/Bill/26539,,,,https://openstates.org/sd/bills/2026/HB1125/
os-617f35ee-cc7b-4bd6-aa70-8f2a6dabc5fe,bill,Iowa,HF 2150,"A bill for an act relating to the use of artificial intelligence for purposes associated with elections, ballot issues, and public officials, providing penalties, and making penalties applicable.",not passed,"Introduced, referred to Economic Growth and Technology.",2026-01-26,https://www.legis.iowa.gov/legislation/billTracking/billHistory?billName=HF 2150&ga=91,,,,https://openstates.org/ia/bills/2025-2026/HF2150/
os-f45154da-e20a-4199-b46b-aa63daafc900,bill,Hawaii,HB 2211,RELATING TO TECHNOLOGY ENABLEMENT.,not passed,"Referred to ECD/TOU, FIN, referral sheet 5",2026-01-26,https://capitol.hawaii.gov/session/measure_indiv.aspx?billtype=HB&billnumber=2211&year=2026,,,,https://openstates.org/hi/bills/2026/HB2211/
os-108c40b9-b286-459f-9a4a-d84b3953a226,bill,Iowa,HF 2153,"A bill for an act requiring community colleges, school districts, and institutions under the control of the state board of regents to adopt policies related to the use of artificial intelligence by students and employees.",not passed,"Introduced, referred to Education.",2026-01-26,https://www.legis.iowa.gov/legislation/billTracking/billHistory?billName=HF 2153&ga=91,,,,https://openstates.org/ia/bills/2025-2026/HF2153/
os-3dd48e4c-2b1c-42ed-8fdb-31ff1cf28065,bill,Hawaii,HB 2137,RELATING TO ARTIFICIAL INTELLIGENCE.,passed,"Act 247, 07/14/2026 (Gov. Msg. No. 1349).",2026-01-26,https://capitol.hawaii.gov/session/measure_indiv.aspx?billtype=HB&billnumber=2137&year=2026,deepfakes,use-restrictions,,https://openstates.org/hi/bills/2026/HB2137/
os-cc68ed31-ecd6-4539-95bc-e1544fca4fa2,bill,Washington,HB 2667,Providing consumer protections for artificial intelligence systems.,not passed,"First reading, referred to Technology, Economic Development, & Veterans.",2026-01-26,https://app.leg.wa.gov/billsummary/?BillNumber=2667&Year=2025&Initiative=false,,,,https://openstates.org/wa/bills/2025-2026/HB2667/
os-5d88c437-0f7b-4f8b-bbca-327f01d7d8c2,bill,Tennessee,HB 2047,"Taxes, Sales - As introduced, authorizes a qualified data center that applies for job tax credits to certify electronically that it has not, within the previous 12 months, been found to be in violation of the Worker Adjustment and Retraining Notification (WARN) Act, the Fair Labor Standards Act of 1938, or federal immigration laws. - Amends TCA Title 67, Chapter 6.",not passed,"Taken off notice for cal in s/c Finance, Ways, and Means Subcommittee of Finance, Ways, and Means Committee",2026-01-23,https://wapp.capitol.tn.gov/apps/BillInfo/Default?BillNumber=HB2047&ga=114,,,,https://openstates.org/tn/bills/114/HB2047/
os-2a70a3c3-1103-4004-9e17-cc0f1dee1ee0,bill,Tennessee,HB 2061,"Utilities, Utility Districts - As introduced, requires certain data centers to register with the Tennessee public utilities commission; requires electric and water utilities that provide service to registered data centers to report usage and rates to the commission; requires the commission's executive director to compile and publish certain information based on reports received from utilities. - Amends TCA Title 5; Title 6; Title 7; Title 10; Title 62; Title 65; Title 68 and Title 69.",not passed,Taken off notice for cal in s/c  Business and Utilities Subcommittee of Commerce Committee,2026-01-23,https://wapp.capitol.tn.gov/apps/BillInfo/Default?BillNumber=HB2061&ga=114,,mandatory-reporting; new-agency-powers,,https://openstates.org/tn/bills/114/HB2061/
os-988082a8-328d-4b08-b75c-bf8cc2862817,bill,Virginia,HB 1514,"Employment decisions; automated decision systems, civil penalty.",not passed,Left in Committee Appropriations,2026-01-23,https://lis.virginia.gov/bill-details/20261/HB1514,,labeling-mandates; use-restrictions,,https://openstates.org/va/bills/2026/HB1514/
os-a342a8c5-e6ae-4d1b-a0c2-26b91f71dd57,bill,Virginia,HB 1515,Local approval of data centers; temporary moratorium.,not passed,Continued from last session,2026-01-23,https://lis.virginia.gov/bill-details/20271/HB1515,,data-center-limits,,https://openstates.org/va/bills/2027/HB1515/
os-14659f21-93c1-4d79-8200-0084ab48b443,bill,Tennessee,HB 2052,"Consumer Protection - As introduced, requires certain food retail establishments to use a nondigital presentation of price; prohibits a food retail establishment from using personalized algorithmic pricing; makes other changes related to food retail establishments. - Amends TCA Title 47 and Title 53.",not passed,Taken off notice for cal in s/c  Banking and Consumer Affairs Subcommittee of Commerce Committee,2026-01-23,https://wapp.capitol.tn.gov/apps/BillInfo/Default?BillNumber=HB2052&ga=114,algorithmic-pricing,use-restrictions,,https://openstates.org/tn/bills/114/HB2052/
os-495de5ee-dca4-4924-bde6-2754bf70ebad,bill,Tennessee,HB 2054,"Energy - As introduced, enacts the ""Data Center, Artificial Intelligence, and Clean Transition Tariff Accountability Act."" - Amends TCA Title 7 and Title 65.",not passed,Taken off notice for cal in s/c  Business and Utilities Subcommittee of Commerce Committee,2026-01-23,https://wapp.capitol.tn.gov/apps/BillInfo/Default?BillNumber=HB2054&ga=114,,,,https://openstates.org/tn/bills/114/HB2054/
os-e848ed52-c1fb-43d1-b7a1-79306781e1e9,bill,Rhode Island,SB 2266,AN ACT RELATING TO PROPERTY -- RESIDENTIAL LANDLORD AND TENANT ACT,not passed,05/07/2026 Committee recommended measure be held for further study,2026-01-23,http://webserver.rilegislature.gov/BillText/BillText26/SenateText26/S2266.pdf,algorithmic-pricing,use-restrictions,,https://openstates.org/ri/bills/2026/SB2266/
os-e29a75a1-a1fa-4b5e-8811-04d8b26d1c99,bill,Virginia,HB 1521,Digital innovation & infrastructure; establishing rights in digital property & technology resources.,not passed,"Continued to next session in Communications, Technology and Innovation (Voice Vote)",2026-01-23,https://lis.virginia.gov/bill-details/20261/HB1521,,,,https://openstates.org/va/bills/2026/HB1521/
os-51d00594-6166-405b-8510-c9b72935846a,bill,New York,S 9028,Prohibits employers from engaging in discrimination on the basis of a protected class when using artificial intelligence in certain employment practices,not passed,REFERRED TO INVESTIGATIONS AND GOVERNMENT OPERATIONS,2026-01-23,https://nyassembly.gov/leg/?bn=S09028&term=2025,bias,use-restrictions,,https://openstates.org/ny/bills/2025-2026/S9028/
os-59024d82-643f-4b99-b23d-41b448a27d4d,bill,West Virginia,HB 4770,"Establishing limitations on the use of artificial intelligence and artificial intelligence technology to deliver mental health care, with exceptions for administrative support functions",not passed,To House Finance,2026-01-23,https://www.wvlegislature.gov/Bill_Status/Bills_history.cfm?input=4770&year=2026&sessiontype=RS&btype=bill,ai-therapists,use-restrictions,,https://openstates.org/wv/bills/2026/HB4770/
os-57e7d902-6e2f-42b3-819d-59b8e97aa4a6,bill,Rhode Island,SB 2195,AN ACT RELATING TO COMMERCIAL LAW--GENERAL REGULATORY PROVISIONS -- ARTIFICIAL INTELLIGENCE COMPANION MODELS,passed,06/22/2026 Signed by Governor,2026-01-23,http://webserver.rilegislature.gov/BillText/BillText26/SenateText26/S2195Aaa.pdf,ai-companions,labeling-mandates,,https://openstates.org/ri/bills/2026/SB2195/
os-34c2958f-a78a-4340-90dd-a2e6071a6325,bill,Washington,SB 6299,Concerning artificial intelligence and instructional staff.,not passed,"First reading, referred to Early Learning & K-12 Education.",2026-01-23,https://app.leg.wa.gov/billsummary/?BillNumber=6299&Year=2025&Initiative=false,,,,https://openstates.org/wa/bills/2025-2026/SB6299/
os-c722df62-54cb-4a1b-9127-76b3448d8729,bill,Hawaii,HB 1968,RELATING TO PERMITTING.,not passed,"Reported from ECD (Stand. Com. Rep. No. 145-26) as amended in HD 1, recommending passage on Second Reading and referral to WAL.",2026-01-23,https://capitol.hawaii.gov/session/measure_indiv.aspx?billtype=HB&billnumber=1968&year=2026,,,,https://openstates.org/hi/bills/2026/HB1968/
os-22828b3b-65c8-4296-a873-6455ac9f37bb,bill,Hawaii,HB 1954,RELATING TO IDENTITY THEFT.,not passed,"Referred to JHA, referral sheet 3",2026-01-23,https://capitol.hawaii.gov/session/measure_indiv.aspx?billtype=HB&billnumber=1954&year=2026,deepfakes,use-restrictions,,https://openstates.org/hi/bills/2026/HB1954/
os-bb55619e-36b9-4a1f-82d0-fb16f9902dbf,bill,Hawaii,SB 2923,RELATING TO ARTIFICIAL INTELLIGENCE.,not passed,"Referred to CPN/LBT, WAM/JDC.",2026-01-23,https://capitol.hawaii.gov/session/measure_indiv.aspx?billtype=SB&billnumber=2923&year=2026,,license-to-build; mandatory-reporting; new-agency-powers,Hawaii Office of Artificial Intelligence Safety and Regulation,https://openstates.org/hi/bills/2026/SB2923/
os-3fa74ccd-c0c9-420d-bcf7-b2fe68260738,bill,Hawaii,SB 2953,RELATING TO INSURANCE.,not passed,"Referred to CPN/LBT, WAM.",2026-01-23,https://capitol.hawaii.gov/session/measure_indiv.aspx?billtype=SB&billnumber=2953&year=2026,ai-care-decisions,mandatory-reporting; new-agency-powers; use-restrictions,Hawaii Insurance Commissioner,https://openstates.org/hi/bills/2026/SB2953/
os-e12dd12e-5a04-4baa-af6d-b43835bfd3ac,bill,Hawaii,SB 2768,RELATING TO HEALTH CARE.,not passed,"Referred to HHS/LBT, CPN.",2026-01-23,https://capitol.hawaii.gov/session/measure_indiv.aspx?billtype=SB&billnumber=2768&year=2026,ai-care-decisions,use-restrictions,,https://openstates.org/hi/bills/2026/SB2768/
os-656bc7ae-4c1d-4593-b544-faf2842fbc91,bill,Hawaii,SB 2585,RELATING TO ARTIFICIAL INTELLIGENCE.,not passed,"Referred to HHS/LBT, WAM/JDC.",2026-01-23,https://capitol.hawaii.gov/session/measure_indiv.aspx?billtype=SB&billnumber=2585&year=2026,,,,https://openstates.org/hi/bills/2026/SB2585/
os-dda26d60-c18e-4df5-860a-172f2a67bb53,bill,Hawaii,SB 2967,RELATING TO ARTIFICIAL INTELLIGENCE.,not passed,The committee on LBT deferred the measure.,2026-01-23,https://capitol.hawaii.gov/session/measure_indiv.aspx?billtype=SB&billnumber=2967&year=2026,,labeling-mandates; mandatory-reporting,Hawaii Office of Consumer Protection,https://openstates.org/hi/bills/2026/SB2967/
os-afbdfa67-7975-44fa-bb44-1b5ffb82e336,bill,Hawaii,HB 1887,RELATING TO ARTIFICIAL INTELLIGENCE LITERACY EDUCATION.,not passed,The committee(s) on EDN recommend(s) that the measure be deferred.,2026-01-23,https://capitol.hawaii.gov/session/measure_indiv.aspx?billtype=HB&billnumber=1887&year=2026,,,,https://openstates.org/hi/bills/2026/HB1887/
os-854685fb-d45e-4c8c-8359-02e7df4628a6,bill,Hawaii,SB 3001,RELATING TO ARTIFICIAL INTELLIGENCE.,passed,"Act 248, 07/14/2026 (Gov. Msg. No. 1350).",2026-01-23,https://capitol.hawaii.gov/session/measure_indiv.aspx?billtype=SB&billnumber=3001&year=2026,ai-companions; kids-chatbots,labeling-mandates; mandatory-reporting,Hawaii Department of Health - Behavioral Health Administration,https://openstates.org/hi/bills/2026/SB3001/
os-044beed1-ec1e-4c01-8f91-205aac68c505,bill,Hawaii,SB 2788,RELATING TO ARTIFICIAL INTELLIGENCE FOR THE PROTECTION OF MINORS.,not passed,"Referred to LBT/HHS, JDC.",2026-01-23,https://capitol.hawaii.gov/session/measure_indiv.aspx?billtype=SB&billnumber=2788&year=2026,ai-companions; kids-chatbots,,,https://openstates.org/hi/bills/2026/SB2788/
os-4d991f47-cdbc-436b-87de-be331e48625d,bill,Virginia,SB 796,"Artificial Intelligence Companion Chatbots and Minors Act; established, enforcement, civil penalty.",not passed,Continued from last session,2026-01-23,https://lis.virginia.gov/bill-details/20271/SB796,,new-agency-powers,Virginia Attorney General,https://openstates.org/va/bills/2027/SB796/
os-ce9ffb7b-3329-46cd-a41d-726cc7b538e0,bill,Rhode Island,SB 2197,"AN ACT RELATING TO BEHAVIORAL HEALTHCARE, DEVELOPMENTAL DISABILITIES AND HOSPITALS -- OVERSIGHT OF ARTIFICIAL INTELLIGENCE TECHNOLOGY IN MENTAL HEALTH CARE ACT",passed,06/22/2026 Signed by Governor,2026-01-23,http://webserver.rilegislature.gov/BillText/BillText26/SenateText26/S2197Aaa.pdf,,,,https://openstates.org/ri/bills/2026/SB2197/
os-f064447e-f386-4d59-8943-5288a6440b19,bill,Arizona,HB 2820,data centers; incentives; repeal; requirements,not passed,House Second Reading,2026-01-22,https://apps.azleg.gov/BillStatus/BillOverview/84654?SessionId=130,,,,https://openstates.org/az/bills/57th-2nd-regular/HB2820/
os-ca5836d0-b40e-4c49-8546-a3a5a01911dc,bill,Alabama,HB 327,"Consumer protection; production of digital replicas of voice or visual likenesses, prohibited for commercial use unless licensed, procedures established, private right of action authorized",not passed,Read for the Second Time and placed on the Calendar (Judiciary),2026-01-22,https://alison.legislature.state.al.us/files/pdf/SearchableInstruments/2026RS/DG35SNH-1.pdf,deepfakes,use-restrictions,,https://openstates.org/al/bills/2026rs/HB327/
os-7e31e897-5e2a-49e3-a108-1c0b9b38ab4c,bill,Maryland,HB 434,"Residential Leases - Use of Algorithmic Device by Landlord to Determine Rent, Occupancy, and Lease Terms - Prohibition",not passed,Hearing 2/19 at 1:00 p.m.,2026-01-22,http://mgaleg.maryland.gov/mgawebsite/Legislation/Details/hb0434?ys=2026RS,algorithmic-pricing,,,https://openstates.org/md/bills/2026/HB434/
os-b513aea2-84a6-47ab-824b-d5347bb5ae12,bill,Illinois,HB 4544,ALGORITHMIC PRICING,not passed,Added Co-Sponsor Rep. Michael Crawford,2026-01-22,https://ilga.gov/Legislation/BillStatus?DocNum=4544&GAID=18&DocTypeID=HB&LegId=165382&SessionID=114,,,,https://openstates.org/il/bills/104th/HB4544/
os-f1f3464c-84fd-45be-b454-e0658f67a3b9,bill,Georgia,SB 421,"""The Data Center Transparency Act""; enact",not passed,Senate Read and Referred,2026-01-22,https://www.legis.ga.gov/legislation/72340,,,,https://openstates.org/ga/bills/2025_26/SB421/
os-c4873b74-00c9-475a-b614-96b915616ae5,bill,Tennessee,SB 2112,"Utilities, Utility Districts - As introduced, requires certain data centers to register with the department of revenue; requires fuel suppliers, and electric and water utilities that provide fuel and service respectively to registered data centers to report usage and rates to the department; requires the commissioner to compile and publish certain information based on reports received from utilities. - Amends TCA Title 5; Title 6; Title 7; Title 10; Title 62; Title 65; Title 68 and Title 69.",not passed,Assigned to General Subcommittee of Senate State and Local Government Committee,2026-01-22,https://wapp.capitol.tn.gov/apps/BillInfo/Default?BillNumber=SB2112&ga=114,,mandatory-reporting; new-agency-powers,Tennessee Department of Revenue,https://openstates.org/tn/bills/114/SB2112/
os-e137e9a8-6a73-462e-ae44-d4ec9e43d2fc,bill,Tennessee,SB 2128,"Computers and Electronic Processing - As enacted, generally prohibits a municipality or electric utility to pay or absorb the cost of electrical infrastructure incurred to serve a data center; makes related changes. - Amends TCA Title 5; Title 6; Title 7; Title 13 and Title 65.",not passed,Comp. became Pub. Ch. 961,2026-01-22,https://wapp.capitol.tn.gov/apps/BillInfo/Default?BillNumber=SB2128&ga=114,,,,https://openstates.org/tn/bills/114/SB2128/
os-993a2ed4-4aeb-4dab-a81c-803a689b287e,bill,Arizona,HB 2452,comprehensive plans; data centers; nuclear,not passed,PASSED,2026-01-22,https://apps.azleg.gov/BillStatus/BillOverview/84224?SessionId=130,,,,https://openstates.org/az/bills/57th-2nd-regular/HB2452/
os-c87a4499-1278-45ec-b59c-6521fc45fc34,bill,Iowa,HSB 611,"A bill for an act establishing requirements and guidelines for chatbots, making appropriations, and providing civil penalties.",not passed,"Committee report approving bill, renumbered as HF 2507.",2026-01-22,https://www.legis.iowa.gov/legislation/billTracking/billHistory?billName=HSB 611&ga=91,,,,https://openstates.org/ia/bills/2025-2026/HSB611/
os-054fce7b-0932-4c80-a1f9-bb36c4b3f95e,bill,Iowa,SF 2094,"A bill for an act relating to computer science and artificial intelligence education, including high school curricula and graduation requirements, practitioner preparation programs, and college admissions, and including applicability provisions.",not passed,Subcommittee recommends amendment and passage.,2026-01-22,https://www.legis.iowa.gov/legislation/billTracking/billHistory?billName=SF 2094&ga=91,,,,https://openstates.org/ia/bills/2025-2026/SF2094/
os-e6c2387e-78df-4212-9c4c-ef8ed9998f23,bill,New Mexico,HB 141,ARTIFICIAL INTELLIGENCE ACCOUNTABILITY ACT,did not pass,action postponed indefinitely,2026-01-22,https://www.nmlegis.gov/Legislation/Legislation?chamber=H&legType=B&legNo=141&year=26,,,,https://openstates.org/nm/bills/2026/HB141/
os-e8a9cbbc-87cc-4872-823c-858567a07789,bill,Alabama,HB 325,AI chatbots; unfair or deceptive trade practice for failing to notify consumer about AI chatbot; private right of action and enforcement provided for,not passed,Read for the first time and referred to the House Committee on Judiciary,2026-01-22,https://alison.legislature.state.al.us/files/pdf/SearchableInstruments/2026RS/HB325-int.pdf,,labeling-mandates,,https://openstates.org/al/bills/2026rs/HB325/
os-eb1da436-ede4-4f81-a027-8e7e390752f1,bill,New Mexico,SB 68,ARTIFICIAL INTELLIGENCE  GOVERNMENT USE ACT,did not pass,action postponed indefinitely,2026-01-22,https://www.nmlegis.gov/Legislation/Legislation?chamber=S&legType=B&legNo=68&year=26,,,,https://openstates.org/nm/bills/2026/SB68/
os-280bd1b8-fad9-4d7f-b0db-d056b5ee0a00,bill,Alabama,HB 324,"Artificial intelligence; age verification systems required for chatbots, safeguard protocols required, therapy chatbot requirements established, private right of action and enforcement provided for",not passed,Read for the first time and referred to the House Committee on Judiciary,2026-01-22,https://alison.legislature.state.al.us/files/pdf/SearchableInstruments/2026RS/HB324-int.pdf,ai-therapists; kids-chatbots,id-age-checks; use-restrictions,,https://openstates.org/al/bills/2026rs/HB324/
os-12d3756a-7942-46c7-a9c6-d2f9e386cf22,bill,Tennessee,SB 2010,"Insurance, Health, Accident - As introduced, creates the ""Regulate Artificial Intelligence (AI) In Health Care Act."" - Amends TCA Title 8, Chapter 27; Title 56 and Title 71.",not passed,Assigned to General Subcommittee of Senate Commerce and Labor Committee,2026-01-22,https://wapp.capitol.tn.gov/apps/BillInfo/Default?BillNumber=SB2010&ga=114,,,,https://openstates.org/tn/bills/114/SB2010/
os-3c522f38-9a25-4b93-bfd8-fc4f18f77477,bill,Tennessee,SB 1999,"Energy - As introduced, enacts the ""Data Center, Artificial Intelligence, and Clean Transition Tariff Accountability Act."" - Amends TCA Title 7 and Title 65.",not passed,Assigned to General Subcommittee of Senate Commerce and Labor Committee,2026-01-22,https://wapp.capitol.tn.gov/apps/BillInfo/Default?BillNumber=SB1999&ga=114,,,,https://openstates.org/tn/bills/114/SB1999/
os-30783308-e8fc-47df-922a-4c88791dcd99,bill,Tennessee,SB 2105,"Education - As introduced, requires each public charter school to publish the policy adopted by its governing board on the use of artificial intelligence by students, teachers, and staff for instructional and assignment purposes on its website; requires each local board of education to direct each school under its management and control to publish the policy adopted by the local board on the use of artificial intelligence by students, teachers, and staff for instructional and assignment purposes on the school's website. - Amends TCA Title 49.",not passed,"Passed on Second Consideration, refer to Senate Education Committee",2026-01-22,https://wapp.capitol.tn.gov/apps/BillInfo/Default?BillNumber=SB2105&ga=114,,,,https://openstates.org/tn/bills/114/SB2105/
os-43d3b4b4-a581-4cda-b631-a62d99f5f170,bill,Arizona,HB 2409,artificial intelligence; statewide education program,not passed,DP,2026-01-22,https://apps.azleg.gov/BillStatus/BillOverview/84172?SessionId=130,,,,https://openstates.org/az/bills/57th-2nd-regular/HB2409/
os-067d5da5-ca20-4860-8158-0f8d3673fbc1,bill,Tennessee,HB 1946,"Consumer Protection - As enacted, requires the Tennessee advisory commission on intergovernmental relations (TACIR) to conduct a study of the potential regulation of artificial intelligence systems and generative artificial intelligence chatbots in this state. - Amends TCA Title 29; Title 37 and Title 47.",not passed,Comp. became Pub. Ch. 1082,2026-01-22,https://wapp.capitol.tn.gov/apps/BillInfo/Default?BillNumber=HB1946&ga=114,,,,https://openstates.org/tn/bills/114/HB1946/
os-0b7b72a3-c3f3-403c-8c4d-6b40dcad9195,bill,Washington,SB 6284,Providing consumer protections for artificial intelligence systems.,not passed,Public hearing in the Senate Committee on Ways & Means at 1:30 PM.,2026-01-22,https://app.leg.wa.gov/billsummary/?BillNumber=6284&Year=2025&Initiative=false,,,,https://openstates.org/wa/bills/2025-2026/SB6284/
os-e75b7972-296f-43ff-b011-6896805a78e9,bill,Tennessee,SB 1998,"Consumer Protection - As introduced, requires certain food retail establishments to use a nondigital presentation of price; prohibits a food retail establishment from using personalized algorithmic pricing; makes other changes related to food retail establishments. - Amends TCA Title 47 and Title 53.",not passed,Assigned to General Subcommittee of Senate Commerce and Labor Committee,2026-01-22,https://wapp.capitol.tn.gov/apps/BillInfo/Default?BillNumber=SB1998&ga=114,algorithmic-pricing,use-restrictions,,https://openstates.org/tn/bills/114/SB1998/
os-35ec2928-e1b2-42a5-9912-4dc3050f5f08,bill,Idaho,S 1227,EDUCATION – Adds to existing law to establish provisions regarding generative artificial intelligence in public education.,passed,Signed by Governor on 03/19/26    Session Law Chapter 71    Effective: 07/01/2026,2026-01-22,https://legislature.idaho.gov/sessioninfo/2026/legislation/S1227/,,,,https://openstates.org/id/bills/2026/S1227/
os-b6cd0619-a7fd-49be-a876-66d4823806d7,resolution,Alabama,HJR 51,"Artificial Intelligence and Children's Internet Safety Study Commission, created",adopted,Enacted,2026-01-22,https://alison.legislature.state.al.us/files/pdf/SearchableInstruments/2026RS/846UAF2-1.pdf,,,,https://openstates.org/al/bills/2026rs/HJR51/
os-c6bc234d-1772-4afd-b2e3-d4b85714bfaa,bill,Iowa,HSB 609,"A bill for an act modifying the duties of the workforce development board, state board of education, and department of education related to cyber and artificial intelligence.",not passed,"Committee report approving bill, renumbered as HF 2528.",2026-01-22,https://www.legis.iowa.gov/legislation/billTracking/billHistory?billName=HSB 609&ga=91,,,,https://openstates.org/ia/bills/2025-2026/HSB609/
os-319cf955-a4d8-4bb4-ad27-c94d82414287,bill,Arizona,HB 2592,artificial intelligence; state agencies; rules,vetoed,Vetoed by Governor,2026-01-22,https://apps.azleg.gov/BillStatus/BillOverview/84376?SessionId=130,,,,https://openstates.org/az/bills/57th-2nd-regular/HB2592/
os-c75a4f59-c0fd-4cf1-a390-e1b981dd8c01,bill,Tennessee,HB 1898,"Safety - As introduced, enacts the ""Artificial Intelligence Public Safety and Child Protection Transparency Act."" - Amends TCA Title 4; Title 10, Chapter 7; Title 47; Title 58 and Title 68.",not passed,"Received from House, Passed on First Consideration",2026-01-22,https://wapp.capitol.tn.gov/apps/BillInfo/Default?BillNumber=HB1898&ga=114,,,,https://openstates.org/tn/bills/114/HB1898/
us-119-hr-7226,bill,Congress,H.R. 7226,Leveraging Artificial Intelligence to Streamline the Code of Federal Regulations Act of 2026,not passed,"Referred to the Committee on the Judiciary, and in addition to the Committee on Oversight and Government Reform, for a period to be subsequently determined by the Speaker, in each case for consideration of such provisions as fall within the jurisdiction of the committee concerned.",2026-01-22,https://www.congress.gov/bill/119th-congress/house-bill/7226,,,,https://www.congress.gov/bill/119th-congress/house-bill/7226
os-0d43893c-264f-4691-b034-28e2756b3cd3,bill,Hawaii,HB 1797,RELATING TO AUTONOMOUS VEHICLES.,not passed,Passed Second Reading as amended in HD 1 and referred to the committee(s) on CPC with none voting aye with reservations; none voting no (0) and none excused (0).,2026-01-22,https://capitol.hawaii.gov/session/measure_indiv.aspx?billtype=HB&billnumber=1797&year=2026,,use-restrictions,,https://openstates.org/hi/bills/2026/HB1797/
os-80717153-a288-4fcc-8598-94ad0df60920,bill,Utah,HB 320,Office of Artificial Intelligence Policy Amendments,passed,Governor Signed,2026-01-22,https://le.utah.gov/~2026/bills/static/HB0320.html,,new-agency-powers,,https://openstates.org/ut/bills/2026/HB320/
os-48a51281-0cc6-4a62-a28b-7d4a2eeea091,bill,New York,A 9638,Prohibits the use of a wage-fixing algorithm in combination with personal or behavioral data to set or recommend wages or compensation,not passed,REFERRED TO LABOR,2026-01-21,https://nyassembly.gov/leg/?bn=A09638&term=2025,,use-restrictions,,https://openstates.org/ny/bills/2025-2026/A9638/
os-8881a3e6-65d4-4e07-8f7d-a36ba426d35e,bill,Pennsylvania,HB 2153,"An Act amending the act of June 27, 2006 (1st Sp.Sess., P.L.1873, No.1), known as the Taxpayer Relief Act, in taxation by school districts, further providing for definitions, providing for disposition of data center property tax revenue and further providing for school district tax notices.",not passed,Referred to Education,2026-01-21,https://www.palegis.us/legislation/bills/2025/hb2153,,,,https://openstates.org/pa/bills/2025-2026/HB2153/
os-a7cbb87a-ed1e-4065-bfa7-604421626269,bill,Tennessee,HB 1847,"Computers and Electronic Processing - As enacted, generally prohibits a municipality or electric utility to pay or absorb the cost of electrical infrastructure incurred to serve a data center; makes related changes. - Amends TCA Title 5; Title 6; Title 7; Title 13 and Title 65.",not passed,Pub. Ch. 961,2026-01-21,https://wapp.capitol.tn.gov/apps/BillInfo/Default?BillNumber=HB1847&ga=114,,,,https://openstates.org/tn/bills/114/HB1847/
os-5e8bd847-06b3-4bd6-b034-8de39d0522d3,bill,Vermont,H 727,An act relating to sustainable data center deployment,vetoed,"Veto of the Governor sustained by a vote of Yeas = 83, Nays = 52",2026-01-21,http://legislature.vermont.gov/bill/status/2026/H.727,,,,https://openstates.org/vt/bills/2025-2026/H727/
os-19396794-dd68-4cb0-a17c-f62a49253ee7,bill,New York,A 9641,Prohibits algorithmic wage-setting,not passed,REFERRED TO LABOR,2026-01-21,https://nyassembly.gov/leg/?bn=A09641&term=2025,,use-restrictions,,https://openstates.org/ny/bills/2025-2026/A9641/
os-cffa161e-259d-4380-9410-1a0a40cd7d67,bill,Tennessee,HB 1866,"Insurance, Health, Accident - As introduced, creates the ""Regulate Artificial Intelligence (AI) In Health Care Act."" - Amends TCA Title 8, Chapter 27; Title 56 and Title 71.",not passed,Taken off notice for cal in s/c Insurance Subcommittee of Insurance Committee,2026-01-21,https://wapp.capitol.tn.gov/apps/BillInfo/Default?BillNumber=HB1866&ga=114,,,,https://openstates.org/tn/bills/114/HB1866/
os-07ef4540-a1c5-47f8-9132-cb66ad387045,bill,Rhode Island,HB 7190,AN ACT RELATING TO INSURANCE -- THE TRANSPARENCY AND ACCOUNTABILITY IN ARTIFICIAL INTELLIGENCE USE BY HEALTH INSURERS TO MANAGE COVERAGE AND CLAIMS ACT,not passed,03/03/2026 Committee recommended measure be held for further study,2026-01-21,http://webserver.rilegislature.gov/BillText/BillText26/HouseText26/H7190.pdf,,,,https://openstates.org/ri/bills/2026/HB7190/
os-8463d503-3aff-4de0-b467-fd03f1a02a11,bill,New York,A 9654,Enacts the New York Artificial Intelligence Civil Rights Act,not passed,REFERRED TO SCIENCE AND TECHNOLOGY,2026-01-21,https://nyassembly.gov/leg/?bn=A09654&term=2025,bias,use-restrictions,,https://openstates.org/ny/bills/2025-2026/A9654/
os-fbea9bdd-02ae-4732-92d0-13901a1525f5,bill,New York,A 9601,Prohibits the use of automated systems to make employment decisions unless there is a meaningful human review of the output of such automated system prior to the final employment decision,not passed,REFERRED TO LABOR,2026-01-21,https://nyassembly.gov/leg/?bn=A09601&term=2025,,labeling-mandates; use-restrictions,,https://openstates.org/ny/bills/2025-2026/A9601/
os-15d61100-fda7-4dd3-ad23-9557b62b402c,bill,Nebraska,LB 1185,Adopt the Conversational Artificial Intelligence Safety Act,did not pass,Indefinitely postponed,2026-01-21,https://nebraskalegislature.gov/bills/view_bill.php?DocumentID=63873,,,,https://openstates.org/ne/bills/109/LB1185/
os-751d7819-e64d-4069-9e29-e374a74a6263,bill,Tennessee,SB 1832,"Computers and Electronic Processing - As introduced, requires high performance computing (HPC) facility operators to devote 50 percent of the computing and data processing output of the facility for a public benefit; requires HPC facility operators to produce an annual report of the facility's energy consumption and carbon footprint; requires such operators to conduct an annual internal compliance audit and submit to an audit upon request by certain governmental entities. - Amends TCA Title 4; Title 8 and Title 68.",not passed,Assigned to General Subcommittee of Senate Commerce and Labor Committee,2026-01-21,https://wapp.capitol.tn.gov/apps/BillInfo/Default?BillNumber=SB1832&ga=114,power-bills,data-center-limits; mandatory-reporting,,https://openstates.org/tn/bills/114/SB1832/
os-08393094-3d3d-4e05-9aeb-0ff08b23998a,bill,Washington,SB 6254,Leveraging artificial intelligence to improve Washington's regulatory climate through streamlining language in rules and regulatory guidance documents.,not passed,"First reading, referred to State Government, Tribal Affairs & Elections.",2026-01-21,https://app.leg.wa.gov/billsummary/?BillNumber=6254&Year=2025&Initiative=false,,,,https://openstates.org/wa/bills/2025-2026/SB6254/
os-ca49be16-f415-4864-bedc-01a1c0e1cee0,bill,New York,A 9581,Requires covered businesses to annually report to the department of labor regarding the impact of artificial intelligence on hiring and the nature of artificial intelligence use,not passed,RETURNED TO ASSEMBLY,2026-01-21,https://nyassembly.gov/leg/?bn=A09581&term=2025,,mandatory-reporting,New York Department of Labor,https://openstates.org/ny/bills/2025-2026/A9581/
os-59d820fc-aa74-4874-9f8f-b37f4e5630c1,bill,Louisiana,SB 5,MENTAL HEALTH: Provides for the regulation of mental health chatbots that use artificial intelligence technology. (gov sig),not passed,Introduced in the Senate; read by title.  Rules suspended.  Read second time and referred to the Committee on Health and Welfare.,2026-01-21,https://www.legis.la.gov/Legis/BillInfo.aspx?i=249629,ai-therapists,,,https://openstates.org/la/bills/2026/SB5/
os-07755782-999a-4947-97a2-b33bb60b53bb,bill,Hawaii,HB 1782,RELATING TO ARTIFICIAL INTELLIGENCE FOR THE PROTECTION OF MINORS.,not passed,Received notice of appointment of House conferees (Hse. Com. No. 810).,2026-01-21,https://capitol.hawaii.gov/session/measure_indiv.aspx?billtype=HB&billnumber=1782&year=2026,kids-chatbots,,,https://openstates.org/hi/bills/2026/HB1782/
os-27b75176-2081-4e2c-ba32-c124e66dbb70,bill,Hawaii,HB 1787,RELATING TO HEALTH CARE.,not passed,"Referred to HLT, ECD, CPC, referral sheet 1",2026-01-21,https://capitol.hawaii.gov/session/measure_indiv.aspx?billtype=HB&billnumber=1787&year=2026,ai-care-decisions,use-restrictions,,https://openstates.org/hi/bills/2026/HB1787/
os-6f497a82-2bc7-4a46-ba56-d6c0de9a49bf,bill,Kentucky,HB 455,AN ACT relating to artificial intelligence and declaring an emergency.,not passed,to Committee on Committees (S),2026-01-21,https://apps.legislature.ky.gov/record/26RS/hb455.html,ai-therapists,use-restrictions,,https://openstates.org/ky/bills/2026RS/HB455/
os-5398e280-4240-4948-b266-4c2f3e59f73f,bill,California,SB 903,Mental health professionals: artificial intelligence.,sent to the governor,Enrolled and presented to the Governor at 2 p.m.,2026-01-21,http://leginfo.legislature.ca.gov/faces/billNavClient.xhtml?bill_id=202520260SB903,ai-companions; ai-therapists; privacy,use-restrictions,California health care professional licensing boards,https://openstates.org/ca/bills/20252026/SB903/
os-d56dce65-2200-40f9-91fb-88b69f290ba7,bill,New York,A 10008,"Enacts into law major components of legislation necessary to implement the state transportation, economic development and environmental conservation budget for the 2026-2027 state fiscal year",passed,SIGNED CHAP.58,2026-01-21,https://nyassembly.gov/leg/?bn=A10008&term=2025,,,,https://openstates.org/ny/bills/2025-2026/A10008/
os-5d2a3780-6cf3-4c0b-aef9-f926b1368674,bill,Iowa,HSB 598,"A bill for an act relating to the operation of driverless-capable vehicles, including associated civil and criminal liability, and making penalties applicable.",not passed,"Committee report approving bill, renumbered as HF 2673.",2026-01-21,https://www.legis.iowa.gov/legislation/billTracking/billHistory?billName=HSB 598&ga=91,,,,https://openstates.org/ia/bills/2025-2026/HSB598/
os-7c26a04e-4eae-495c-97b2-97087386e7db,bill,Iowa,SSB 3052,"A bill for an act relating to the operation of driverless-capable vehicles, including associated civil and criminal liability, and making penalties applicable.",not passed,"Committee report approving bill, renumbered as SF 2384.",2026-01-21,https://www.legis.iowa.gov/legislation/billTracking/billHistory?billName=SSB 3052&ga=91,,,,https://openstates.org/ia/bills/2025-2026/SSB3052/
os-f63072a0-8cf3-4d6f-905d-d2a43be11675,bill,Arizona,HB 2631,data centers; tax relief; repeal,not passed,W/D,2026-01-20,https://apps.azleg.gov/BillStatus/BillOverview/84445?SessionId=130,,,,https://openstates.org/az/bills/57th-2nd-regular/HB2631/
os-3856605f-a992-44d8-9ac8-3d9c2599b604,bill,Arizona,HB 2467,data centers; incentives repeal; requirements,not passed,W/D,2026-01-20,https://apps.azleg.gov/BillStatus/BillOverview/84240?SessionId=130,,,,https://openstates.org/az/bills/57th-2nd-regular/HB2467/
os-f5a76a8a-102d-48a3-8343-9b41f42a8baf,bill,Arizona,HB 2702,data centers; TPT distribution; solar,not passed,W/D,2026-01-20,https://apps.azleg.gov/BillStatus/BillOverview/84509?SessionId=130,,,,https://openstates.org/az/bills/57th-2nd-regular/HB2702/
os-0fc060de-55ba-4fb6-a62a-24dede8c854c,bill,Arizona,HB 2738,cost responsibility agreements; data centers,not passed,W/D,2026-01-20,https://apps.azleg.gov/BillStatus/BillOverview/84585?SessionId=130,,,,https://openstates.org/az/bills/57th-2nd-regular/HB2738/
os-69e784ab-d161-425f-96af-86a8a27909d8,bill,Alabama,HB 280,Rural health care; Alabama Health Command established to designate an AI-assisted health platform in rural communities,not passed,Read for the first time and referred to the House Committee on Ways and Means General Fund,2026-01-20,https://alison.legislature.state.al.us/files/pdf/SearchableInstruments/2026RS/HB280-int.pdf,,,,https://openstates.org/al/bills/2026rs/HB280/
os-308dc9d9-5825-414c-b04e-be2c7ec5b598,bill,Nebraska,LB 1131,Adopt the Domestic Violence and Human Trafficking Service Providers Tax Credit Act and eliminate personal property tax and sales and use tax exemptions relating to data centers,did not pass,Indefinitely postponed,2026-01-20,https://nebraskalegislature.gov/bills/view_bill.php?DocumentID=62766,,,,https://openstates.org/ne/bills/109/LB1131/
os-3ad447f1-d6a8-4a08-ba56-a8aa2948ce14,bill,Tennessee,SB 1807,"Consumer Protection - As introduced, prohibits an entity from setting the price of a specific good or service using personalized algorithmic pricing; designates a violation as an unfair or deceptive act or practice affecting trade or commerce in violation of the Tennessee Consumer Protection Act of 1977. - Amends TCA Title 29; Title 45; Title 47 and Title 66.",not passed,Assigned to General Subcommittee of Senate Commerce and Labor Committee,2026-01-20,https://wapp.capitol.tn.gov/apps/BillInfo/Default?BillNumber=SB1807&ga=114,algorithmic-pricing,use-restrictions,,https://openstates.org/tn/bills/114/SB1807/
os-f8d9a8cd-1c62-4462-b589-978348efd55b,bill,Pennsylvania,HB 2151,"An Act amending Title 53 (Municipalities Generally) of the Pennsylvania
 Consolidated Statutes, providing for data center ordinance
 assistance.",not passed,Referred to Local Government,2026-01-20,https://www.palegis.us/legislation/bills/2025/hb2151,,,,https://openstates.org/pa/bills/2025-2026/HB2151/
os-b64a96da-0667-49b9-93c6-e0bc1f0d2fa3,bill,Pennsylvania,HB 2150,An Act providing for annual reporting of energy consumption and water consumption by data centers; and imposing a penalty.,not passed,Referred to Environmental Resources & Energy,2026-01-20,https://www.palegis.us/legislation/bills/2025/hb2150,,mandatory-reporting,,https://openstates.org/pa/bills/2025-2026/HB2150/
os-78975223-d252-4ae7-a726-aab66433175c,bill,Alabama,HB 291,"Crimes and offenses; crime of distribution of materially deceptive media established, permanent injunctive relief authorized",not passed,Read for the first time and referred to the House Committee on Judiciary,2026-01-20,https://alison.legislature.state.al.us/files/pdf/SearchableInstruments/2026RS/HB291-int.pdf,deepfakes,use-restrictions,,https://openstates.org/al/bills/2026rs/HB291/
os-9e97e451-422c-4985-9929-6588d11c0159,bill,California,AB 1609,Customer service chatbots.,sent to the governor,Enrolled and presented to the Governor at 1:30 p.m.,2026-01-20,http://leginfo.legislature.ca.gov/faces/billNavClient.xhtml?bill_id=202520260AB1609,,labeling-mandates,California local prosecutors,https://openstates.org/ca/bills/20252026/AB1609/
os-9819cd8c-90aa-47a5-87c5-ccddc685b389,bill,Arizona,HB 2737,chatbot regulations; personal data; requirements,not passed,House Second Reading,2026-01-20,https://apps.azleg.gov/BillStatus/BillOverview/84582?SessionId=130,,,,https://openstates.org/az/bills/57th-2nd-regular/HB2737/
os-7ffbb9b2-515e-4617-949c-04a011ded9f3,bill,Arizona,HB 2490,rental price fixing; algorithmic pricing,not passed,House Second Reading,2026-01-20,https://apps.azleg.gov/BillStatus/BillOverview/84267?SessionId=130,algorithmic-pricing,,,https://openstates.org/az/bills/57th-2nd-regular/HB2490/
os-0757a323-a369-455b-bf58-c2f08a1c43e7,bill,Arizona,HB 2410,artificial intelligence; privileged communications,not passed,Senate Second Reading,2026-01-20,https://apps.azleg.gov/BillStatus/BillOverview/84173?SessionId=130,,,,https://openstates.org/az/bills/57th-2nd-regular/HB2410/
os-a89ea35d-a1d9-485c-b78b-f2ef49edb364,resolution,West Virginia,HCR 4,"Requesting the Joint Committee on Technology & Infrastructure to establish a Genesis Working Group to coordinate statewide planning for artificial intelligence, high-performance computing, digital infrastructure, and energy-based economic development",not passed,To House Rules,2026-01-20,https://www.wvlegislature.gov/Bill_Status/Resolution_History.cfm?year=2026&sessiontype=RS&input4=4&billtype=cr&houseorig=h&btype=res,,,,https://openstates.org/wv/bills/2026/HCR4/
us-119-hr-7158,bill,Congress,H.R. 7158,Expanding AI Voices Act,not passed,"Referred to the House Committee on Science, Space, and Technology.",2026-01-20,https://www.congress.gov/bill/119th-congress/house-bill/7158,,,,https://www.congress.gov/bill/119th-congress/house-bill/7158
us-119-hr-7151,bill,Congress,H.R. 7151,Artificial Intelligence Public Awareness and Education Campaign Act,not passed,Referred to the House Committee on Energy and Commerce.,2026-01-20,https://www.congress.gov/bill/119th-congress/house-bill/7151,,,,https://www.congress.gov/bill/119th-congress/house-bill/7151
os-9649139c-5eae-4b58-8945-8fc1a3031c76,bill,Hawaii,HB 1676,RELATING TO ARTIFICIAL INTELLIGENCE.,not passed,The committee on EDU deferred the measure.,2026-01-20,https://capitol.hawaii.gov/session/measure_indiv.aspx?billtype=HB&billnumber=1676&year=2026,,,,https://openstates.org/hi/bills/2026/HB1676/
os-96ca2731-7285-48a0-b1d0-4d97c0c919f6,bill,Washington,SB 6243,Concerning the operation of autonomous motor vehicles.,not passed,"First reading, referred to Transportation.",2026-01-20,https://app.leg.wa.gov/billsummary/?BillNumber=6243&Year=2025&Initiative=false,,,,https://openstates.org/wa/bills/2025-2026/SB6243/
os-3f85d0bd-2d85-4619-a589-3443be0e856c,bill,Missouri,HB 3034,Establishes certain requirements relating to the operation of autonomous vehicles,not passed,Referred: Emerging Issues(H),2026-01-20,https://www.house.mo.gov/BillContent.aspx?bill=HB3034&year=2026&code=R&style=new,,,,https://openstates.org/mo/bills/2026/HB3034/
os-2032f28e-b5fd-40b2-8cd2-b51f18dce144,bill,Washington,SB 6231,Removing a tax exemption for the replacement of equipment for data centers.,passed,Effective date 6/11/2026*.,2026-01-20,https://app.leg.wa.gov/billsummary/?BillNumber=6231&Year=2025&Initiative=false,power-bills,,,https://openstates.org/wa/bills/2025-2026/SB6231/
os-965c50fa-683a-4c2a-a20d-37c24d6ec62d,bill,Mississippi,HB 1242,Mississippi Dyslexia Generative Artificial Intelligence Education and Workforce Development Act; create.,did not pass,Died In Committee,2026-01-19,https://billstatus.ls.state.ms.us/documents/2026/pdf/HB/1200-1299/HB1242IN.pdf,,,,https://openstates.org/ms/bills/2026/HB1242/
os-bdfc6a8e-0338-45bd-87f3-180f5e82463b,bill,Mississippi,HB 1723,Artificial intelligence; define.,passed,Approved by Governor,2026-01-19,https://billstatus.ls.state.ms.us/documents/2026/pdf/HB/1700-1799/HB1723SG.pdf,,,,https://openstates.org/ms/bills/2026/HB1723/
os-87097027-b7a3-40b7-95bb-4dd469aca299,bill,Mississippi,SB 2437,Artificial intelligence; define.,did not pass,Died On Calendar,2026-01-19,https://billstatus.ls.state.ms.us/documents/2026/pdf/SB/2400-2499/SB2437PS.pdf,,,,https://openstates.org/ms/bills/2026/SB2437/
os-3383e167-7af2-402f-adbe-c88d68464759,bill,Mississippi,HB 1504,"Mississippians' Right to Name, Likeness and Voice Act; enact.",did not pass,Died In Committee,2026-01-19,https://billstatus.ls.state.ms.us/documents/2026/pdf/HB/1500-1599/HB1504IN.pdf,,,,https://openstates.org/ms/bills/2026/HB1504/
os-7c860c96-f338-484e-9b3b-518348a11ad4,bill,Mississippi,SB 2429,Artificial Intelligence in Education Task Force Act; enact.,did not pass,Died In Committee,2026-01-19,https://billstatus.ls.state.ms.us/documents/2026/pdf/SB/2400-2499/SB2429IN.pdf,,,,https://openstates.org/ms/bills/2026/SB2429/
os-365ba26e-d837-4d4d-9299-e5efd6a29dbd,bill,Mississippi,HB 1720,Artificial intelligence; prohibit use in provision of professional mental and behaioral health care.,did not pass,Died In Committee,2026-01-19,https://billstatus.ls.state.ms.us/documents/2026/pdf/HB/1700-1799/HB1720IN.pdf,ai-therapists,use-restrictions,,https://openstates.org/ms/bills/2026/HB1720/
os-cd07e25f-1ece-424e-911b-c058e0cd01bf,bill,Utah,HB 286,Artificial Intelligence Transparency Amendments,not passed,House/ filed,2026-01-19,https://le.utah.gov/~2026/bills/static/HB0286.html,,,,https://openstates.org/ut/bills/2026/HB286/
os-205e3b9e-76ed-491c-97c7-bed10a6dcca7,bill,West Virginia,HB 4496,To force any media/internet creator providing artificial intelligence created videos to have an identifying marker that allows viewers to know that the video is not real.,not passed,To House Judiciary,2026-01-19,https://www.wvlegislature.gov/Bill_Status/Bills_history.cfm?input=4496&year=2026&sessiontype=RS&btype=bill,deepfakes,labeling-mandates,,https://openstates.org/wv/bills/2026/HB4496/
os-dae8249f-3905-46b9-af20-efb6ad95a731,bill,Mississippi,SB 2354,Artificial Intelligence Fraud and Accountability Act; enact.,did not pass,Died In Committee,2026-01-19,https://billstatus.ls.state.ms.us/documents/2026/pdf/SB/2300-2399/SB2354IN.pdf,,,,https://openstates.org/ms/bills/2026/SB2354/
os-7b4f0c6d-2b53-4788-a381-9ffd80eaa530,bill,Mississippi,HB 1770,Fully autonomous vehicles; extend repealer on requirement that law enforcement interaction plan be submitted to DPS before operating.,did not pass,Died In Committee,2026-01-19,https://billstatus.ls.state.ms.us/documents/2026/pdf/HB/1700-1799/HB1770IN.pdf,,mandatory-reporting,,https://openstates.org/ms/bills/2026/HB1770/
os-a2ed69e5-a052-4553-83f7-a3922a9bcd90,bill,Georgia,HB 1012,Local government; construction or development of  new data centers for a specified time; prohibit,not passed,House Second Readers,2026-01-16,https://www.legis.ga.gov/legislation/72319,,data-center-limits,,https://openstates.org/ga/bills/2025_26/HB1012/
os-8f974a69-8e38-46aa-9717-bf6790412215,bill,Nebraska,LB 1111,"Require an annual data center load report to the Nebraska Power Review Board, provide powers and duties for public power suppliers, allow and require regulation of data centers, and change provisions relating to regulation of cryptocurrency mining operations",did not pass,Indefinitely postponed,2026-01-16,https://nebraskalegislature.gov/bills/view_bill.php?DocumentID=63375,,data-center-limits; mandatory-reporting,Nebraska Power Review Board,https://openstates.org/ne/bills/109/LB1111/
os-61e3889b-3a70-47d2-9d12-d077599f9f3f,bill,Mississippi,HB 1048,Artifical intelligence; prohibit use of in professional mental and behavioral health care.,did not pass,Died In Committee,2026-01-16,https://billstatus.ls.state.ms.us/documents/2026/pdf/HB/1000-1099/HB1048IN.pdf,ai-therapists,use-restrictions,,https://openstates.org/ms/bills/2026/HB1048/
os-2299c4bb-e219-4109-aa94-4cec63d8749b,bill,Florida,SPB 7030,Public Records/Investigations by the Department of Legal Affairs,not passed,Submitted as Committee Bill and Reported Favorably by Commerce and Tourism; YEAS 10 NAYS 0,2026-01-16,https://flsenate.gov/Session/Bill/2026/7030/ByCategory,,,,https://openstates.org/fl/bills/2026/SPB7030/
os-9995eeaa-6afb-4841-be31-1424bd22e264,bill,Mississippi,HB 840,Criminal offenses; enhance penalties for certain if artificial intelligence was used in the commission of.,did not pass,Died In Committee,2026-01-16,https://billstatus.ls.state.ms.us/documents/2026/pdf/HB/0800-0899/HB0840IN.pdf,,,,https://openstates.org/ms/bills/2026/HB840/
os-fbccfd4c-240d-4e07-b5c9-d8694fabc2f7,bill,New York,S 8928,Enacts the artificial intelligence workforce impact transparency act,not passed,REFERRED TO LABOR,2026-01-16,https://nyassembly.gov/leg/?bn=S08928&term=2025,job-loss,mandatory-reporting,,https://openstates.org/ny/bills/2025-2026/S8928/
os-786d2aa9-1981-43a3-811d-8a8ca5fb03fc,bill,Vermont,H 714,An act relating to automated employment decision making and State employees,not passed,Read first time and referred to the Committee on General and Housing,2026-01-16,http://legislature.vermont.gov/bill/status/2026/H.714,,,,https://openstates.org/vt/bills/2025-2026/H714/
os-b102810e-2054-41d6-bb15-5e54e54712c6,bill,Florida,SB 7030,Public Records/Investigations by the Department of Legal Affairs,did not pass,Died in Messages,2026-01-16,https://flsenate.gov/Session/Bill/2026/7030/ByCategory,kids-chatbots,,,https://openstates.org/fl/bills/2026/SB7030/
us-119-hres-1007,resolution,Congress,H.Res. 1007,Expressing the sense of the House of Representatives with respect to the use of artificial intelligence in the financial services and housing industries.,not passed,"Placed on the House Calendar, Calendar No. 67.",2026-01-16,https://www.congress.gov/bill/119th-congress/house-resolution/1007,,,,https://www.congress.gov/bill/119th-congress/house-resolution/1007
os-0f41a436-be46-4d8a-9abf-fa4435b1b522,bill,Wisconsin,AB 848,Relating to: operation of autonomous vehicles on highways and providing a penalty.,did not pass,Failed to pass pursuant to Senate Joint Resolution 1,2026-01-16,https://docs.legis.wisconsin.gov/2025/proposals/reg/asm/bill/ab848,,,,https://openstates.org/wi/bills/2025/AB848/
os-d1404cc8-3cfa-47ee-a67f-7fb936d8ac12,bill,Utah,HB 276,Artificial Intelligence Modifications,passed,Governor Signed,2026-01-16,https://le.utah.gov/~2026/bills/static/HB0276.html,deepfakes,labeling-mandates; new-agency-powers; use-restrictions,Utah Division of Consumer Protection,https://openstates.org/ut/bills/2026/HB276/
os-87bb32e1-fbc9-4355-8fec-42fe39a06250,bill,Georgia,SB 408,State Sales and Use Taxes; data center equipment sales and use tax exemption; advance the sunset date,not passed,Senate Read and Referred,2026-01-15,https://www.legis.ga.gov/legislation/72283,,,,https://openstates.org/ga/bills/2025_26/SB408/
os-4b497d43-3b93-455e-a8f2-191bcaf75b08,bill,Iowa,SSB 3039,"A bill for an act relating to the use of synthetic media in campaign materials, and making penalties applicable.",not passed,Subcommittee recommends amendment and passage.,2026-01-15,https://www.legis.iowa.gov/legislation/billTracking/billHistory?billName=SSB 3039&ga=91,deepfakes,use-restrictions,,https://openstates.org/ia/bills/2025-2026/SSB3039/
os-3d0d7fa7-831c-47f7-b7a9-315ea60d3654,bill,Georgia,SB 410,State Sales and Use Taxes; the data center equipment sales and use tax exemption; repeal,not passed,House Second Readers,2026-01-15,https://www.legis.ga.gov/legislation/72285,,,,https://openstates.org/ga/bills/2025_26/SB410/
os-64312272-ceed-4c9f-afad-ad0b0004cdd3,bill,Rhode Island,HB 7119,AN ACT RELATING TO STATE AFFAIRS AND GOVERNMENT -- ARTIFICIAL INTELLIGENCE ACCOUNTABILITY ACT,not passed,04/08/2026 Committee recommended measure be held for further study,2026-01-15,http://webserver.rilegislature.gov/BillText/BillText26/HouseText26/H7119.pdf,,,,https://openstates.org/ri/bills/2026/HB7119/
os-52954c7f-6f97-4e39-bb11-883d85f201c5,bill,Iowa,HF 2082,"A bill for an act relating to restrictions on the use of artificial intelligence, and creating a civil cause of action.",not passed,"Introduced, referred to Economic Growth and Technology.",2026-01-15,https://www.legis.iowa.gov/legislation/billTracking/billHistory?billName=HF 2082&ga=91,,use-restrictions,,https://openstates.org/ia/bills/2025-2026/HF2082/
os-c7e51750-34de-43e8-ad88-3ba74bdb9765,bill,Nebraska,LB 1083,"Adopt the Transparency in Artificial Intelligence Risk Management Act, create a fund, and change provisions relating to records which may be withheld from the public",did not pass,Indefinitely postponed,2026-01-15,https://nebraskalegislature.gov/bills/view_bill.php?DocumentID=63049,,,,https://openstates.org/ne/bills/109/LB1083/
os-f7d78005-449b-4419-a94e-eadd0badd2fc,bill,Arizona,HB 2371,arbitration; divorce proceedings; artificial intelligence,not passed,DPA,2026-01-15,https://apps.azleg.gov/BillStatus/BillOverview/84136?SessionId=130,,,,https://openstates.org/az/bills/57th-2nd-regular/HB2371/
os-804f2611-e8b9-4097-b412-81dc21bc2350,bill,Tennessee,SB 1700,"Consumer Protection - As enacted, requires the Tennessee advisory commission on intergovernmental relations (TACIR) to conduct a study of the potential regulation of artificial intelligence systems and generative artificial intelligence chatbots in this state. - Amends TCA Title 29; Title 37 and Title 47.",not passed,Pub. Ch. 1082,2026-01-15,https://wapp.capitol.tn.gov/apps/BillInfo/Default?BillNumber=SB1700&ga=114,,,,https://openstates.org/tn/bills/114/SB1700/
os-c38dacbc-5b97-40f9-816a-ba4eb50db0da,bill,Wisconsin,SB 843,Relating to: certain requirements related to data centers.,did not pass,Failed to pass pursuant to Senate Joint Resolution 1,2026-01-15,https://docs.legis.wisconsin.gov/2025/proposals/reg/sen/bill/sb843,,,,https://openstates.org/wi/bills/2025/SB843/
os-4a56f11d-ffb8-4374-9e33-f7a196509220,bill,Washington,HB 2503,Regulating artificial intelligence training data.,not passed,Referred to Appropriations.,2026-01-15,https://app.leg.wa.gov/billsummary/?BillNumber=2503&Year=2025&Initiative=false,,,,https://openstates.org/wa/bills/2025-2026/HB2503/
os-3f03e523-6c2f-4ce0-9cff-f4fa4a40f8c1,bill,Hawaii,SB 2304,RELATING TO IDENTITY THEFT.,not passed,The committee on LBT deferred the measure.,2026-01-15,https://capitol.hawaii.gov/session/measure_indiv.aspx?billtype=SB&billnumber=2304&year=2026,deepfakes,use-restrictions,,https://openstates.org/hi/bills/2026/SB2304/
os-594ebaa4-6f6a-4b2b-bc39-89e5deb2c135,bill,Virginia,HB 1295,"Law enforcement; artificial intelligence inventory, civil action.",not passed,Continued from last session,2026-01-15,https://lis.virginia.gov/bill-details/20271/HB1295,,,,https://openstates.org/va/bills/2027/HB1295/
os-36c41f41-1895-45d7-b6f5-7e78f0fa8374,bill,Hawaii,SB 2281,RELATING TO THE USE OF ARTIFICIAL INTELLIGENCE IN HEALTH CARE.,not passed,"Reported from HHS/LBT (Stand. Com. Rep. No. 2357) with recommendation of passage on Second Reading, as amended (SD 1) and referral to CPN/WAM.",2026-01-15,https://capitol.hawaii.gov/session/measure_indiv.aspx?billtype=SB&billnumber=2281&year=2026,ai-care-decisions,labeling-mandates; new-agency-powers; use-restrictions,,https://openstates.org/hi/bills/2026/SB2281/
os-ddcc080c-e11a-4280-a243-c1aa415f2be7,bill,Virginia,HB 1294,"Use of artificial intelligence-based tools; covered artificial intelligence, disclosure of use.",not passed,Continued from last session,2026-01-15,https://lis.virginia.gov/bill-details/20271/HB1294,,,,https://openstates.org/va/bills/2027/HB1294/
os-0d32c0e8-54bf-4b52-9633-965aa883f846,bill,Arizona,HB 2311,artificial intelligence service; disclosures; requirements,vetoed,Vetoed by Governor,2026-01-15,https://apps.azleg.gov/BillStatus/BillOverview/84047?SessionId=130,,,,https://openstates.org/az/bills/57th-2nd-regular/HB2311/
us-119-hr-7110,bill,Congress,H.R. 7110,Eliminating Bias in Algorithmic Systems Act of 2026,not passed,Referred to the House Committee on Oversight and Government Reform.,2026-01-15,https://www.congress.gov/bill/119th-congress/house-bill/7110,,,,https://www.congress.gov/bill/119th-congress/house-bill/7110
us-119-s-3680,bill,Congress,S. 3680,Eliminating Bias in Algorithmic Systems Act of 2026,not passed,Read twice and referred to the Committee on Homeland Security and Governmental Affairs.,2026-01-15,https://www.congress.gov/bill/119th-congress/senate-bill/3680,,,,https://www.congress.gov/bill/119th-congress/senate-bill/3680
os-35ac448a-a3bd-4a72-8015-7dbc87851a5c,bill,Wisconsin,SB 831,Relating to: operation of autonomous vehicles on highways and providing a penalty.,did not pass,Failed to pass pursuant to Senate Joint Resolution 1,2026-01-15,https://docs.legis.wisconsin.gov/2025/proposals/reg/sen/bill/sb831,,,,https://openstates.org/wi/bills/2025/SB831/
os-35d68e17-4ec8-4906-9886-d85c4bd85348,bill,Hawaii,SB 2076,RELATING TO PUBLICITY RIGHTS.,not passed,"Reported from LBT (Stand. Com. Rep. No. 2113) with recommendation of passage on Second Reading, as amended (SD 1) and referral to CPN/JDC.",2026-01-14,https://capitol.hawaii.gov/session/measure_indiv.aspx?billtype=SB&billnumber=2076&year=2026,,,,https://openstates.org/hi/bills/2026/SB2076/
os-de3638a1-a631-423e-bf90-47e8c714f352,bill,Virginia,SB 552,"Siting of large data centers; site assessment, standards, civil penalties.",did not pass,Failed to report from Local Government with amendments (7-Y 7-N 1-A),2026-01-14,https://lis.virginia.gov/bill-details/20261/SB552,power-bills,data-center-limits; mandatory-reporting; new-agency-powers,Virginia Attorney General; Virginia Department of Environmental Quality,https://openstates.org/va/bills/2026/SB552/
os-8c7f16c2-093d-4286-af3c-9c363c42c05e,bill,Virginia,HB 1252,Virginia Residential Landlord and Tenant Act; algorithmic pricing device use by certain landlords.,not passed,Continued from last session,2026-01-14,https://lis.virginia.gov/bill-details/20271/HB1252,,labeling-mandates; use-restrictions,Virginia Attorney General,https://openstates.org/va/bills/2027/HB1252/
os-36ff7ca2-9ab4-474c-a513-98fb78cb7311,bill,Virginia,SB 585,"Virginia Fair Housing Law, et al.; personalized algorithmic pricing disclosures, prohibitions.",did not pass,Passed by indefinitely in General Laws and Technology with letter (15-Y 0-N),2026-01-14,https://lis.virginia.gov/bill-details/20261/SB585,bias,labeling-mandates; use-restrictions,Virginia Attorney General,https://openstates.org/va/bills/2026/SB585/
os-c41699ac-1e1a-4dce-a08d-95b43e41e78c,bill,Virginia,HB 1101,Local composite index school funding formula; data center revenue.,not passed,Left in Education,2026-01-14,https://lis.virginia.gov/bill-details/20261/HB1101,,,,https://openstates.org/va/bills/2026/HB1101/
os-0b2ccafc-5f6e-40e0-9b85-1bec5341f3f6,bill,Virginia,SB 553,"Certain data from water users; water use consumption for domestic, etc., purposes, data centers.",passed,Approved by Governor-Chapter 896 (effective 7/1/2026),2026-01-14,https://lis.virginia.gov/bill-details/20261/SB553,,,Virginia State Water Control Board,https://openstates.org/va/bills/2026/SB553/
os-efb75c66-ec3d-41da-9ccc-326df76073dd,bill,Tennessee,SB 1682,"Utilities, Utility Districts - As introduced, requires certain data centers to register with the Tennessee public utilities commission; requires electric and water utilities that provide service to registered data centers to report usage and rates to the commission; requires the commission's executive director to compile and publish certain information based on reports received from utilities. - Amends TCA Title 5; Title 6; Title 7; Title 10; Title 62; Title 65; Title 68 and Title 69.",did not pass,Failed in Senate Commerce and Labor Committee (no second),2026-01-14,https://wapp.capitol.tn.gov/apps/BillInfo/Default?BillNumber=SB1682&ga=114,,new-agency-powers,,https://openstates.org/tn/bills/114/SB1682/
os-c0e0f047-7f9c-4bd1-9baa-c26d2affd9c1,bill,Virginia,HB 1132,Data center tax revenue; creates local residential renewable energy incentive program.,not passed,Continued from last session,2026-01-14,https://lis.virginia.gov/bill-details/20271/HB1132,power-bills,,,https://openstates.org/va/bills/2027/HB1132/
os-aa610bc3-6d93-4803-bd43-66ac5df64c05,bill,Ohio,HB 646,Create the Data Center Study Commission,not passed,Recommitted,2026-01-14,https://www.legislature.ohio.gov/legislation/136/hb646,,,,https://openstates.org/oh/bills/136/HB646/
os-cce9d6de-fe86-4a38-9b5d-a7ea98584374,bill,Colorado,HB 1049,Prohibit Use of Personally Identifying Feature,did not pass,"House Committee on State, Civic, Military, & Veterans Affairs Postpone Indefinitely",2026-01-14,https://leg.colorado.gov/bills/HB26-1049,deepfakes; privacy,,,https://openstates.org/co/bills/2026A/HB1049/
os-c87f232a-1f7f-4f00-8e28-3732f5273019,bill,Virginia,HB 1170,Law-enforcement agencies & sheriff's dept.; policy on use of covered artificial intelligence syst.,did not pass,"Tabled in Communications, Technology and Innovation (21-Y 1-N)",2026-01-14,https://lis.virginia.gov/bill-details/20261/HB1170,,,,https://openstates.org/va/bills/2026/HB1170/
os-6abb40ee-4c00-4d05-8e69-61c87660c210,bill,Virginia,HB 1186,Artificial intelligence; use of systems for student instruction.,passed,Approved by Governor-Chapter 937 (effective 7/1/2026),2026-01-14,https://lis.virginia.gov/bill-details/20261/HB1186,,,,https://openstates.org/va/bills/2026/HB1186/
os-8aac0c96-43f1-4470-9543-8afc526642ce,bill,Washington,SB 6120,"Regulating high-risk artificial intelligence system development, deployment, and use.",not passed,"First reading, referred to Environment, Energy & Technology.",2026-01-14,https://app.leg.wa.gov/billsummary/?BillNumber=6120&Year=2025&Initiative=false,,,,https://openstates.org/wa/bills/2025-2026/SB6120/
os-e8733898-5f15-4d23-968a-129b8b4c2d30,bill,Hawaii,SB 2212,RELATING TO ARTIFICIAL INTELLIGENCE LITERACY EDUCATION.,not passed,"Referred to EDU/LBT, WAM.",2026-01-14,https://capitol.hawaii.gov/session/measure_indiv.aspx?billtype=SB&billnumber=2212&year=2026,,,,https://openstates.org/hi/bills/2026/SB2212/
us-119-hr-7064,bill,Congress,H.R. 7064,AI in Health Care Efficiency and Study Act,not passed,Referred to the House Committee on Energy and Commerce.,2026-01-14,https://www.congress.gov/bill/119th-congress/house-bill/7064,,,,https://www.congress.gov/bill/119th-congress/house-bill/7064
os-a31987ab-4179-42ee-a342-c0b667c15bef,bill,Virginia,SB 586,"Health carriers; use of artificial intelligence, disclosures.",not passed,Continued from last session,2026-01-14,https://lis.virginia.gov/bill-details/20271/SB586,ai-care-decisions,labeling-mandates; mandatory-reporting,,https://openstates.org/va/bills/2027/SB586/
os-9a1b9e05-272d-42da-a2f4-a533f9c6b71f,bill,Colorado,HB 1030,Data Center & Utility Modernization,did not pass,House Committee on Energy & Environment Postpone Indefinitely,2026-01-14,https://leg.colorado.gov/bills/HB26-1030,,new-agency-powers,Colorado Data Center Development Authority,https://openstates.org/co/bills/2026A/HB1030/
us-119-hr-7058,bill,Congress,H.R. 7058,Foreign Adversary AI Risk Assessment and Diplomacy Act,not passed,Ordered to be Reported by the Yeas and Nays: 45 - 0.,2026-01-14,https://www.congress.gov/bill/119th-congress/house-bill/7058,,,,https://www.congress.gov/bill/119th-congress/house-bill/7058
os-e2037944-739c-4325-a448-eb84cbc599a6,bill,Mississippi,SB 2269,MS Fully Autonomous Vehicle Enabling Act; extend repealer on law enforcement interaction plan submission to DPS.,passed,Approved by Governor,2026-01-14,https://billstatus.ls.state.ms.us/documents/2026/pdf/SB/2200-2299/SB2269SG.pdf,,,,https://openstates.org/ms/bills/2026/SB2269/
os-ba6cf3ea-99d0-4e29-a453-2dd201b24204,bill,Virginia,HB 1124,"Autonomous vehicles; work group to conduct and assessment of workforce impacts, etc.",passed,Approved by Governor-Chapter 738 (effective 7/1/2026),2026-01-14,https://lis.virginia.gov/bill-details/20261/HB1124,job-loss,,,https://openstates.org/va/bills/2026/HB1124/
os-4a9b1dde-de6d-4fed-9245-9c3d3a3812f9,bill,Virginia,SB 670,"Fully autonomous vehicles; commercial use, civil penalty.",not passed,Continued from last session,2026-01-14,https://lis.virginia.gov/bill-details/20271/SB670,,,,https://openstates.org/va/bills/2027/SB670/
os-0e880753-08af-48c3-ac7e-e824aa023b42,bill,Virginia,HB 1125,"Automated driving systems; requirements for operation, civil penalties, report.",not passed,Left in Committee Transportation,2026-01-14,https://lis.virginia.gov/bill-details/20261/HB1125,,license-to-build,,https://openstates.org/va/bills/2026/HB1125/
os-2982a347-49da-4938-b50d-950ac07c7142,bill,South Dakota,HB 1005,provide a sales and use tax exemption for goods and services related to data center operations.,not passed,"State Affairs Deferred to the 41st legislative day , Passed, YEAS 9, NAYS 3",2026-01-13,https://sdlegislature.gov/Session/Bill/26317,,,,https://openstates.org/sd/bills/2026/HB1005/
os-986838c8-5400-46b8-993e-ca51f96c77ad,bill,Alabama,SB 97,Rural health care; Alabama Health Command established to designate an AI-assisted health platform in rural communities,not passed,Read for the first time and referred to the Senate Committee on Healthcare,2026-01-13,https://alison.legislature.state.al.us/files/pdf/SearchableInstruments/2026RS/SB97-int.pdf,,new-agency-powers,,https://openstates.org/al/bills/2026rs/SB97/
os-5d6cb98d-173d-4db8-86c8-31d3934f911f,bill,New Jersey,S 66,Requires DOE to release to school district upon request data and software program algorithms used to calculate State school aid.,not passed,"Introduced in the Senate, Referred to Senate Education Committee",2026-01-13,https://www.njleg.state.nj.us/bill-search/2026/S66,,,,https://openstates.org/nj/bills/222/S66/
os-31ed78b3-a3e9-4202-8891-9505970e434b,bill,Virginia,HB 982,"Political campaign advertisements; synthetic media, penalty.",not passed,Left in Committee Privileges and Elections,2026-01-13,https://lis.virginia.gov/bill-details/20261/HB982,deepfakes,use-restrictions,,https://openstates.org/va/bills/2026/HB982/
os-d3b6a4f1-8c4b-4a90-9d51-03648a26174b,bill,New Jersey,A 710,Requires DOE to release to school district upon request data and software program algorithms used to calculate State school aid.,not passed,"Introduced, Referred to Assembly Education Committee",2026-01-13,https://www.njleg.state.nj.us/bill-search/2026/A710,,,,https://openstates.org/nj/bills/222/A710/
os-84ed6e57-5204-4ce4-abde-278c325c1a18,bill,Virginia,HB 868,"Political campaign advertisements; synthetic media, penalty.",not passed,Continued from last session,2026-01-13,https://lis.virginia.gov/bill-details/20271/HB868,deepfakes,use-restrictions,,https://openstates.org/va/bills/2027/HB868/
os-1129eff4-0d11-4564-807f-7232b4fc122c,bill,New Jersey,A 2299,Prohibits use and sale of algorithmic devices for setting rent price or occupancy of residential dwelling units.,not passed,"Introduced, Referred to Assembly Housing Committee",2026-01-13,https://www.njleg.state.nj.us/bill-search/2026/A2299,algorithmic-pricing,use-restrictions,,https://openstates.org/nj/bills/222/A2299/
os-7bb9ba9d-a2c4-4d25-95b6-531fc50cd237,bill,New Jersey,A 759,Requires AG to study law enforcement use of facial recognition technology and issue report with recommendations for Statewide policy.,not passed,"Introduced, Referred to Assembly Public Safety and Preparedness Committee",2026-01-13,https://www.njleg.state.nj.us/bill-search/2026/A759,,,,https://openstates.org/nj/bills/222/A759/
os-7a77badd-0f32-4b1b-938a-40021394ea06,bill,New Jersey,A 3326,Makes use of algorithmic systems to influence price and supply of residential rental units unlawful.,not passed,"Introduced, Referred to Assembly Housing Committee",2026-01-13,https://www.njleg.state.nj.us/bill-search/2026/A3326,algorithmic-pricing,use-restrictions,,https://openstates.org/nj/bills/222/A3326/
os-0ff1b090-94d1-4de2-b680-cd1661cceced,bill,New Jersey,S 451,"Establishes ""Forbidding the Algorithmic Inflation of Rent (FAIR) Act."" *",not passed,Substituted by A3497 (ACS/1R),2026-01-13,https://www.njleg.state.nj.us/bill-search/2026/S451,algorithmic-pricing,use-restrictions,,https://openstates.org/nj/bills/222/S451/
os-055ffbdb-7aeb-4d41-bf31-9bb2bc8b4304,bill,New Jersey,A 2726,Regulates use of automated employment decision tools in employment decisions to minimize discrimination in employment.,not passed,"Introduced, Referred to Assembly Science, Innovation and Technology Committee",2026-01-13,https://www.njleg.state.nj.us/bill-search/2026/A2726,bias,use-restrictions,,https://openstates.org/nj/bills/222/A2726/
os-815cc215-436c-49eb-bfd0-8d66729c5767,bill,New Jersey,A 1021,Creates standards for independent bias auditing of automated employment decision tools.,not passed,"Introduced, Referred to Assembly Science, Innovation and Technology Committee",2026-01-13,https://www.njleg.state.nj.us/bill-search/2026/A1021,bias,,,https://openstates.org/nj/bills/222/A1021/
os-54b2e530-d763-4ea3-bb28-31f2fea7ad39,bill,Virginia,HB 824,"Data centers; energy generation and storage, report.",not passed,Left in Committee Rules,2026-01-13,https://lis.virginia.gov/bill-details/20261/HB824,,,,https://openstates.org/va/bills/2026/HB824/
os-1165b40f-cbac-4fe4-82b8-f3f68fba7358,bill,Virginia,HB 784,"RS and UT; commercial and industrial exemptions, disclosure of data center operator exemption.",not passed,Incorporated by Finance (HB897-Sullivan)  (Voice Vote),2026-01-13,https://lis.virginia.gov/bill-details/20261/HB784,,,Virginia Department of Taxation,https://openstates.org/va/bills/2026/HB784/
os-5d4eb3ac-6166-4fdb-a6df-1fd90ceb90aa,bill,Virginia,HB 589,"Data centers; certain data from water users, water use consumption.",not passed,Left in Committee Agriculture Chesapeake and Natural Resources,2026-01-13,https://lis.virginia.gov/bill-details/20261/HB589,,,Virginia State Water Control Board,https://openstates.org/va/bills/2026/HB589/
os-c1df970c-61e5-48ea-9e9d-c6895d00b826,bill,South Carolina,S 784,Energy,not passed,Scrivener's error corrected,2026-01-13,https://www.scstatehouse.gov/billsearch.php?billnumbers=784&session=126&summary=B,,mandatory-reporting,South Carolina Department of Environmental Services; South Carolina Public Service Commission,https://openstates.org/sc/bills/2025-2026/S784/
os-ffb9e3af-f29f-43d6-820c-caf39cddfa0b,bill,Virginia,HB 897,"Retail Sales and Use Tax; exemption for data centers, delayed effective date.",not passed,Senate committee offered,2026-01-13,https://lis.virginia.gov/bill-details/20261/HB897,power-bills,,Virginia State Corporation Commission,https://openstates.org/va/bills/2026/HB897/
os-6a4c1e03-4800-4b53-9a3f-b0082b03bb9f,bill,New Jersey,A 3611,Requires payment of prevailing wage for certain data center construction.,withdrawn,"Withdrawn Because Approved P.L.2025, c.335.",2026-01-13,https://www.njleg.state.nj.us/bill-search/2026/A3611,,,,https://openstates.org/nj/bills/222/A3611/
os-318bebbc-5389-44f1-810a-de379bdeb465,bill,New Jersey,A 2770,"Establishes surcharge for electric public utility service to certain data centers during certain periods; establishes ""Grid Modernization Fund"" in BPU.",not passed,"Introduced, Referred to Assembly Telecommunications and Utilities Committee",2026-01-13,https://www.njleg.state.nj.us/bill-search/2026/A2770,power-bills,,,https://openstates.org/nj/bills/222/A2770/
os-a31b6c90-3e36-47d7-8dfa-4fda500f5f40,bill,Virginia,HB 961,"Retail Sales and Use Tax; commercial and industrial exemptions, data centers.",not passed,Incorporated by Finance (HB897-Sullivan)  (Voice Vote),2026-01-13,https://lis.virginia.gov/bill-details/20261/HB961,,,,https://openstates.org/va/bills/2026/HB961/
os-f270e34b-2d19-4a72-8efc-977e5b7a9167,resolution,New Jersey,SR 18,Urges states in PJM Interconnection region to require data centers to obtain electricity from new zero- or low-emission sources of energy.,adopted,Filed with Secretary of State,2026-01-13,https://www.njleg.state.nj.us/bill-search/2026/SR18,,,,https://openstates.org/nj/bills/222/SR18/
os-b063cbba-36cb-4970-9052-625cee6ae143,bill,New Jersey,S 2625,Creates separate crime for items depicting sexual exploitation or abuse of children; concerns computer generated or manipulated sexually explicit images.,not passed,"Introduced in the Senate, Referred to Senate Judiciary Committee",2026-01-13,https://www.njleg.state.nj.us/bill-search/2026/S2625,deepfakes,use-restrictions,,https://openstates.org/nj/bills/222/S2625/
os-014c0dc3-a305-422b-8e99-9a7739ee7b96,bill,Iowa,HF 2001,"A bill for an act relating to water efficiency of data centers, including requirements for water-efficient cooling technologies and encouragement for the use of nonpotable and recycled water sources, providing civil penalties, and including effective date and applicability provisions.",not passed,"Introduced, referred to Commerce.",2026-01-13,https://www.legis.iowa.gov/legislation/billTracking/billHistory?billName=HF 2001&ga=91,power-bills,,,https://openstates.org/ia/bills/2025-2026/HF2001/
os-0ea7006d-cdf4-4552-9271-7622e1370eb7,bill,Virginia,SB 465,Retail Sales and Use Tax; exemption for data centers.,not passed,Left in Finance and Appropriations,2026-01-13,https://lis.virginia.gov/bill-details/20261/SB465,,,,https://openstates.org/va/bills/2026/SB465/
os-d6ee6ae9-13ce-477a-bb39-68ef6ae9e699,bill,New Jersey,A 3966,Requires DEP to conduct study of short and long term effects of water use by large-scale data centers.,not passed,"Reported out of Asm. Comm. with Amendments, and Referred to Assembly Appropriations Committee",2026-01-13,https://www.njleg.state.nj.us/bill-search/2026/A3966,power-bills,,,https://openstates.org/nj/bills/222/A3966/
os-3c450187-ffc9-479a-9094-4f35853140a9,bill,New Jersey,S 2274,Requires owner or operator of data center to submit water and energy usage report to BPU.,not passed,"Introduced in the Senate, Referred to Senate Environment and Energy Committee",2026-01-13,https://www.njleg.state.nj.us/bill-search/2026/S2274,,mandatory-reporting,,https://openstates.org/nj/bills/222/S2274/
os-f0be12cb-c35a-4af1-a2dd-32ffdc77e12a,bill,Virginia,HB 607,"Aggregate air pollution; Department of Environmental Quality to study, data center generators.",not passed,Continued from last session,2026-01-13,https://lis.virginia.gov/bill-details/20271/HB607,power-bills,,,https://openstates.org/va/bills/2027/HB607/
os-07f7b8d0-ff32-4824-8428-c6891931bea6,bill,Virginia,SB 466,"Electric utilities; cost recovery, costs substantially related to serving data center customers.",not passed,Continued from last session,2026-01-13,https://lis.virginia.gov/bill-details/20271/SB466,,,,https://openstates.org/va/bills/2027/SB466/
os-e9925358-6683-42b3-99c7-f81a3221f95f,bill,Virginia,SB 393,"Virginia's Great Outdoors Act; established, creates data center land conservation tax.",not passed,Continued from last session,2026-01-13,https://lis.virginia.gov/bill-details/20271/SB393,,,,https://openstates.org/va/bills/2027/SB393/
os-6dfba32f-9dc1-4a85-89b7-3b238bd16304,bill,Virginia,HB 641,"Virginia's Great Outdoors Act; established, creates data center land conservation tax.",not passed,Continued from last session,2026-01-13,https://lis.virginia.gov/bill-details/20271/HB641,,,,https://openstates.org/va/bills/2027/HB641/
os-3fca8151-ea70-47b5-bf40-5ead5c626249,bill,Virginia,SB 336,"Tier 2 emergency generators; SCC shall evaluate impact of requiring data centers to limit use, etc.",not passed,Continued from last session,2026-01-13,https://lis.virginia.gov/bill-details/20271/SB336,,,,https://openstates.org/va/bills/2027/SB336/
os-417fbfeb-2949-4bb1-8313-8484fc82f178,bill,Virginia,HB 591,Data centers; policy of the Commonwealth.,not passed,Continued from last session,2026-01-13,https://lis.virginia.gov/bill-details/20271/HB591,power-bills,,,https://openstates.org/va/bills/2027/HB591/
os-6b0c0a2c-3e8a-4b0c-9200-cf8eb6e1ba49,bill,Virginia,SB 521,Data centers; rainwater harvesting systems.,not passed,Continued from last session,2026-01-13,https://lis.virginia.gov/bill-details/20271/SB521,,,Virginia State Board of Health,https://openstates.org/va/bills/2027/SB521/
os-46dacb83-904e-4ab8-a07a-0ce085d92ea5,bill,New Jersey,A 2774,Prohibits agreements intended to conceal certain information concerning development of data centers under MLUL.,not passed,"Introduced, Referred to Assembly Science, Innovation and Technology Committee",2026-01-13,https://www.njleg.state.nj.us/bill-search/2026/A2774,,,,https://openstates.org/nj/bills/222/A2774/
os-165ca92b-63f7-4bd9-a990-b7ecd0dcbbfb,bill,California,SB 887,California Environmental Quality Act: environmental leadership development projects: data centers: geothermal powerplant projects.,passed,"Chaptered by Secretary of State. Chapter 439, Statutes of 2026.",2026-01-13,http://leginfo.legislature.ca.gov/faces/billNavClient.xhtml?bill_id=202520260SB887,,data-center-limits,,https://openstates.org/ca/bills/20252026/SB887/
os-84ff4df2-0864-47ff-a680-386ae5816e68,bill,Virginia,HB 669,"Impersonation of certain licensed professionals by chatbot; definitions, notice, civil liability.",not passed,Left in Committee Appropriations,2026-01-13,https://lis.virginia.gov/bill-details/20261/HB669,,labeling-mandates,,https://openstates.org/va/bills/2026/HB669/
os-bea8b5d3-dacc-4189-9b44-23dc0f43056b,bill,New Jersey,A 2736,Updates certain crimes to include nonconsensual pornographic deepfake threats and disclosure.,not passed,"Introduced, Referred to Assembly Judiciary Committee",2026-01-13,https://www.njleg.state.nj.us/bill-search/2026/A2736,deepfakes,use-restrictions,,https://openstates.org/nj/bills/222/A2736/
os-32522592-1125-46ce-b34b-b91a26225b45,bill,Iowa,SSB 3011,"A bill for an act establishing requirements and guidelines for chatbots, making appropriations, and providing civil penalties.",not passed,"Committee report approving bill, renumbered as SF 2417.",2026-01-13,https://www.legis.iowa.gov/legislation/billTracking/billHistory?billName=SSB 3011&ga=91,,,,https://openstates.org/ia/bills/2025-2026/SSB3011/
os-168714d1-78d1-4f4e-a6f3-13791eb0c294,bill,Tennessee,SB 1624,"Election Laws - As enacted, requires political advertisements to include a disclaimer if the advertisements include deepfake elements impersonating or depicting a candidate engaging in activity or speech in which the impersonated or depicted candidate did not in fact engage; makes a violation of such disclaimer requirement a Class C misdemeanor; entitles candidate to damages and equitable relief for violations. - Amends TCA Title 2, Chapter 19.",not passed,Comp. became Pub. Ch. 625,2026-01-13,https://wapp.capitol.tn.gov/apps/BillInfo/Default?BillNumber=SB1624&ga=114,deepfakes,labeling-mandates,,https://openstates.org/tn/bills/114/SB1624/
os-9fc75c9b-fd87-4f6f-bed5-4d88110345dc,bill,Alabama,SB 129,"Artificial intelligence; disclosure of artificial intelligence-generated content required, enforcement provided",not passed,Read for the first time and referred to the Senate Committee on Judiciary,2026-01-13,https://alison.legislature.state.al.us/files/pdf/SearchableInstruments/2026RS/SB129-int.pdf,,labeling-mandates,,https://openstates.org/al/bills/2026rs/SB129/
os-d1483eb6-9453-4d2f-acd5-a2124e1086bc,bill,Virginia,HB 758,"Artificial Intelligence Chatbots and Minors Act; established, prohibited practices, penalties.",not passed,"Left in Committee Communications, Technology and Innovation",2026-01-13,https://lis.virginia.gov/bill-details/20261/HB758,ai-companions,id-age-checks,,https://openstates.org/va/bills/2026/HB758/
os-a2facfc5-ab82-40cd-a0ef-dad1c61b7c43,bill,Virginia,HB 713,"Fostering Access, Innovation, and Responsibility in Artificial Intelligence Act; established.",not passed,Left in Committee Appropriations,2026-01-13,https://lis.virginia.gov/bill-details/20261/HB713,bias; job-loss,labeling-mandates,,https://openstates.org/va/bills/2026/HB713/
os-50799b8d-ec51-4828-856d-2ef55cde5373,bill,New Jersey,S 2862,Requires school districts to provide instruction on artificial intelligence; requires Secretary of Higher Education to develop artificial intelligence model curricula.,not passed,"Introduced in the Senate, Referred to Senate Education Committee",2026-01-13,https://www.njleg.state.nj.us/bill-search/2026/S2862,,,,https://openstates.org/nj/bills/222/S2862/
os-c0874240-8577-49b9-9b1a-58a15905c094,bill,New Jersey,A 1359,Prohibits deepfake pornography and imposes criminal and civil penalties for non-consensual disclosure.,not passed,"Introduced, Referred to Assembly Judiciary Committee",2026-01-13,https://www.njleg.state.nj.us/bill-search/2026/A1359,deepfakes,use-restrictions,,https://openstates.org/nj/bills/222/A1359/
os-5989a6a9-8065-423f-9104-d4d5c5f1e7aa,bill,New Jersey,S 2130,Establishes Deep Fake Technology Unit in DLPS; appropriates $2 million.,not passed,"Introduced in the Senate, Referred to Senate Law and Public Safety Committee",2026-01-13,https://www.njleg.state.nj.us/bill-search/2026/S2130,deepfakes,new-agency-powers,,https://openstates.org/nj/bills/222/S2130/
os-1f574af9-bad6-4e29-8eee-ac88c5a2c19d,bill,New Jersey,A 3076,Requires AG to study use of artificial intelligence for certain law enforcement purposes and issue report.,not passed,"Introduced, Referred to Assembly Public Safety and Preparedness Committee",2026-01-13,https://www.njleg.state.nj.us/bill-search/2026/A3076,,,,https://openstates.org/nj/bills/222/A3076/
os-a8226b7d-02eb-4d85-aa5c-92f21e0b04db,bill,New Jersey,A 2616,Requires OIT to develop NJ generative artificial intelligence program and implement artificial intelligence education courses with county governments; appropriates $1.5 million.,not passed,"Introduced, Referred to Assembly Science, Innovation and Technology Committee",2026-01-13,https://www.njleg.state.nj.us/bill-search/2026/A2616,,,,https://openstates.org/nj/bills/222/A2616/
os-b05e73b0-4dde-4511-9196-85a83e758daf,bill,New Jersey,S 2129,Prohibits and imposes criminal penalty on disclosure of certain intentionally deceptive audio or visual media within 90 days of election.,not passed,"Introduced in the Senate, Referred to Senate State Government, Wagering, Tourism & Historic Preservation Committee",2026-01-13,https://www.njleg.state.nj.us/bill-search/2026/S2129,deepfakes,use-restrictions,,https://openstates.org/nj/bills/222/S2129/
os-fad2cdd6-00d3-47df-b520-6b95b956e962,bill,New Jersey,A 2710,"Establishes ""Authentic Relationships Act""; prohibits artificial intelligence relationship simulation.",not passed,"Introduced, Referred to Assembly Science, Innovation and Technology Committee",2026-01-13,https://www.njleg.state.nj.us/bill-search/2026/A2710,ai-companions,use-restrictions,,https://openstates.org/nj/bills/222/A2710/
os-6b81f69d-bcef-4dca-9a00-f0285883cd09,resolution,New Jersey,SR 52,Urges generative artificial intelligence companies to make voluntary commitments regarding employee whistleblower protections.,not passed,"Introduced in the Senate, Referred to Senate Labor Committee",2026-01-13,https://www.njleg.state.nj.us/bill-search/2026/SR52,,,,https://openstates.org/nj/bills/222/SR52/
os-26e0a9a3-015a-42fa-8726-e25a1fdb2007,bill,New Jersey,S 329,Extends crime of identity theft to include fraudulent impersonation or false depiction by means of artificial intelligence or deepfake technology.,not passed,"Introduced in the Senate, Referred to Senate Judiciary Committee",2026-01-13,https://www.njleg.state.nj.us/bill-search/2026/S329,deepfakes,use-restrictions,,https://openstates.org/nj/bills/222/S329/
os-56d0f227-f89a-41a8-bcdf-d86adf58a158,bill,New Jersey,A 1170,Requires submission of energy usage plan to BPU for proposed artificial intelligence data centers; requires all electricity for artificial intelligence data centers to be derived from new clean energy sources.,not passed,"Introduced, Referred to Assembly Telecommunications and Utilities Committee",2026-01-13,https://www.njleg.state.nj.us/bill-search/2026/A1170,,data-center-limits; mandatory-reporting,,https://openstates.org/nj/bills/222/A1170/
os-8a0c3a63-e91e-4ac7-9a5f-8414016133a0,bill,New Jersey,A 799,Prohibits advertising artificial intelligence system as licensed mental health professional.,not passed,"Introduced, Referred to Assembly Science, Innovation and Technology Committee",2026-01-13,https://www.njleg.state.nj.us/bill-search/2026/A799,ai-therapists,,,https://openstates.org/nj/bills/222/A799/
os-553fd346-fd4a-4fdf-b900-93007e68a6e0,bill,New Jersey,A 3072,Establishes Artificial Intelligence Grant Program in Office of Secretary of Higher Education.,not passed,"Introduced, Referred to Assembly Science, Innovation and Technology Committee",2026-01-13,https://www.njleg.state.nj.us/bill-search/2026/A3072,,,,https://openstates.org/nj/bills/222/A3072/
os-9b60623e-dd8a-4585-8148-b5aeb34e4ac9,bill,New Jersey,S 1159,Prohibits deepfake pornography and imposes criminal and civil penalties for non-consensual disclosure.,not passed,"Introduced in the Senate, Referred to Senate Judiciary Committee",2026-01-13,https://www.njleg.state.nj.us/bill-search/2026/S1159,,use-restrictions,,https://openstates.org/nj/bills/222/S1159/
os-4bda4f25-73f8-4118-a6b0-1bffcf2feaff,bill,New Jersey,S 2942,Establishes public-private partnerships to develop artificial intelligence job training.,not passed,"Introduced in the Senate, Referred to Senate Labor Committee",2026-01-13,https://www.njleg.state.nj.us/bill-search/2026/S2942,,,,https://openstates.org/nj/bills/222/S2942/
os-0f03915c-ce5e-4493-b883-e099230dd50c,bill,New Jersey,A 3989,Restricts use and sale of algorithmic devices for establishing rent price or occupancy of residential property.,not passed,"Introduced, Referred to Assembly Housing Committee",2026-01-13,https://www.njleg.state.nj.us/bill-search/2026/A3989,algorithmic-pricing,use-restrictions,,https://openstates.org/nj/bills/222/A3989/
os-960858c1-5689-4cba-b765-9ba84fa643f5,bill,New Jersey,A 2069,Requires Commissioner of Labor and Workforce Development to conduct study and issue report on impact of artificial intelligence on growth of State's economy.,not passed,"Introduced, Referred to Assembly Science, Innovation and Technology Committee",2026-01-13,https://www.njleg.state.nj.us/bill-search/2026/A2069,,,,https://openstates.org/nj/bills/222/A2069/
os-7acee793-260d-4ed8-968e-d8983a23c27a,bill,New Jersey,A 2480,"Establishes programs in EDA to support New Jersey-based start-up, small businesses, and medium-sized businesses adopting artificial intelligence capabilities; appropriates $175.5 million.",not passed,"Introduced, Referred to Assembly Commerce and Economic Development Committee",2026-01-13,https://www.njleg.state.nj.us/bill-search/2026/A2480,,,,https://openstates.org/nj/bills/222/A2480/
os-130c469a-4daf-4ae9-a70f-b0c2a268de1c,bill,New Jersey,S 735,Prohibits advertising artificial intelligence system as licensed mental health professional.,not passed,"Introduced in the Senate, Referred to Senate Commerce Committee",2026-01-13,https://www.njleg.state.nj.us/bill-search/2026/S735,ai-therapists,use-restrictions,,https://openstates.org/nj/bills/222/S735/
os-281aa9a2-a50b-491d-bf1a-9280fbe14460,bill,New Jersey,S 1840,"Creates ""New Jersey Responsible AI Advancement and Workforce Protection Act.""",not passed,"Introduced in the Senate, Referred to Senate Labor Committee",2026-01-13,https://www.njleg.state.nj.us/bill-search/2026/S1840,,,,https://openstates.org/nj/bills/222/S1840/
os-3fcfb528-f9b5-4d2b-b1b1-3cd337aa3a43,bill,New Jersey,S 1668,"Establishes ""Artificial Intelligence Innovation Partnership""; provides funding for certain nonprofit partnerships to promote certain emerging technology businesses.",not passed,"Introduced in the Senate, Referred to Senate Economic Growth Committee",2026-01-13,https://www.njleg.state.nj.us/bill-search/2026/S1668,,,,https://openstates.org/nj/bills/222/S1668/
os-2a46fbaf-e7f0-4ee5-8894-0c6fce6883ff,bill,New Jersey,A 390,Establishes NJ Artificial Intelligence Advisory Council.,not passed,"Introduced, Referred to Assembly Science, Innovation and Technology Committee",2026-01-13,https://www.njleg.state.nj.us/bill-search/2026/A390,,,,https://openstates.org/nj/bills/222/A390/
os-4e670db1-ef46-4897-93c3-97f8a81a2458,bill,New Jersey,A 2608,Provides funding to nonprofit organizations to implement smart technology and artificial intelligence systems to enhance security infrastructure.,not passed,"Introduced, Referred to Assembly Science, Innovation and Technology Committee",2026-01-13,https://www.njleg.state.nj.us/bill-search/2026/A2608,,,,https://openstates.org/nj/bills/222/A2608/
os-3a8cf373-55e1-4df5-9d1d-bb406ae61320,bill,New Jersey,A 3058,Establishes Deepfake Technology Unit in DLPS; appropriates $2 million.,not passed,"Introduced, Referred to Assembly Public Safety and Preparedness Committee",2026-01-13,https://www.njleg.state.nj.us/bill-search/2026/A3058,,new-agency-powers,,https://openstates.org/nj/bills/222/A3058/
os-aa86cf7f-1327-4fef-a063-ecc90cb0b299,bill,New Jersey,S 1029,Requires collection of data by health insurers regarding health insurance claims and decisions made using automated utilization management systems.,not passed,"Introduced in the Senate, Referred to Senate Commerce Committee",2026-01-13,https://www.njleg.state.nj.us/bill-search/2026/S1029,ai-care-decisions,,,https://openstates.org/nj/bills/222/S1029/
os-27595579-8437-4c49-aa54-08064415d75c,bill,New Jersey,A 3065,"Establishes civil right of action for misuse of individual's name, image, likeness, or voice.",not passed,"Introduced, Referred to Assembly Science, Innovation and Technology Committee",2026-01-13,https://www.njleg.state.nj.us/bill-search/2026/A3065,,use-restrictions,,https://openstates.org/nj/bills/222/A3065/
os-3b2fbad2-9f26-4718-884d-3c006566ad81,bill,New Jersey,A 2620,Establishes task force to research and report on potential sources of funding for artificial intelligence initiatives and appropriate tax incentives to support businesses impacted by expansion of use of artificial intelligence.,not passed,"Introduced, Referred to Assembly Science, Innovation and Technology Committee",2026-01-13,https://www.njleg.state.nj.us/bill-search/2026/A2620,,,,https://openstates.org/nj/bills/222/A2620/
os-f403f989-388d-42c6-bcaf-410a0178d2b4,resolution,New Jersey,AR 101,Urges generative artificial intelligence and content sharing platforms to make voluntary commitments to prevent and remove harmful content.,not passed,"Introduced, Referred to Assembly Science, Innovation and Technology Committee",2026-01-13,https://www.njleg.state.nj.us/bill-search/2026/AR101,,,,https://openstates.org/nj/bills/222/AR101/
os-01632c39-a605-4572-963e-89ee528da3f7,bill,New Jersey,A 3307,"Regulates artificial intelligence in news media industry; establishes ""Artificial Intelligence In Communications Oversight Committee.""",not passed,"Introduced, Referred to Assembly Science, Innovation and Technology Committee",2026-01-13,https://www.njleg.state.nj.us/bill-search/2026/A3307,,,New Jersey Artificial Intelligence In Communications Oversight Committee,https://openstates.org/nj/bills/222/A3307/
os-7ada4307-680b-4137-8f3e-25a9ac5ba05e,bill,New Jersey,A 2478,Establishes Artificial Intelligence Ethics Board in DOLWD.,not passed,"Introduced, Referred to Assembly Science, Innovation and Technology Committee",2026-01-13,https://www.njleg.state.nj.us/bill-search/2026/A2478,,,,https://openstates.org/nj/bills/222/A2478/
os-d7b6cc99-411c-4534-8481-80ececbe5e81,bill,New Jersey,A 1323,Requires boards of education and boards of trustees to adopt policy on use of surveillance systems with artificial intelligence capabilities.*,not passed,"Received in the Senate, Referred to Senate Education Committee",2026-01-13,https://www.njleg.state.nj.us/bill-search/2026/A1323,surveillance,,,https://openstates.org/nj/bills/222/A1323/
os-ae5e706a-9293-4fa2-9d1a-c341112b2d63,bill,Iowa,SSB 3013,A bill for an act relating to the ownership of artificial intelligence output and trained artificial intelligence.,not passed,"Committee report approving bill, renumbered as SF 2199.",2026-01-13,https://www.legis.iowa.gov/legislation/billTracking/billHistory?billName=SSB 3013&ga=91,,,,https://openstates.org/ia/bills/2025-2026/SSB3013/
os-223d0c2b-4514-4f79-8770-c9872e51d142,bill,New Jersey,S 1802,Requires artificial intelligence companies to conduct safety tests and report results to Office of Information Technology.,not passed,"Introduced in the Senate, Referred to Senate Commerce Committee",2026-01-13,https://www.njleg.state.nj.us/bill-search/2026/S1802,,mandatory-reporting,New Jersey Office of Information Technology,https://openstates.org/nj/bills/222/S1802/
os-2abb3425-b68f-485a-819a-308fc854b4a1,bill,New York,S 8874,Relates to the use of artificial intelligence in customer services,not passed,REFERRED TO INTERNET AND TECHNOLOGY,2026-01-13,https://nyassembly.gov/leg/?bn=S08874&term=2025,,labeling-mandates,,https://openstates.org/ny/bills/2025-2026/S8874/
os-a63e9d60-bd7b-4637-8334-247514b805ac,bill,Virginia,HJ 32,Higher educational institutions; JLARC to study artificial intelligence use policies.,not passed,Bill text as passed House and Senate (HJ32ER),2026-01-13,https://lis.virginia.gov/bill-details/20261/HJ32,,,,https://openstates.org/va/bills/2026/HJ32/
os-cfe65764-e249-4ca5-8aaf-bcd2a51959e1,bill,Virginia,HB 797,Artificial intelligence; framework for person/entity acting as an independent verification org.,passed,Acts of Assembly Chapter text (CHAP0425),2026-01-13,https://lis.virginia.gov/bill-details/20261/HB797,,,,https://openstates.org/va/bills/2026/HB797/
os-095e78aa-9941-4752-83cc-f358a00d1a13,bill,Virginia,SB 384,Artificial intelligence; framework for person/entity acting as an independent verification org.,passed,Acts of Assembly Chapter text (CHAP0426),2026-01-13,https://lis.virginia.gov/bill-details/20261/SB384,,,,https://openstates.org/va/bills/2026/SB384/
os-987b3ad2-2722-42f1-ac08-cbf7d7b08826,bill,Virginia,HB 668,"Mental health service providers; use of artificial intelligence system, civil penalty.",not passed,"Left in Committee Communications, Technology and Innovation",2026-01-13,https://lis.virginia.gov/bill-details/20261/HB668,ai-therapists,use-restrictions,,https://openstates.org/va/bills/2026/HB668/
os-c67ceff5-3718-4e54-9a67-72f19c52a463,bill,New York,S 8872,Prohibits algorithmic wage-setting,not passed,REFERRED TO LABOR,2026-01-13,https://nyassembly.gov/leg/?bn=S08872&term=2025,,use-restrictions,,https://openstates.org/ny/bills/2025-2026/S8872/
os-0cb3d96d-d1bc-4f3a-922c-4ef02022340a,bill,Virginia,SB 394,Artificial intelligence; use of systems for student instruction.,passed,Approved by Governor-Chapter 943 (effective 7/1/2026),2026-01-13,https://lis.virginia.gov/bill-details/20261/SB394,,,,https://openstates.org/va/bills/2026/SB394/
os-933e846a-71eb-44a8-8a82-84f320751f07,bill,South Carolina,S 788,Artificial Intelligence and Therapy or Psychotherapy,not passed,"Referred to Committee on Medical, Military, Public and Municipal Affairs",2026-01-13,https://www.scstatehouse.gov/billsearch.php?billnumbers=788&session=126&summary=B,ai-therapists,,,https://openstates.org/sc/bills/2025-2026/S788/
os-0de7c7fc-13bc-4ecc-a54a-2865f2b1c66c,bill,New Jersey,A 3087,Directs DEP to establish artificial intelligence flood prediction and mapping tool.,not passed,Reported and Referred to Assembly Environment and Solid Waste Committee,2026-01-13,https://www.njleg.state.nj.us/bill-search/2026/A3087,,,,https://openstates.org/nj/bills/222/A3087/
os-afb2b479-f7eb-40f5-8185-8e0bf211f305,bill,New Jersey,A 2312,Creates separate crime for items depicting sexual exploitation or abuse of children; concerns computer generated or manipulated sexually explicit images.,not passed,"Received in the Senate, Referred to Senate Judiciary Committee",2026-01-13,https://www.njleg.state.nj.us/bill-search/2026/A2312,deepfakes,use-restrictions,,https://openstates.org/nj/bills/222/A2312/
os-56064535-22f2-429d-9907-a8c96f7febfb,bill,Georgia,SB 398,"Wiretapping, Eavesdropping, Surveillance, and Related Offenses; criminal offenses of virtual peeping; establish",not passed,Senate Disagreed House Amend or Sub,2026-01-13,https://www.legis.ga.gov/legislation/72204,deepfakes; privacy,use-restrictions,,https://openstates.org/ga/bills/2025_26/SB398/
os-faa71c67-9857-4ba1-9ecd-2c7ff5445086,bill,Maine,LD 2162,An Act To Regulate And Prevent Children'S Access To Artificial Intelligence Chatbots With Human-Like Features And Social Artificial Intelligence Companions,did not pass,Died in Possession of the Senate when the Legislature adjourned Sine Die and was PLACED IN THE LEGISLATIVE FILES. (DEAD),2026-01-13,https://legislature.maine.gov/LawMakerWeb/summary.asp?ID=280101203,ai-companions; kids-chatbots,use-restrictions,,https://openstates.org/me/bills/132/LD2162/
os-019c88b4-add2-4990-a2aa-9510e68b15a4,bill,New Jersey,A 3585,Prohibits and imposes criminal penalty on disclosure of certain intentionally deceptive audio or visual media within 90 days of election.,not passed,"Introduced, Referred to Assembly Judiciary Committee",2026-01-13,https://www.njleg.state.nj.us/bill-search/2026/A3585,deepfakes,use-restrictions,,https://openstates.org/nj/bills/222/A3585/
os-3cef4e8a-83ad-4e31-a9b3-847220590928,bill,Iowa,SSB 3014,A bill for an act relating to the use of artificial intelligence systems and related software by state agencies for employment and other purposes.,not passed,Subcommittee recommends passage.,2026-01-13,https://www.legis.iowa.gov/legislation/billTracking/billHistory?billName=SSB 3014&ga=91,,,,https://openstates.org/ia/bills/2025-2026/SSB3014/
os-7d641af7-83d0-42a4-b971-81e62c66790d,bill,New Jersey,S 2860,Establishes Artificial Intelligence Apprenticeship Program and artificial intelligence apprenticeship tax credit program.,not passed,"Introduced in the Senate, Referred to Senate Labor Committee",2026-01-13,https://www.njleg.state.nj.us/bill-search/2026/S2860,,,,https://openstates.org/nj/bills/222/S2860/
os-1f3ada79-bd21-490a-aac2-e65414c1c90b,bill,New Jersey,S 680,Requires energy usage plan for proposed artificial intelligence data centers and cryptocurrency mining facilities; requires all electricity for artificial intelligence data centers and cryptocurrency mining facilities to be derived from new clean energy sources.,not passed,Referred to Senate Budget and Appropriations Committee,2026-01-13,https://www.njleg.state.nj.us/bill-search/2026/S680,,data-center-limits; mandatory-reporting,,https://openstates.org/nj/bills/222/S680/
os-a1d702e4-e42c-4bcd-8ce8-729242ecdbb8,bill,Illinois,SB 2786,PROCUREMENT-LOCAL GOV AI,not passed,Referred to Assignments,2026-01-13,https://ilga.gov/Legislation/BillStatus?DocNum=2786&GAID=18&DocTypeID=SB&LegId=164822&SessionID=114,,,,https://openstates.org/il/bills/104th/SB2786/
os-757709ab-3282-45a2-89b8-28dc25156f8a,bill,Vermont,H 644,An act relating to regulating the use of artificial intelligence in the provision of mental health services,not passed,Read first time and referred to the Committee on Health Care,2026-01-13,http://legislature.vermont.gov/bill/status/2026/H.644,,,,https://openstates.org/vt/bills/2025-2026/H644/
os-8efd127a-6600-4bc7-a1e1-8a9593831b7f,bill,Vermont,S 241,An act relating to regulating the use of artificial intelligence in the provision of mental health services,not passed,Read 1st time & referred to Committee on Health and Welfare,2026-01-13,http://legislature.vermont.gov/bill/status/2026/S.241,,,,https://openstates.org/vt/bills/2025-2026/S241/
os-bc6e7196-8654-425a-bb1b-5d8cedee87d5,bill,Illinois,SB 2780,$CMS-AI PROCUREMENT,not passed,Pursuant to Senate Rule 3-9(b) / Referred to Assignments,2026-01-13,https://ilga.gov/Legislation/BillStatus?DocNum=2780&GAID=18&DocTypeID=SB&LegId=164809&SessionID=114,,,,https://openstates.org/il/bills/104th/SB2780/
os-fbcdd024-7927-4f6a-82c9-ff1df24b60a6,bill,Virginia,HB 635,"Artificial Intelligence Chatbots Act; established, prohibited practices, penalties.",not passed,Continued from last session,2026-01-13,https://lis.virginia.gov/bill-details/20271/HB635,ai-companions,labeling-mandates; use-restrictions,,https://openstates.org/va/bills/2027/HB635/
os-6ee3bda3-b11c-48ff-965c-74ee04a10872,bill,Virginia,SB 365,"Fostering Access, Innovation, and Responsibility in Artificial Intelligence Act; established.",not passed,Continued from last session,2026-01-13,https://lis.virginia.gov/bill-details/20271/SB365,bias; job-loss,labeling-mandates,,https://openstates.org/va/bills/2027/SB365/
os-3e5642e2-910b-4e77-85ef-81b58145e117,bill,New Jersey,A 1639,Clarifies that owners of self-driving motor vehicles must comply with existing insurance requirements.,not passed,"Introduced, Referred to Assembly Financial Institutions and Insurance Committee",2026-01-13,https://www.njleg.state.nj.us/bill-search/2026/A1639,,,,https://openstates.org/nj/bills/222/A1639/
os-d7804158-cc0c-4831-b5a4-11b2ecc3ecf2,bill,New Jersey,A 768,Permits testing and use of autonomous vehicles on State roadways under certain circumstances.,not passed,"Introduced, Referred to Assembly Science, Innovation and Technology Committee",2026-01-13,https://www.njleg.state.nj.us/bill-search/2026/A768,,,,https://openstates.org/nj/bills/222/A768/
os-85195e7d-c0ad-4dea-81ad-38942383a40e,bill,New Jersey,A 958,Requires DLPS to establish training program to prepare law enforcement to interact with autonomous vehicles.,not passed,"Introduced, Referred to Assembly Public Safety and Preparedness Committee",2026-01-13,https://www.njleg.state.nj.us/bill-search/2026/A958,,,,https://openstates.org/nj/bills/222/A958/
os-446a3177-7fce-496d-a08e-3903eeb8f7da,bill,New Jersey,S 1677,Establishes fully autonomous vehicle pilot program.*,not passed,Referred to Senate Budget and Appropriations Committee,2026-01-13,https://www.njleg.state.nj.us/bill-search/2026/S1677,,,,https://openstates.org/nj/bills/222/S1677/
os-a11c582f-0f3e-41fe-a6ee-643e7c59f29c,bill,New Jersey,A 3968,Establishes fully autonomous vehicle pilot program.*,not passed,Reported as an Assembly Committee Substitute and Referred to Assembly Appropriations Committee,2026-01-13,https://www.njleg.state.nj.us/bill-search/2026/A3968,,,,https://openstates.org/nj/bills/222/A3968/
os-bfc0bda5-7581-4de4-879b-ff064fb3a972,bill,South Dakota,HB 1038,allow the Public Utilities Commission to assess actual costs to data centers that are customers of public utilities.,passed,Signed by the Governor on 2026-03-30 H.J. 579,2026-01-13,https://sdlegislature.gov/Session/Bill/26923,,new-agency-powers,South Dakota Public Utilities Commission,https://openstates.org/sd/bills/2026/HB1038/
os-10a9c3b8-953b-4174-9fdf-1ec9771a3ad5,bill,New Jersey,A 3497,"Establishes ""Forbidding the Algorithmic Inflation of Rent (FAIR) Act."" *",passed,"Approved P.L.2026, c.43.",2026-01-13,https://www.njleg.state.nj.us/bill-search/2026/A3497,algorithmic-pricing,use-restrictions,,https://openstates.org/nj/bills/222/A3497/
os-c39cbecf-92f9-4a67-9785-9521fbcae031,bill,Alabama,SB 63,Health care plans; to regulate the use of artificial intelligence in determinations of coverage,passed,Enacted,2026-01-13,https://alison.legislature.state.al.us/files/pdf/SearchableInstruments/2026RS/NRSWP8T-1.pdf,ai-care-decisions; bias,labeling-mandates; mandatory-reporting; new-agency-powers; use-restrictions,Alabama Department of Insurance,https://openstates.org/al/bills/2026rs/SB63/
os-3a416c3e-9038-411e-a935-1340d3824be6,bill,New Jersey,S 2324,Clarifies that owners of self-driving motor vehicles must comply with existing insurance requirements.,not passed,"Introduced in the Senate, Referred to Senate Commerce Committee",2026-01-13,https://www.njleg.state.nj.us/bill-search/2026/S2324,,,,https://openstates.org/nj/bills/222/S2324/
os-06f6c441-f600-4577-babf-dfebd3f0648e,bill,New Jersey,A 796,Requires electric public utilities to develop and apply special rules for certain data centers to protect non-data center customers from increased costs.**,passed,"Approved P.L.2026, c.32.",2026-01-13,https://www.njleg.state.nj.us/bill-search/2026/A796,power-bills,mandatory-reporting; new-agency-powers,New Jersey Board of Public Utilities,https://openstates.org/nj/bills/222/A796/
os-54562d8b-c542-4b30-8789-33208d835528,bill,Tennessee,SB 1600,"Utilities, Utility Districts - As introduced, requires certain data centers to register with the Tennessee public utilities commission; requires electric and water utilities that provide service to registered data centers to report usage and rates to the commission; requires the commission's executive director to compile and publish certain information based on reports received from utilities. - Amends TCA Title 5; Title 6; Title 7; Title 10; Title 62; Title 65; Title 68 and Title 69.",not passed,"Introduced, Passed on First Consideration",2026-01-12,https://wapp.capitol.tn.gov/apps/BillInfo/Default?BillNumber=SB1600&ga=114,,new-agency-powers,,https://openstates.org/tn/bills/114/SB1600/
os-9d659c95-a94a-405a-8367-e37a2e02a236,bill,Virginia,HB 511,Data centers; industrial zoning.,not passed,"Incorporated by Counties, Cities and Towns (HB153-Thomas)  (Voice Vote)",2026-01-12,https://lis.virginia.gov/bill-details/20261/HB511,,data-center-limits,,https://openstates.org/va/bills/2026/HB511/
os-539e103a-2922-4234-a279-6ed5881c3164,bill,Virginia,HB 507,"Data centers; permit requirements, emission limits for certain engine-generator sets.",passed,Acts of Assembly Chapter text (CHAP0397),2026-01-12,https://lis.virginia.gov/bill-details/20261/HB507,,data-center-limits,Virginia Department of Environmental Quality,https://openstates.org/va/bills/2026/HB507/
os-acf19a6e-08dc-4e53-873d-a324d7ef41a1,bill,Virginia,HB 503,"Electric utilities; cost recovery, costs substantially related to serving data center customers.",not passed,Continued from last session,2026-01-12,https://lis.virginia.gov/bill-details/20271/HB503,,,,https://openstates.org/va/bills/2027/HB503/
os-b22a8f4f-9be7-4d75-91d4-ffb11355f6e7,bill,Tennessee,HB 1513,"Election Laws - As enacted, requires political advertisements to include a disclaimer if the advertisements include deepfake elements impersonating or depicting a candidate engaging in activity or speech in which the impersonated or depicted candidate did not in fact engage; makes a violation of such disclaimer requirement a Class C misdemeanor; entitles candidate to damages and equitable relief for violations. - Amends TCA Title 2, Chapter 19.",not passed,Pub. Ch. 625,2026-01-12,https://wapp.capitol.tn.gov/apps/BillInfo/Default?BillNumber=HB1513&ga=114,deepfakes,labeling-mandates,,https://openstates.org/tn/bills/114/HB1513/
os-28512a83-39f0-46a4-8f5a-0bfd5f2b9ece,bill,California,AB 1577,Data centers: reporting.,passed,"Chaptered by Secretary of State - Chapter 434, Statutes of 2026.",2026-01-12,http://leginfo.legislature.ca.gov/faces/billNavClient.xhtml?bill_id=202520260AB1577,,mandatory-reporting,,https://openstates.org/ca/bills/20252026/AB1577/
os-87dcaa13-cc86-42d3-9c46-387c163a4da6,bill,Virginia,HB 496,"Certain data from water users; water use consumption for domestic, etc., purposes, data centers.",passed,Acts of Assembly Chapter text (CHAP0623),2026-01-12,https://lis.virginia.gov/bill-details/20261/HB496,,,Virginia State Water Control Board,https://openstates.org/va/bills/2026/HB496/
os-74db300e-bf90-4822-8c96-df3d9bd16958,bill,Tennessee,SB 1580,"Health Care - As enacted, prohibits a person from developing or deploying an artificial intelligence system that advertises or represents to the public that such system is or is able to act as a qualified mental health professional.  - Amends TCA Title 33; Title 47 and Title 63.",not passed,Pub. Ch. 647,2026-01-12,https://wapp.capitol.tn.gov/apps/BillInfo/Default?BillNumber=SB1580&ga=114,ai-therapists,use-restrictions,,https://openstates.org/tn/bills/114/SB1580/
os-192973ea-13b5-4db4-aedf-935fe52507ab,bill,Virginia,SB 269,"Mental health service providers;  definitions, use of artificial intelligence system, civil penalty.",not passed,Continued from last session,2026-01-12,https://lis.virginia.gov/bill-details/20271/SB269,ai-therapists,use-restrictions,,https://openstates.org/va/bills/2027/SB269/
os-31058f0b-27f9-402a-a9c2-6dfd55a324dd,bill,Kentucky,HB 318,"AN ACT relating to property rights in name, voice, and likeness.",not passed,to Judiciary (H),2026-01-12,https://apps.legislature.ky.gov/record/26RS/hb318.html,,use-restrictions,,https://openstates.org/ky/bills/2026RS/HB318/
os-d8897c10-6c67-4c7e-aedb-1edf5dba55ab,bill,Virginia,HB 323,"Data centers; Department of Energy shall lead efforts to accelerate use of waste heat, report.",passed,Acts of Assembly Chapter text (CHAP0591),2026-01-11,https://lis.virginia.gov/bill-details/20261/HB323,,,,https://openstates.org/va/bills/2026/HB323/
os-d9fd8ff2-620d-4468-a504-87ecb3df4a32,bill,Wisconsin,AB 840,Relating to: certain requirements related to data centers.,did not pass,Failed to concur in pursuant to Senate Joint Resolution 1,2026-01-09,https://docs.legis.wisconsin.gov/2025/proposals/reg/asm/bill/ab840,,,,https://openstates.org/wi/bills/2025/AB840/
os-f328f638-744d-4153-b45a-6706864a5641,bill,Florida,SB 1118,Public Records/Data Centers,did not pass,"Died on Calendar, companion bill(s) passed, see CS/CS/SB 484 (Ch. 2026-65)",2026-01-09,https://flsenate.gov/Session/Bill/2026/1118/ByCategory,,,,https://openstates.org/fl/bills/2026/SB1118/
os-2156b93d-a504-4707-9e4a-41e60d7cb7ea,bill,Florida,HB 1517,Approval of Data Center Facilities,did not pass,"Died in Economic Infrastructure Subcommittee; Companion bill(s) passed, see CS/CS/SB 484 (Ch. 2026-65)",2026-01-09,https://flsenate.gov/Session/Bill/2026/1517/ByCategory,,data-center-limits; mandatory-reporting; new-agency-powers,,https://openstates.org/fl/bills/2026/HB1517/
os-1f530c44-19ee-4345-bc25-a13870dd271d,bill,Florida,SB 484,Data Centers,passed,Chapter No. 2026-65,2026-01-09,https://flsenate.gov/Session/Bill/2026/484/ByCategory,power-bills,data-center-limits,,https://openstates.org/fl/bills/2026/SB484/
os-105edfd4-34e2-499e-ad75-828ba27b74be,bill,Florida,HB 1503,Computer Science Education and Certification,did not pass,Died in returning Messages,2026-01-09,https://flsenate.gov/Session/Bill/2026/1503/ByCategory,,,,https://openstates.org/fl/bills/2026/HB1503/
os-9c39fc45-8432-473d-b1a1-23654893481a,bill,Virginia,HB 310,"Artificial Intelligence Workforce Impact Act; established, report.",not passed,Left in Committee Appropriations,2026-01-09,https://lis.virginia.gov/bill-details/20261/HB310,job-loss,,,https://openstates.org/va/bills/2026/HB310/
os-940e4bcf-8e97-412e-b0c1-28f6f1094b00,bill,Rhode Island,SB 2010,AN ACT RELATING TO INSURANCE -- THE TRANSPARENCY AND ACCOUNTABILITY IN ARTIFICIAL INTELLIGENCE USE BY HEALTH INSURERS TO MANAGE COVERAGE AND CLAIMS ACT,not passed,06/09/2026 Senate passed Sub A,2026-01-09,http://webserver.rilegislature.gov/BillText/BillText26/SenateText26/S2010A.pdf,ai-care-decisions,,,https://openstates.org/ri/bills/2026/SB2010/
os-df94f65a-e4ac-4fe5-ae4d-7a6989edb4c8,bill,Florida,SB 1694,Technology Education,not passed,Laid on Table,2026-01-09,https://flsenate.gov/Session/Bill/2026/1694/ByCategory,,,,https://openstates.org/fl/bills/2026/SB1694/
os-7ba28208-2881-4202-bc66-449e6a22cab9,bill,Pennsylvania,SB 1113,"An Act amending Titles 35 (Health and Safety) and 40 (Insurance) of the Pennsylvania Consolidated Statutes, providing for artificial intelligence in facilities, for artificial intelligence use by insurers and for artificial intelligence use by MA or CHIP managed care plans; imposing duties on the Department of Health, the Insurance Department and the Department of Human Services; and imposing penalties.",not passed,Referred to Institutional Sustainability & Innovation,2026-01-09,https://www.palegis.us/legislation/bills/2025/sb1113,ai-care-decisions,new-agency-powers; use-restrictions,Pennsylvania Department of Health; Pennsylvania Department of Human Services; Pennsylvania Insurance Department,https://openstates.org/pa/bills/2025-2026/SB1113/
us-119-hr-6996,bill,Congress,H.R. 6996,Full AI Stack Export Promotion Act,not passed,Ordered to be Reported in the Nature of a Substitute by the Yeas and Nays: 37 - 7.,2026-01-09,https://www.congress.gov/bill/119th-congress/house-bill/6996,china-race,,,https://www.congress.gov/bill/119th-congress/house-bill/6996
os-69053fb5-7cb3-4069-9e43-41c73fef23be,bill,Florida,HB 1395,Artificial Intelligence,did not pass,Died in Information Technology Budget & Policy Subcommittee,2026-01-09,https://flsenate.gov/Session/Bill/2026/1395/ByCategory,ai-companions; deepfakes; kids-chatbots; privacy,labeling-mandates,,https://openstates.org/fl/bills/2026/HB1395/
os-69469e3e-46eb-4d91-953c-a7e49722e317,bill,Florida,SB 1616,Liability of Advanced Driving System Manufacturers and Developers,did not pass,Died in Judiciary,2026-01-09,https://flsenate.gov/Session/Bill/2026/1616/ByCategory,,,,https://openstates.org/fl/bills/2026/SB1616/
os-6da1bee9-f9cb-4fde-93c8-d1ebfcc57560,bill,Florida,HB 1469,Autonomous Vehicle Safety,did not pass,Died in Government Operations Subcommittee,2026-01-09,https://flsenate.gov/Session/Bill/2026/1469/ByCategory,,use-restrictions,,https://openstates.org/fl/bills/2026/HB1469/
os-eeaa86e0-fb6f-48e7-aad3-5e0cee105d10,bill,Indiana,SB 257,Electricity rate increases due to data centers.,not passed,Authored by Senator Garten,2026-01-08,https://iga.in.gov/legislative/2026/bills/senate/257,power-bills,,,https://openstates.org/in/bills/2026/SB257/
os-bd1f452c-2a7a-4ae6-b7fd-8a4d9be1682e,bill,Mississippi,SB 2050,Artificial intelligence; require disclosure when used in political advertisements.,did not pass,Died In Committee,2026-01-08,https://billstatus.ls.state.ms.us/documents/2026/pdf/SB/2001-2099/SB2050PS.pdf,,labeling-mandates,,https://openstates.org/ms/bills/2026/SB2050/
os-d710300c-53ba-4921-a779-edc263b93730,bill,Mississippi,SB 2075,Images or audio altered or created by digitization; criminalize dissemination of in certain circumstances.,did not pass,Died In Committee,2026-01-08,https://billstatus.ls.state.ms.us/documents/2026/pdf/SB/2001-2099/SB2075IN.pdf,deepfakes,use-restrictions,,https://openstates.org/ms/bills/2026/SB2075/
os-bf8bfa68-b592-4e54-8b89-282f0f9b8296,bill,Indiana,HB 1421,Ban on employer use of automated decision systems.,not passed,Authored by Representative Harris,2026-01-08,https://iga.in.gov/legislative/2026/bills/house/1421,,labeling-mandates; use-restrictions,,https://openstates.org/in/bills/2026/HB1421/
os-5e59c927-8d09-440e-929c-8ccfc732ed94,bill,New York,S 8831,Relates to the use of automated employment decision-making tools and artificial intelligence systems by certain state and local entities; repealer,passed,SIGNED CHAP.86,2026-01-08,https://nyassembly.gov/leg/?bn=S08831&term=2025,,,,https://openstates.org/ny/bills/2025-2026/S8831/
us-119-hr-6984,bill,Congress,H.R. 6984,Data Center Transparency Act,not passed,Referred to the House Committee on Energy and Commerce.,2026-01-08,https://www.congress.gov/bill/119th-congress/house-bill/6984,,,,https://www.congress.gov/bill/119th-congress/house-bill/6984
os-d3ce5d94-22a7-4ae0-a050-8dbbd014173b,bill,Florida,SB 1458,Artificial Intelligence in Higher Education,did not pass,Died in Education Postsecondary,2026-01-08,https://flsenate.gov/Session/Bill/2026/1458/ByCategory,,,,https://openstates.org/fl/bills/2026/SB1458/
os-0593535f-741b-457e-917d-ddf41eb7b161,bill,New York,S 8828,Relates to transparency and safety requirements for developers of artificial intelligence models,passed,SIGNED CHAP.96,2026-01-08,https://nyassembly.gov/leg/?bn=S08828&term=2025,,new-agency-powers,New York Office for AI Model Developer Transparency and Reporting,https://openstates.org/ny/bills/2025-2026/S8828/
os-552c798b-54cc-4dba-a1c8-82bd2ee91b3d,bill,Florida,HB 1233,Transportation,not passed,Laid on Table,2026-01-08,https://flsenate.gov/Session/Bill/2026/1233/ByCategory,,,,https://openstates.org/fl/bills/2026/HB1233/
os-d36ee530-bee2-4e67-b06d-5a4610d7ebc3,bill,Kentucky,HB 201,AN ACT relating to the use of algorithmic devices in setting the amount of rent to be charged to a residential tenant.,not passed,to Judiciary (H),2026-01-07,https://apps.legislature.ky.gov/record/26RS/hb201.html,algorithmic-pricing,use-restrictions,,https://openstates.org/ky/bills/2026RS/HB201/
os-77bc025d-6559-47e3-9e8d-41b74f82184a,bill,Illinois,HB 4319,DATA CENTER-PROPERTY RTS,not passed,Referred to Rules Committee,2026-01-07,https://ilga.gov/Legislation/BillStatus?DocNum=4319&GAID=18&DocTypeID=HB&LegId=164832&SessionID=114,,,,https://openstates.org/il/bills/104th/HB4319/
os-7bc7956b-ab2a-494f-844b-b2bab805b5ee,bill,New York,S 8645,"Authorizes ORES to issue siting permits for battery energy storage systems for use by data centers, and requires data centers to submit carbon reduction plans",not passed,REFERRED TO ENERGY AND TELECOMMUNICATIONS,2026-01-07,https://nyassembly.gov/leg/?bn=S08645&term=2025,,mandatory-reporting,,https://openstates.org/ny/bills/2025-2026/S8645/
os-8d4a5668-61f3-492c-b2a8-5dca08c5fcde,bill,New York,A 9487,Relates to the use of automated employment decision-making tools and artificial intelligence systems by certain state and local entities; repealer,not passed,SUBSTITUTED BY S8831,2026-01-07,https://nyassembly.gov/leg/?bn=A09487&term=2025,,,,https://openstates.org/ny/bills/2025-2026/A9487/
os-310ad08f-6b17-45f9-981c-b795fef2dc89,bill,New York,S 8721,Establishes privacy and publicity rights for likenesses altered using artificial intelligence,not passed,REFERRED TO CODES,2026-01-07,https://nyassembly.gov/leg/?bn=S08721&term=2025,deepfakes,use-restrictions,,https://openstates.org/ny/bills/2025-2026/S8721/
os-c3cb12f2-682e-4f10-b033-73b3392f1d76,bill,New York,S 8706,Requires covered businesses to annually report to the department of labor regarding the impact of artificial intelligence on hiring and the nature of artificial intelligence use,not passed,SUBSTITUTED BY A9581B,2026-01-07,https://nyassembly.gov/leg/?bn=S08706&term=2025,,mandatory-reporting,New York Department of Labor,https://openstates.org/ny/bills/2025-2026/S8706/
os-943133b6-56f3-4461-afe6-d61f7373c9d9,bill,Florida,SB 1344,Companion Artificial Intelligence Chatbots,did not pass,Died in Commerce and Tourism,2026-01-07,https://flsenate.gov/Session/Bill/2026/1344/ByCategory,kids-chatbots; privacy,id-age-checks,,https://openstates.org/fl/bills/2026/SB1344/
us-119-s-3586,bill,Congress,S. 3586,AI for Mainstreet Act,not passed,Read twice and referred to the Committee on Small Business and Entrepreneurship.,2026-01-07,https://www.congress.gov/bill/119th-congress/senate-bill/3586,,,,https://www.congress.gov/bill/119th-congress/senate-bill/3586
os-1b68b8e5-937f-4e52-8300-beb5cb120a94,bill,Florida,SB 1346,Public Records/Department of Legal Affairs/Artificial Intelligence Violations,did not pass,Died in Commerce and Tourism,2026-01-07,https://flsenate.gov/Session/Bill/2026/1346/ByCategory,,,,https://openstates.org/fl/bills/2026/SB1346/
os-427ac5dd-8311-45c7-91c6-0a5237c8ff74,bill,Missouri,HB 2862,Prohibits digital impersonation of a person and provides for injunctive relief,not passed,HCS Reported Do Pass (H) - AYES: 10 NOES: 0 PRESENT: 1,2026-01-07,https://www.house.mo.gov/BillContent.aspx?bill=HB2862&year=2026&code=R&style=new,deepfakes,use-restrictions,,https://openstates.org/mo/bills/2026/HB2862/
os-98498498-5439-47a0-9475-ba27a8fec959,bill,Kentucky,HB 227,AN ACT relating to addictive online platforms.,not passed,returned to Judiciary (S),2026-01-07,https://apps.legislature.ky.gov/record/26RS/hb227.html,ai-companions; kids-chatbots,id-age-checks; new-agency-powers,Kentucky Attorney General,https://openstates.org/ky/bills/2026RS/HB227/
os-f55e5aef-1e13-4bfb-b20f-521810d4626d,bill,Kentucky,HB 223,AN ACT relating to autonomous vehicles.,not passed,to Transportation (H),2026-01-07,https://apps.legislature.ky.gov/record/26RS/hb223.html,,,,https://openstates.org/ky/bills/2026RS/HB223/
os-fd3c77e8-1f66-4f78-af1e-5ed8bb637f23,bill,Maine,LD 2082,An Act To Regulate The Use Of Artificial Intelligence In Providing Certain Mental Health Services,passed,Signed by Governor,2026-01-07,https://legislature.maine.gov/LawMakerWeb/summary.asp?ID=280101134,ai-therapists,labeling-mandates; new-agency-powers; use-restrictions,Maine mental health licensing boards,https://openstates.org/me/bills/132/LD2082/
os-ae787d06-7790-47af-a15b-281aee206edb,bill,Virginia,HB 154,"Data centers; use of emergency generation unit, disclosure requirements.",not passed,"Left in Agriculture, Chesapeake and Natural Resources",2026-01-06,https://lis.virginia.gov/bill-details/20261/HB154,,,,https://openstates.org/va/bills/2026/HB154/
os-695fedac-08c8-4a6a-b9c3-92216c531359,bill,Virginia,SB 141,"Political campaign advertisements; synthetic media, penalty.",did not pass,Failed to Pass from conference,2026-01-06,https://lis.virginia.gov/bill-details/20261/SB141,deepfakes,,,https://openstates.org/va/bills/2026/SB141/
os-242789dc-0250-4f9a-b642-6b22e536da34,bill,Indiana,HB 1333,Land use and development.,not passed,First reading: referred to Committee on Utilities,2026-01-06,https://iga.in.gov/legislative/2026/bills/house/1333,,data-center-limits,,https://openstates.org/in/bills/2026/HB1333/
os-8f3769e1-597f-4d5f-9dda-cb4253dc6d10,bill,Virginia,SB 130,"Data centers; site assessment, definition of high energy use facility.",not passed,Incorporated by Finance and Appropriations (SB94-Roem)  (13-Y 2-N),2026-01-06,https://lis.virginia.gov/bill-details/20261/SB130,,data-center-limits,,https://openstates.org/va/bills/2026/SB130/
os-556ac795-03c7-4992-849a-5136d718dcc9,bill,New York,A 9449,Relates to transparency and safety requirements for developers of artificial intelligence models,not passed,SUBSTITUTED BY S8828,2026-01-06,https://nyassembly.gov/leg/?bn=A09449&term=2025,,new-agency-powers,,https://openstates.org/ny/bills/2025-2026/A9449/
os-c12ccbc5-1546-4e89-ba04-7288b1cd26ee,bill,Virginia,HB 153,"Data centers; site assessment, sound profile of the high energy use facility.",passed,Acts of Assembly Chapter text (CHAP0567),2026-01-06,https://lis.virginia.gov/bill-details/20261/HB153,,data-center-limits,,https://openstates.org/va/bills/2026/HB153/
os-3dba95ba-ff1b-45fa-9994-3c0f02104af9,bill,Florida,SB 1194,Artificial Intelligence in Education,did not pass,Died in Education Pre-K - 12,2026-01-06,https://flsenate.gov/Session/Bill/2026/1194/ByCategory,,,,https://openstates.org/fl/bills/2026/SB1194/
os-7629bb19-fc7c-4534-b7d1-73cf3192c4a6,bill,Vermont,S 205,An act relating to a temporary moratorium on AI data centers and a report on the construction and operation of AI data centers in Vermont,not passed,Read 1st time & referred to Committee on Finance,2026-01-06,http://legislature.vermont.gov/bill/status/2026/S.205,,data-center-limits,,https://openstates.org/vt/bills/2025-2026/S205/
os-d87e85db-bd84-473a-a251-2936962215a3,bill,Arizona,HB 2133,sexual material; consent; synthetic depiction,vetoed,Vetoed by Governor,2026-01-06,https://apps.azleg.gov/BillStatus/BillOverview/83779?SessionId=130,,,,https://openstates.org/az/bills/57th-2nd-regular/HB2133/
os-d98b3fa7-894e-4904-83b9-e7ec68e44fc6,bill,Washington,SB 5984,Concerning regulation of artificial intelligence companion chatbots.,not passed,"By resolution, returned to Senate Rules Committee for third reading.",2026-01-06,https://app.leg.wa.gov/billsummary/?BillNumber=5984&Year=2025&Initiative=false,,,,https://openstates.org/wa/bills/2025-2026/SB5984/
os-c1eb5d9d-9a09-40a0-9ff8-f0c7b780668e,bill,Kentucky,HB 33,AN ACT relating to data privacy.,not passed,to Small Business & Information Technology (H),2026-01-06,https://apps.legislature.ky.gov/record/26RS/hb33.html,algorithmic-pricing,use-restrictions,,https://openstates.org/ky/bills/2026RS/HB33/
os-c59ac9b6-602b-48fa-8f85-12a743ad9298,bill,Florida,SB 1258,Delivery of Commercial Goods by Autonomous Vehicles,did not pass,Died in Transportation,2026-01-06,https://flsenate.gov/Session/Bill/2026/1258/ByCategory,job-loss,,,https://openstates.org/fl/bills/2026/SB1258/
os-5363dcdb-f58e-4979-be24-a050dccee74b,bill,Indiana,HB 1189,Labor requirements for data center incentives.,not passed,First reading: referred to Committee on Ways and Means,2026-01-05,https://iga.in.gov/legislative/2026/bills/house/1189,,,,https://openstates.org/in/bills/2026/HB1189/
os-537097ba-1360-4852-8787-4663d9d9622f,bill,Tennessee,HB 1468,"Consumer Protection - As introduced, prohibits an entity from setting the price of a specific good or service using personalized algorithmic pricing; designates a violation as an unfair or deceptive act or practice affecting trade or commerce in violation of the Tennessee Consumer Protection Act of 1977. - Amends TCA Title 29; Title 45; Title 47 and Title 66.",not passed,Sponsor(s) Added.,2026-01-05,https://wapp.capitol.tn.gov/apps/BillInfo/Default?BillNumber=HB1468&ga=114,algorithmic-pricing,use-restrictions,,https://openstates.org/tn/bills/114/HB1468/
os-554d7929-a14b-4bc9-97cf-0fa38fa0373b,bill,Indiana,HB 1201,Various mental health and insurance matters.,not passed,Representative Goss-Reaves added as coauthor,2026-01-05,https://iga.in.gov/legislative/2026/bills/house/1201,ai-therapists,use-restrictions,,https://openstates.org/in/bills/2026/HB1201/
os-29c23887-5399-4bbd-8766-c1840d793296,bill,New Mexico,HB 28,ARTIFICIAL INTELLIGENCE TRANSPARENCY ACT,did not pass,action postponed indefinitely,2026-01-05,https://www.nmlegis.gov/Legislation/Legislation?chamber=H&legType=B&legNo=28&year=26,,,,https://openstates.org/nm/bills/2026/HB28/
os-cf59bf17-35c7-4bbe-bf74-bd178a644824,bill,Indiana,HB 1245,IURC study of data centers.,not passed,"First reading: referred to Committee on Utilities, Energy and Telecommunications",2026-01-05,https://iga.in.gov/legislative/2026/bills/house/1245,,,,https://openstates.org/in/bills/2026/HB1245/
os-79af4726-57e1-447d-b19c-72395ad37e81,bill,California,SB 867,Toys: companion chatbots.,passed,"Chaptered by Secretary of State. Chapter 189, Statutes of 2026.",2026-01-05,http://leginfo.legislature.ca.gov/faces/billNavClient.xhtml?bill_id=202520260SB867,,,,https://openstates.org/ca/bills/20252026/SB867/
os-f76514da-cdb7-45f6-960b-0dbc54d92ad4,bill,Florida,HB 1007,Data Centers,not passed,"Laid on Table; Companion bill(s) passed, see CS/CS/SB 484 (Ch. 2026-65)",2026-01-05,https://flsenate.gov/Session/Bill/2026/1007/ByCategory,power-bills,data-center-limits,Florida Public Service Commission,https://openstates.org/fl/bills/2026/HB1007/
os-9ce84d9c-0823-41f9-b3ff-aa66e7ef552e,bill,Tennessee,HB 1470,"Health Care - As enacted, prohibits a person from developing or deploying an artificial intelligence system that advertises or represents to the public that such system is or is able to act as a qualified mental health professional.  - Amends TCA Title 33; Title 47 and Title 63.",not passed,Comp. became Pub. Ch. 647,2026-01-05,https://wapp.capitol.tn.gov/apps/BillInfo/Default?BillNumber=HB1470&ga=114,ai-therapists,use-restrictions,,https://openstates.org/tn/bills/114/HB1470/
os-8945f552-e3ad-45f7-8fff-90e51135ce2d,bill,New Mexico,HB 22,DISTRIBUTION OF SENSITIVE AND DEEPFAKE IMAGES,did not pass,action postponed indefinitely,2026-01-02,https://www.nmlegis.gov/Legislation/Legislation?chamber=H&legType=B&legNo=22&year=26,deepfakes,,,https://openstates.org/nm/bills/2026/HB22/
os-a99718e6-c2bd-4382-93cb-53e4ed958eb5,bill,Arizona,HB 2119,computer data center; application; deadline,not passed,W/D,2026-01-02,https://apps.azleg.gov/BillStatus/BillOverview/83749?SessionId=130,,,,https://openstates.org/az/bills/57th-2nd-regular/HB2119/
os-67ad55d9-d008-4a75-b5ab-48b43bf22eec,bill,Virginia,SB 93,Data centers; taxes on banks that are tenants of a center.,not passed,Continued from last session,2025-12-31,https://lis.virginia.gov/bill-details/20271/SB93,,,,https://openstates.org/va/bills/2027/SB93/
os-a74f04e6-e400-4350-b63a-ab3601554d92,bill,Virginia,SB 94,"Data centers; site assessment, sound profile of the high energy use facility.",passed,Acts of Assembly Chapter text (CHAP0568),2025-12-31,https://lis.virginia.gov/bill-details/20261/SB94,,data-center-limits,,https://openstates.org/va/bills/2026/SB94/
os-63280283-ef10-4d6f-abd9-5c84e96ccffe,bill,Washington,SB 5956,"Addressing artificial intelligence, student discipline, and surveillance in public schools.",not passed,"By resolution, returned to Senate Rules Committee for third reading.",2025-12-31,https://app.leg.wa.gov/billsummary/?BillNumber=5956&Year=2025&Initiative=false,,,,https://openstates.org/wa/bills/2025-2026/SB5956/
os-4456facf-7dc2-448a-bccd-76642cb87afb,bill,Washington,HB 2225,Concerning regulation of artificial intelligence companion chatbots.,passed,Effective date 1/1/2027.,2025-12-31,https://app.leg.wa.gov/billsummary/?BillNumber=2225&Year=2025&Initiative=false,ai-companions; kids-chatbots,labeling-mandates; use-restrictions,,https://openstates.org/wa/bills/2025-2026/HB2225/
os-1f593f65-bf81-4073-b0c7-ae40f96f7909,bill,Missouri,SB 1474,Creates provisions relating to artificial intelligence,not passed,Second Read and Referred S General Laws Committee,2025-12-29,https://www.senate.mo.gov/BillTracking/Bills/BillInformation?year=2026&billid=52370,,mandatory-reporting,,https://openstates.org/mo/bills/2026/SB1474/
os-1e4b5286-755d-4c0f-bbc1-3377a15d8efe,bill,Massachusetts,H 4832,An Act relative to the contracting of digital replicas,not passed,Read second and ordered to a third reading,2025-12-24,https://malegislature.gov/Bills/194/H4832,,,,https://openstates.org/ma/bills/194th/H4832/
os-5dc0096d-b85f-47e3-9b68-395187bce536,bill,Florida,HB 899,Task Force on Artificial Intelligence in Public Postsecondary Education,did not pass,Died in Education Administration Subcommittee,2025-12-23,https://flsenate.gov/Session/Bill/2026/899/ByCategory,,,,https://openstates.org/fl/bills/2026/HB899/
os-669619d5-5e32-4ab8-b393-ca3af09d0066,bill,Utah,HB 76,Data Center Water Transparency Amendments,passed,Governor Signed,2025-12-23,https://le.utah.gov/~2026/bills/static/HB0076.html,power-bills,mandatory-reporting; new-agency-powers,Utah Division of Water Rights; Utah State Engineer,https://openstates.org/ut/bills/2026/HB76/
os-1f9bdf4d-8724-443e-afb5-779cd2e136c7,bill,Florida,SB 482,Artificial Intelligence Bill of Rights,did not pass,Died in Messages,2025-12-22,https://flsenate.gov/Session/Bill/2026/482/ByCategory,kids-chatbots,labeling-mandates,,https://openstates.org/fl/bills/2026/SB482/
os-6d6e2503-d80b-4593-b092-fb89b83504ce,bill,Missouri,SB 1455,Creates provisions relating to artificial intelligence chatbots,not passed,Second Read and Referred S General Laws Committee,2025-12-19,https://www.senate.mo.gov/BillTracking/Bills/BillInformation?year=2026&billid=27964,ai-therapists; kids-chatbots,id-age-checks; labeling-mandates; use-restrictions,Missouri Attorney General,https://openstates.org/mo/bills/2026/SB1455/
os-cb162e06-1ce6-43eb-ae29-1e99ce77cd85,bill,Michigan,HB 5399,Public employees and officers: other; local officials signing nondisclosure agreements related to the construction of data centers; prohibit. Creates new act.,not passed,bill electronically reproduced 12/18/2025,2025-12-18,https://legislature.mi.gov/Bills/Bill?ObjectName=2025-HB-5399,,,,https://openstates.org/mi/bills/2025-2026/HB5399/
os-a7b7c376-eeb5-4420-923d-e696ca196a06,bill,Missouri,HB 2529,Modifies certain provisions to include artificially generated visual depictions of a minor,not passed,Referred: Emerging Issues(H),2025-12-18,https://www.house.mo.gov/BillContent.aspx?bill=HB2529&year=2026&code=R&style=new,deepfakes,,,https://openstates.org/mo/bills/2026/HB2529/
os-b8e92fde-5cd2-4733-9126-065b1991fc45,bill,Michigan,SB 762,Energy: other; energy and water usage report requirements for data centers; provide for. Amends sec. 5a of 1939 PA 3 (MCL 460.5a).,not passed,SENATE CO-SPONSOR(S) NAMED: SEAN MCCANN,2025-12-18,https://legislature.mi.gov/Bills/Bill?ObjectName=2025-SB-0762,,mandatory-reporting,,https://openstates.org/mi/bills/2025-2026/SB762/
us-119-hr-6909,bill,Congress,H.R. 6909,China AI Threat Assessment Act,not passed,Referred to the House Permanent Select Committee on Intelligence.,2025-12-18,https://www.congress.gov/bill/119th-congress/house-bill/6909,,,,https://www.congress.gov/bill/119th-congress/house-bill/6909
os-d0ec3dd4-ed98-44e7-8237-5bc478ef867e,bill,Tennessee,SB 1493,"Computers and Electronic Processing - As enacted, requires TACIR to study artificial intelligence and submit a report to the governor and both speakers by January 31, 2027. - Amends TCA Title 29; Title 33; Title 39 and Title 47.",not passed,Pub. Ch. 1066,2025-12-18,https://wapp.capitol.tn.gov/apps/BillInfo/Default?BillNumber=SB1493&ga=114,,,,https://openstates.org/tn/bills/114/SB1493/
us-119-hr-6875,bill,Congress,H.R. 6875,AI OVERWATCH Act,not passed,Ordered to be Reported in the Nature of a Substitute by the Yeas and Nays: 42 - 2.,2025-12-18,https://www.congress.gov/bill/119th-congress/house-bill/6875,,,,https://www.congress.gov/bill/119th-congress/house-bill/6875
us-119-hres-963,resolution,Congress,H.Res. 963,"Condemning antisemitism in all its forms, including the proliferation and amplification of antisemitic content on artificial intelligence (AI) platforms, urging robust, transparent safeguards for AI, and recognizing stakeholders working to counter this threat.",not passed,"Referred to the Committee on the Judiciary, and in addition to the Committee on Energy and Commerce, for a period to be subsequently determined by the Speaker, in each case for consideration of such provisions as fall within the jurisdiction of the committee concerned.",2025-12-18,https://www.congress.gov/bill/119th-congress/house-resolution/963,,,,https://www.congress.gov/bill/119th-congress/house-resolution/963
os-f25b028d-9bf6-4663-96a8-8ca2d822976b,bill,New Hampshire,HB 1725,relative to the regulation of artificial intelligence technologies.,not passed,,2025-12-18,https://gc.nh.gov/bill_Status/billinfo.aspx?id=2021&inflect=2,,,,https://openstates.org/nh/bills/2026/HB1725/
os-38fc3532-adf9-469b-aab5-744f8b0a634c,bill,Michigan,HB 5397,Use tax: exemptions; data center exemption; eliminate. Amends sec. 21 of 1937 PA 94 (MCL 205.111) & repeals sec. 4cc of 1937 PA 94 (MCL 205.94cc).,not passed,bill electronically reproduced 12/17/2025,2025-12-17,https://legislature.mi.gov/Bills/Bill?ObjectName=2025-HB-5397,,,,https://openstates.org/mi/bills/2025-2026/HB5397/
os-07fb852e-bfcf-45fb-8e77-56693528ba7a,bill,Michigan,HB 5398,"Property tax: exemptions; general property tax act; reflect repeal of data center tax exemptions. Amends sec. 7ff of 1893 PA 206 (MCL 211.7ff).   TIE BAR WITH: HB 5396'25,  HB 5397'25",not passed,bill electronically reproduced 12/17/2025,2025-12-17,https://legislature.mi.gov/Bills/Bill?ObjectName=2025-HB-5398,,,,https://openstates.org/mi/bills/2025-2026/HB5398/
os-c75ad88d-514c-42a9-b46f-25ba3fdbf645,bill,Michigan,HB 5396,Sales tax: exemptions; data center exemption; eliminate. Amends sec. 25 of 1933 PA 167 (MCL 205.75) & repeals sec. 4ee of 1933 PA 167 (MCL 205.54ee).,not passed,bill electronically reproduced 12/17/2025,2025-12-17,https://legislature.mi.gov/Bills/Bill?ObjectName=2025-HB-5396,,,,https://openstates.org/mi/bills/2025-2026/HB5396/
os-91bae58b-a8aa-4e8f-847d-bffa6304c58a,bill,Illinois,HB 4248,ALGORITHMIC PRICE TRANSPARENCY,not passed,Rule 19(b) / Re-referred to Rules Committee,2025-12-17,https://ilga.gov/Legislation/BillStatus?DocNum=4248&GAID=18&DocTypeID=HB&LegId=164720&SessionID=114,,,,https://openstates.org/il/bills/104th/HB4248/
os-e4f4e322-3037-42ed-8f27-2c06107112e9,resolution,Ohio,SCR 14,Urge Congress to reject moratorium on state regulation of AI,not passed,Referred to committee,2025-12-17,https://www.legislature.ohio.gov/legislation/136/scr14,,,,https://openstates.org/oh/bills/136/SCR14/
us-119-s-3557,bill,Congress,S. 3557,States' Right to Regulate AI Act,not passed,"Read twice and referred to the Committee on Commerce, Science, and Transportation.",2025-12-17,https://www.congress.gov/bill/119th-congress/senate-bill/3557,,,,https://www.congress.gov/bill/119th-congress/senate-bill/3557
os-39308a57-aef0-472b-9d1a-2be5dd61e1e5,bill,Michigan,SB 760,Trade: business regulation; availability of companion chatbots to minors; prohibit. Creates new act.,not passed,referred to Committee on Communications and Technology,2025-12-17,https://legislature.mi.gov/Bills/Bill?ObjectName=2025-SB-0760,kids-chatbots,use-restrictions,,https://openstates.org/mi/bills/2025-2026/SB760/
os-21ec6171-904f-413e-95a3-b1ea41313c65,bill,South Carolina,H 4582,Artificial Intelligence Electives,not passed,Referred to Committee on Education and Public Works,2025-12-16,https://www.scstatehouse.gov/billsearch.php?billnumbers=4582&session=126&summary=B,,,,https://openstates.org/sc/bills/2025-2026/H4582/
os-5141394f-634b-4b3f-8743-e80fe7a9580c,bill,Tennessee,HB 1461,"Computers and Electronic Processing - As introduced, requires high performance computing (HPC) facility operators to devote 50 percent of the computing and data processing output of the facility for a public benefit; requires HPC facility operators to produce an annual report of the facility's energy consumption and carbon footprint; requires such operators to conduct an annual internal compliance audit and submit to an audit upon request by certain governmental entities. - Amends TCA Title 4; Title 8 and Title 68.",did not pass,Failed in s/c  Agriculture and Natural Resources Subcommittee of Agriculture & Natural Resources Committee,2025-12-16,https://wapp.capitol.tn.gov/apps/BillInfo/Default?BillNumber=HB1461&ga=114,power-bills,data-center-limits; mandatory-reporting,,https://openstates.org/tn/bills/114/HB1461/
os-659fc8e6-434d-45d7-85c1-e0cf767726d5,bill,South Carolina,H 4583,The South Carolina Data Center Responsibility Act,not passed,Member(s) request name added as sponsor: Atkinson,2025-12-16,https://www.scstatehouse.gov/billsearch.php?billnumbers=4583&session=126&summary=B,,,,https://openstates.org/sc/bills/2025-2026/H4583/
os-b33b44df-8270-4412-8868-47e6b4c2ea25,bill,South Carolina,H 4675,Video Surveillance,not passed,Referred to Committee on Judiciary,2025-12-16,https://www.scstatehouse.gov/billsearch.php?billnumbers=4675&session=126&summary=B,surveillance,,,https://openstates.org/sc/bills/2025-2026/H4675/
os-20b55adb-6671-49dd-8a91-6af09e75bf8d,bill,South Carolina,H 4657,Right to Compute Act,not passed,"Referred to Committee on Labor, Commerce and Industry",2025-12-16,https://www.scstatehouse.gov/billsearch.php?billnumbers=4657&session=126&summary=B,,,,https://openstates.org/sc/bills/2025-2026/H4657/
us-119-s-3495,bill,Congress,S. 3495,Artificial Intelligence Scam Prevention Act,not passed,"Read twice and referred to the Committee on Commerce, Science, and Transportation.",2025-12-16,https://www.congress.gov/bill/119th-congress/senate-bill/3495,,,,https://www.congress.gov/bill/119th-congress/senate-bill/3495
os-c2570eb3-f466-4b0d-a55d-507b62984878,bill,Missouri,SB 1444,Creates provisions relating to artificial intelligence in mental health,not passed,SCS Voted Do Pass S General Laws Committee (5255S.04C),2025-12-16,https://www.senate.mo.gov/BillTracking/Bills/BillInformation?year=2026&billid=19771,ai-therapists,use-restrictions,Missouri Attorney General,https://openstates.org/mo/bills/2026/SB1444/
os-71dbf651-ff8a-4e07-b3d2-596fbab14a99,bill,Washington,HB 2157,"Regulating high-risk artificial intelligence system development, deployment, and use.",not passed,"House Rules ""X"" file.",2025-12-16,https://app.leg.wa.gov/billsummary/?BillNumber=2157&Year=2025&Initiative=false,,,,https://openstates.org/wa/bills/2025-2026/HB2157/
fr-2025-23092,order,Executive Office of the President,Executive Order 14365,Ensuring a National Policy Framework for Artificial Intelligence,signed,Executive Order 14365,2025-12-16,https://www.federalregister.gov/documents/2025/12/16/2025-23092/ensuring-a-national-policy-framework-for-artificial-intelligence,china-race,,,https://www.federalregister.gov/documents/2025/12/16/2025-23092/ensuring-a-national-policy-framework-for-artificial-intelligence
os-a69b1022-525f-4249-ac2c-b9993cc10816,bill,New Jersey,S 5003,Prohibits agreements intended to conceal certain information concerning the development of data centers under MLUL.,not passed,"Introduced in the Senate, Referred to Senate Community and Urban Affairs Committee",2025-12-15,https://www.njleg.state.nj.us/bill-search/2024/S5003,,,,https://openstates.org/nj/bills/221/S5003/
os-43bf5441-aa57-4b3f-a0f0-442a69601c4c,bill,Iowa,5522DP,"Campaign Material, Synthetic Media Disclosure (5522DP) - Ethics and Campaign Disclosure Board",not passed,,2025-12-12,https://www.legis.iowa.gov/docs/publications/BP/1557046.pdf,,,,https://openstates.org/ia/bills/2025-2026/5522DP/
os-d77d761b-5d48-4459-a26c-6e737562475f,bill,Pennsylvania,HB 2100,An Act providing for the use of mental health chatbots and artificial intelligence by mental health therapists; imposing duties on the Bureau of Professional and Occupational Affairs; and imposing a penalty.,not passed,Referred to Professional Licensure,2025-12-12,https://www.palegis.us/legislation/bills/2025/hb2100,,new-agency-powers,Pennsylvania Bureau of Professional and Occupational Affairs,https://openstates.org/pa/bills/2025-2026/HB2100/
os-593e47b9-c954-4539-b016-93aa82ab771d,bill,Massachusetts,HD 5404,An Act relative to the cost of electricity at large and qualified data centers,not passed,Referred to the committee on House Rules,2025-12-11,https://malegislature.gov/Bills/194/HD5404,power-bills,,,https://openstates.org/ma/bills/194th/HD5404/
os-dbc16b69-314c-4ca8-abe7-e9441563249a,bill,New Jersey,A 6246,"Establishes ""Authentic Relationships Act""; prohibits artificial intelligence relationship simulation.",not passed,"Introduced in the Assembly, Referred to Assembly Science, Innovation and Technology Committee",2025-12-11,https://www.njleg.state.nj.us/bill-search/2024/A6246,ai-companions,use-restrictions,,https://openstates.org/nj/bills/221/A6246/
os-055867ba-ca72-4df6-b640-1bc3f29e34e1,bill,Ohio,HB 628,License artificial intelligence risk mitigation organizations,not passed,Referred to committee,2025-12-11,https://www.legislature.ohio.gov/legislation/136/hb628,,new-agency-powers,,https://openstates.org/oh/bills/136/HB628/
os-4a5b1901-26e1-46d8-8be9-a229663683e5,bill,Tennessee,HB 1455,"Computers and Electronic Processing - As enacted, requires TACIR to study artificial intelligence and submit a report to the governor and both speakers by January 31, 2027. - Amends TCA Title 29; Title 33; Title 39 and Title 47.",not passed,Comp. became Pub. Ch. 1066,2025-12-11,https://wapp.capitol.tn.gov/apps/BillInfo/Default?BillNumber=HB1455&ga=114,,,,https://openstates.org/tn/bills/114/HB1455/
os-b7052e0c-7bf4-4b4c-9903-9ef58a3a7d2d,bill,Missouri,HB 2368,Creates provisions relating to artificial intelligence in mental health,not passed,HCS Reported Do Pass (H) - AYES: 14 NOES: 0 PRESENT: 0,2025-12-11,https://www.house.mo.gov/BillContent.aspx?bill=HB2368&year=2026&code=R&style=new,,,,https://openstates.org/mo/bills/2026/HB2368/
os-8c907e53-bb4c-430f-83fa-afb71d4396fb,bill,Washington,SB 5870,Establishing civil liability for suicide linked to the use of artificial intelligence systems.,not passed,"First reading, referred to Environment, Energy & Technology.",2025-12-11,https://app.leg.wa.gov/billsummary/?BillNumber=5870&Year=2025&Initiative=false,,,,https://openstates.org/wa/bills/2025-2026/SB5870/
os-6970df49-5c3b-42b8-8294-4cd554a95f06,bill,New Hampshire,HB 1612,"relative to the use of price-fixing websites, algorithms, or other software by landlords.",not passed,,2025-12-11,https://gc.nh.gov/bill_Status/billinfo.aspx?id=1814&inflect=2,algorithmic-pricing,use-restrictions,,https://openstates.org/nh/bills/2026/HB1612/
os-a91af89f-5304-4759-9ae4-c046232b956e,bill,New Hampshire,HB 1506,creating an exception to the restricted uses of artificial intelligence by state agencies.,not passed,,2025-12-11,https://gc.nh.gov/bill_Status/billinfo.aspx?id=1711&inflect=2,,,,https://openstates.org/nh/bills/2026/HB1506/
os-6110bce8-2a66-4ca7-b5c2-5c056eb947e3,bill,South Carolina,S 724,Commercial Data Center Water Usage Report,not passed,Referred to Committee on Judiciary,2025-12-10,https://www.scstatehouse.gov/billsearch.php?billnumbers=724&session=126&summary=B,,mandatory-reporting,South Carolina Department of Environmental Services,https://openstates.org/sc/bills/2025-2026/S724/
os-736c937c-64d1-4c6b-9a7d-5b668b7fd8b1,bill,New York,A 9297,Provides a host community benefit for customers in a host community where data centers are expanded or placed,not passed,DELIVERED TO SENATE,2025-12-10,https://nyassembly.gov/leg/?bn=A09297&term=2025,power-bills,,,https://openstates.org/ny/bills/2025-2026/A9297/
os-2a96a9e8-4466-4e7a-9e31-c53881263829,bill,Missouri,HB 2350,Modifies certain provisions to include artificially generated visual depictions of a minor,not passed,HCS Reported Do Pass (H) - AYES: 10 NOES: 0 PRESENT: 1,2025-12-10,https://www.house.mo.gov/BillContent.aspx?bill=HB2350&year=2026&code=R&style=new,deepfakes,,,https://openstates.org/mo/bills/2026/HB2350/
us-119-s-3410,bill,Congress,S. 3410,"A bill to establish Federal agency technology and artificial intelligence talent teams to improve competitive service hiring practices, and for other purposes.",not passed,Read twice and referred to the Committee on Homeland Security and Governmental Affairs.,2025-12-10,https://www.congress.gov/bill/119th-congress/senate-bill/3410,,,,https://www.congress.gov/bill/119th-congress/senate-bill/3410
os-2cb6722d-026d-405c-ba5a-c757b7f4c56b,bill,New York,A 9317,Regulates companion chatbots,not passed,REFERRED TO SCIENCE AND TECHNOLOGY,2025-12-10,https://nyassembly.gov/leg/?bn=A09317&term=2025,,labeling-mandates,,https://openstates.org/ny/bills/2025-2026/A9317/
us-119-hr-6573,bill,Congress,H.R. 6573,AI Talent Act,not passed,Referred to the House Committee on Oversight and Government Reform.,2025-12-10,https://www.congress.gov/bill/119th-congress/house-bill/6573,,,,https://www.congress.gov/bill/119th-congress/house-bill/6573
os-04d44571-3023-4e2c-b1cd-76d14621733c,bill,Missouri,HB 2318,Creates provisions relating to artificial intelligence in mental health,not passed,HCS Reported Do Pass (H) - AYES: 14 NOES: 0 PRESENT: 0,2025-12-10,https://www.house.mo.gov/BillContent.aspx?bill=HB2318&year=2026&code=R&style=new,,,,https://openstates.org/mo/bills/2026/HB2318/
us-119-hr-6530,bill,Congress,H.R. 6530,AI Training for National Security Act,not passed,Referred to the House Committee on Armed Services.,2025-12-09,https://www.congress.gov/bill/119th-congress/house-bill/6530,,,,https://www.congress.gov/bill/119th-congress/house-bill/6530
us-119-hr-6529,bill,Congress,H.R. 6529,Protecting Families from AI Data Center Energy Costs Act,not passed,Ordered to be Reported by the Yeas and Nays: 44 - 0.,2025-12-09,https://www.congress.gov/bill/119th-congress/house-bill/6529,power-bills,,,https://www.congress.gov/bill/119th-congress/house-bill/6529
os-2607067a-e0b5-4cbb-8af5-d27f8f582d7c,bill,New Hampshire,HB 1406,"relative to health carrier recordkeeping requirements in utilization review, including specifications regarding the use of artificial intelligence.",not passed,,2025-12-09,https://gc.nh.gov/bill_Status/billinfo.aspx?id=2183&inflect=2,,,,https://openstates.org/nh/bills/2026/HB1406/
os-f101c4ba-1f72-4257-bc6d-092d2230e864,bill,New Hampshire,HB 1265,prohibiting the construction of data centers in the state and establishing a committee to study the environmental impact of data centers.,not passed,,2025-12-09,https://gc.nh.gov/bill_Status/billinfo.aspx?id=1685&inflect=2,power-bills,data-center-limits,,https://openstates.org/nh/bills/2026/HB1265/
os-8e3c6642-29d2-4fc1-89fa-1429c4b6794e,bill,New Jersey,A 6237,Requires payment of prevailing wage for certain data center construction.,not passed,Substituted by S4928 (2R),2025-12-08,https://www.njleg.state.nj.us/bill-search/2024/A6237,,,,https://openstates.org/nj/bills/221/A6237/
os-7476acd0-7683-487d-9685-48309ebb2a5a,bill,New Jersey,A 6181,Prohibits agreements intended to conceal certain information concerning the development of data centers under MLUL.,not passed,"Introduced in the Assembly, Referred to Assembly Science, Innovation and Technology Committee",2025-12-08,https://www.njleg.state.nj.us/bill-search/2024/A6181,,,,https://openstates.org/nj/bills/221/A6181/
os-7976e697-6181-4cb8-86ff-0f684bba8ee5,bill,Indiana,SB 79,Data center development.,not passed,Senator Deery added as second author,2025-12-08,https://iga.in.gov/legislative/2026/bills/senate/79,,data-center-limits; mandatory-reporting,,https://openstates.org/in/bills/2026/SB79/
os-6c19e527-8b55-4597-9c7c-87bb9a2901eb,bill,Massachusetts,HD 5363,"An Act relative to social media, algorithm accountability, and transparency",not passed,Referred to the committee on House Rules,2025-12-08,https://malegislature.gov/Bills/194/HD5363,,,,https://openstates.org/ma/bills/194th/HD5363/
os-9334c0a9-78b6-496a-b669-c04dcac85454,bill,Missouri,HB 2239,Creates the Artificial Intelligence Data Center Environmental Accountability Act,not passed,Referred: Emerging Issues(H),2025-12-08,https://www.house.mo.gov/BillContent.aspx?bill=HB2239&year=2026&code=R&style=new,,,,https://openstates.org/mo/bills/2026/HB2239/
os-89d4b29e-ab46-496d-a9ed-b0aa2499beab,bill,Missouri,HB 2240,Establishes certain requirements relating to the operation of autonomous vehicles,not passed,Referred: Emerging Issues(H),2025-12-08,https://www.house.mo.gov/BillContent.aspx?bill=HB2240&year=2026&code=R&style=new,,,,https://openstates.org/mo/bills/2026/HB2240/
os-3770b852-3ade-4796-9467-57e81fcbfc16,bill,Missouri,HB 2208,Establishes provisions relating to autonomous vehicles,not passed,HCS Reported Do Pass (H) - AYES: 7 NOES: 4 PRESENT: 0,2025-12-05,https://www.house.mo.gov/BillContent.aspx?bill=HB2208&year=2026&code=R&style=new,,,,https://openstates.org/mo/bills/2026/HB2208/
us-119-s-3354,bill,Congress,S. 3354,QUIET Act,not passed,"Read twice and referred to the Committee on Commerce, Science, and Transportation.",2025-12-04,https://www.congress.gov/bill/119th-congress/senate-bill/3354,deepfakes,labeling-mandates,,https://www.congress.gov/bill/119th-congress/senate-bill/3354
os-c3838908-bd8b-4405-947e-10fb4457182a,bill,Florida,HB 659,Interactions with Artificial Intelligence,did not pass,Died in Industries & Professional Activities Subcommittee,2025-12-04,https://flsenate.gov/Session/Bill/2026/659/ByCategory,kids-chatbots,id-age-checks; labeling-mandates; mandatory-reporting,,https://openstates.org/fl/bills/2026/HB659/
us-119-hr-6461,bill,Congress,H.R. 6461,READ AI Models Act,not passed,Ordered to be Reported in the Nature of a Substitute (Amended) by the Yeas and Nays: 35 - 0.,2025-12-04,https://www.congress.gov/bill/119th-congress/house-bill/6461,,,,https://www.congress.gov/bill/119th-congress/house-bill/6461
us-119-s-3336,bill,Congress,S. 3336,Reliable Artificial Intelligence Research Act of 2025,not passed,Read twice and referred to the Committee on Homeland Security and Governmental Affairs.,2025-12-03,https://www.congress.gov/bill/119th-congress/senate-bill/3336,,,,https://www.congress.gov/bill/119th-congress/senate-bill/3336
os-bb8bd3a9-435c-4801-a002-d1d6a7dd15d0,bill,Pennsylvania,HB 2061,"An Act amending the act of March 4, 1971 (P.L.6, No.2), known as the Tax Reform Code of 1971, in computer data center equipment incentive program, further providing for application for certification and for eligibility requirements.",not passed,Referred to Finance,2025-12-03,https://www.palegis.us/legislation/bills/2025/hb2061,,,,https://openstates.org/pa/bills/2025-2026/HB2061/
os-4e89e730-8ed6-4b1e-b9b0-6bb7f7c58a5a,bill,Wisconsin,AB 722,Relating to: large energy customer fees; electric utility very large customer class; a renewable resource tariff; building requirements for data centers; water usage by large customers; required pay rate on large-scale data center projects; and granting rule-making authority. (FE),not passed,Representative Johnson added as a coauthor,2025-12-03,https://docs.legis.wisconsin.gov/2025/proposals/reg/asm/bill/ab722,power-bills,data-center-limits; new-agency-powers,,https://openstates.org/wi/bills/2025/AB722/
us-119-s-3339,bill,Congress,S. 3339,AI Workforce PREPARE Act,not passed,"Read twice and referred to the Committee on Health, Education, Labor, and Pensions.",2025-12-03,https://www.congress.gov/bill/119th-congress/senate-bill/3339,,,,https://www.congress.gov/bill/119th-congress/senate-bill/3339
us-119-hr-6402,bill,Congress,H.R. 6402,Ensuring Safe and Ethical AI Development Through SAFE AI Research Grants,not passed,"Referred to the House Committee on Science, Space, and Technology.",2025-12-03,https://www.congress.gov/bill/119th-congress/house-bill/6402,,,,https://www.congress.gov/bill/119th-congress/house-bill/6402
os-4767cb4b-f084-4809-b5be-c9e5f70bee03,bill,Indiana,HB 1043,Data center water regulation.,not passed,Representative Commons added as coauthor,2025-12-02,https://iga.in.gov/legislative/2026/bills/house/1043,,mandatory-reporting; new-agency-powers,,https://openstates.org/in/bills/2026/HB1043/
os-1b6cbbc8-2f88-422f-a98c-5d2591220eb4,bill,Wisconsin,SB 729,Relating to: large energy customer fees; electric utility very large customer class; a renewable resource tariff; building requirements for data centers; water usage by large customers; required pay rate on large-scale data center projects; and granting rule-making authority. (FE),not passed,Representative Johnson added as a cosponsor,2025-12-02,https://docs.legis.wisconsin.gov/2025/proposals/reg/sen/bill/sb729,power-bills,data-center-limits,,https://openstates.org/wi/bills/2025/SB729/
us-119-hr-6361,bill,Congress,H.R. 6361,Ban AI Denials in Medicare Act,not passed,"Referred to the Committee on Ways and Means, and in addition to the Committee on Energy and Commerce, for a period to be subsequently determined by the Speaker, in each case for consideration of such provisions as fall within the jurisdiction of the committee concerned.",2025-12-02,https://www.congress.gov/bill/119th-congress/house-bill/6361,ai-care-decisions,use-restrictions,,https://www.congress.gov/bill/119th-congress/house-bill/6361
os-8ac9b192-019b-4066-b120-c96753087477,bill,Missouri,SB 1395,Modifies provisions relating to the unauthorized practice of law as it relates to the use of artificial intelligence,not passed,Second Read and Referred S General Laws Committee,2025-12-02,https://www.senate.mo.gov/BillTracking/Bills/BillInformation?year=2026&billid=691,,use-restrictions,,https://openstates.org/mo/bills/2026/SB1395/
us-119-hr-6356,bill,Congress,H.R. 6356,Artificial Intelligence Civil Rights Act of 2025,not passed,"Referred to the Committee on Energy and Commerce, and in addition to the Committee on Oversight and Government Reform, for a period to be subsequently determined by the Speaker, in each case for consideration of such provisions as fall within the jurisdiction of the committee concerned.",2025-12-02,https://www.congress.gov/bill/119th-congress/house-bill/6356,,,,https://www.congress.gov/bill/119th-congress/house-bill/6356
us-119-s-3308,bill,Congress,S. 3308,Artificial Intelligence Civil Rights Act of 2025,not passed,"Read twice and referred to the Committee on Commerce, Science, and Transportation.",2025-12-02,https://www.congress.gov/bill/119th-congress/senate-bill/3308,,,,https://www.congress.gov/bill/119th-congress/senate-bill/3308
os-f256082e-1621-4bec-8d34-391d4527dec0,bill,New Jersey,S 4928,Requires payment of prevailing wage for certain data center construction.,not passed,Passed Senate (Passed Both Houses) (28-11),2025-12-01,https://www.njleg.state.nj.us/bill-search/2024/S4928,,,,https://openstates.org/nj/bills/221/S4928/
os-589cecdb-9880-46e6-b532-842d4aeaf28d,bill,Missouri,HB 1689,Modifies certain provisions to include artificially generated visual depictions of a minor,not passed,Referred: Emerging Issues(H),2025-12-01,https://www.house.mo.gov/BillContent.aspx?bill=HB1689&year=2026&code=R&style=new,deepfakes,,,https://openstates.org/mo/bills/2026/HB1689/
os-4b486418-e5d8-45ce-96c6-b68f176c0b8d,bill,Missouri,HB 1769,"Establishes the ""AI Non-Sentience and Responsibility Act""",not passed,HCS Reported Do Pass (H) - AYES: 10 NOES: 0 PRESENT: 0,2025-12-01,https://house.mo.gov/billactions.aspx?bill=HB1769&year=2026&code=R,,,,https://openstates.org/mo/bills/2026/HB1769/
os-7f7dbd46-72a5-4f37-b144-9bd45c2b38d2,bill,Missouri,HB 1747,Allows a person to bring a cause of action against another person or entity for damages for failing to state certain content is generated or modified using artificial intelligence,not passed,HCS Reported Do Pass (H) - AYES: 5 NOES: 3 PRESENT: 2,2025-12-01,https://www.house.mo.gov/BillContent.aspx?bill=HB1747&year=2026&code=R&style=new,,labeling-mandates,,https://openstates.org/mo/bills/2026/HB1747/
os-c84d3959-3c7f-468b-a121-4e6967fd4622,bill,Missouri,HB 1746,"Establishes the ""AI Nonsentience and Responsibility Act""",not passed,Reported Do Pass (H) - AYES: 9 NOES: 0 PRESENT: 0,2025-12-01,https://www.house.mo.gov/BillContent.aspx?bill=HB1746&year=2026&code=R&style=new,,,,https://openstates.org/mo/bills/2026/HB1746/
os-c12af59c-cc08-4774-abe3-0c90faf3496e,bill,Missouri,HB 1742,Establishes provisions relating to companion chatbots,not passed,Referred: Emerging Issues(H),2025-12-01,https://www.house.mo.gov/BillContent.aspx?bill=HB1742&year=2026&code=R&style=new,,,,https://openstates.org/mo/bills/2026/HB1742/
os-93ff29e2-7fe1-4556-aef6-87bc8c707088,bill,Missouri,HB 2032,Establishes age verification measures for companion chatbots,not passed,HCS Reported Do Pass (H) - AYES: 9 NOES: 3 PRESENT: 0,2025-12-01,https://www.house.mo.gov/BillContent.aspx?bill=HB2032&year=2026&code=R&style=new,kids-chatbots,id-age-checks,,https://openstates.org/mo/bills/2026/HB2032/
os-57c1a290-e672-422f-8774-f7f74cbcc64b,bill,Missouri,SB 1183,Creates provisions relating to synthetic media,not passed,Second Read and Referred S General Laws Committee,2025-12-01,https://www.senate.mo.gov/BillTracking/Bills/BillInformation?year=2026&billid=336,deepfakes,,,https://openstates.org/mo/bills/2026/SB1183/
os-2c49ae37-7d04-40b9-aaf6-e0f6c03f30e2,bill,Missouri,SB 859,Creates provisions relating to artificial intelligence,not passed,Hearing Conducted S General Laws Committee,2025-12-01,https://www.senate.mo.gov/BillTracking/Bills/BillInformation?year=2026&billid=378,,use-restrictions,,https://openstates.org/mo/bills/2026/SB859/
us-119-hr-6334,bill,Congress,H.R. 6334,Deepfake Liability Act,not passed,Referred to the House Committee on Energy and Commerce.,2025-12-01,https://www.congress.gov/bill/119th-congress/house-bill/6334,,,,https://www.congress.gov/bill/119th-congress/house-bill/6334
os-6052134c-09d5-4cf6-ad20-b3a7d97ac46f,bill,Missouri,SB 1324,Creates regulations of artificially generated online content using artificial intelligence,not passed,Voted Do Pass S General Laws Committee,2025-12-01,https://www.senate.mo.gov/BillTracking/Bills/BillInformation?year=2026&billid=307,deepfakes,labeling-mandates; new-agency-powers; use-restrictions,Missouri Attorney General; Missouri Department of Commerce and Insurance,https://openstates.org/mo/bills/2026/SB1324/
os-85b6f53f-c9d3-4e05-b9bc-2bdc9f09ec54,bill,Missouri,HB 2035,Establishes and modifies provisions relating to artificially generated material,not passed,Public Hearing Held (S),2025-12-01,https://www.house.mo.gov/BillContent.aspx?bill=HB2035&year=2026&code=R&style=new,,,,https://openstates.org/mo/bills/2026/HB2035/
os-9c538bb0-b896-40a7-b8cb-4089bb622018,bill,Missouri,HB 2069,Establishes provisions relating to autonomous vehicles,not passed,Voted Do Pass (S),2025-12-01,https://www.house.mo.gov/BillContent.aspx?bill=HB2069&year=2026&code=R&style=new,,,,https://openstates.org/mo/bills/2026/HB2069/
os-33709b50-b49d-4057-8f88-c3d9c23cf541,bill,Missouri,SB 1050,Creates new provisions governing autonomous vehicles,not passed,"Hearing Conducted S Transportation, Infrastructure and Public Safety Committee",2025-12-01,https://www.senate.mo.gov/BillTracking/Bills/BillInformation?year=2026&billid=277,,,Missouri Department of Transportation,https://openstates.org/mo/bills/2026/SB1050/
os-d26540d5-e1cc-48f8-8e24-1ea82f933f2a,bill,New Hampshire,SB 640,relative to the use of artificial intelligence to provide services requiring a professional license.,did not pass,Inexpedient to Legislate: MA VV 05/14/2026  HJ 13  P. 24,2025-11-25,https://gc.nh.gov/bill_Status/billinfo.aspx?id=1277&inflect=2,,,,https://openstates.org/nh/bills/2026/SB640/
us-119-hr-6304,bill,Congress,H.R. 6304,AI for America Act,not passed,"Referred to the Committee on Science, Space, and Technology, and in addition to the Committee on Energy and Commerce, for a period to be subsequently determined by the Speaker, in each case for consideration of such provisions as fall within the jurisdiction of the committee concerned.",2025-11-25,https://www.congress.gov/bill/119th-congress/house-bill/6304,,,,https://www.congress.gov/bill/119th-congress/house-bill/6304
us-119-hr-6306,bill,Congress,H.R. 6306,AI Fraud Deterrence Act,not passed,Referred to the House Committee on the Judiciary.,2025-11-25,https://www.congress.gov/bill/119th-congress/house-bill/6306,,,,https://www.congress.gov/bill/119th-congress/house-bill/6306
os-7d6b9c38-a3be-48b5-ab1d-a0f7a03934e6,bill,Florida,HB 527,Mandatory Human Reviews of Insurance Claim Denials,did not pass,Died in Rules,2025-11-24,https://flsenate.gov/Session/Bill/2026/527/ByCategory,ai-care-decisions,use-restrictions,,https://openstates.org/fl/bills/2026/HB527/
us-119-hr-6266,bill,Congress,H.R. 6266,Algorithm Accountability Act,not passed,Referred to the House Committee on Energy and Commerce.,2025-11-21,https://www.congress.gov/bill/119th-congress/house-bill/6266,,,,https://www.congress.gov/bill/119th-congress/house-bill/6266
os-81e7e5b1-f231-4b63-94ea-39d2385f0355,bill,New Hampshire,SB 439,relative to municipal data center zoning.,did not pass,"Died on Table, Session ended 08/19/2026  HJ 16",2025-11-21,https://gc.nh.gov/bill_Status/billinfo.aspx?id=1435&inflect=2,,,,https://openstates.org/nh/bills/2026/SB439/
os-95dbd4fa-f8e5-47b9-85d5-741ae8dc3029,bill,New York,A 9253,Relates to disclosure of the use of artificial intelligence by law enforcement agencies,not passed,PRINT NUMBER 9253A,2025-11-21,https://nyassembly.gov/leg/?bn=A09253&term=2025,,,,https://openstates.org/ny/bills/2025-2026/A9253/
us-119-hr-6275,bill,Congress,H.R. 6275,China AI Power Report Act,not passed,Ordered to be Reported (Amended) by the Yeas and Nays: 47 - 0.,2025-11-21,https://www.congress.gov/bill/119th-congress/house-bill/6275,,,,https://www.congress.gov/bill/119th-congress/house-bill/6275
us-119-hr-6253,bill,Congress,H.R. 6253,Algorithmic Transparency and Choice Act,not passed,Forwarded by Subcommittee to Full Committee by Voice Vote.,2025-11-21,https://www.congress.gov/bill/119th-congress/house-bill/6253,,,,https://www.congress.gov/bill/119th-congress/house-bill/6253
us-119-s-3269,bill,Congress,S. 3269,Liquid Cooling for AI Act of 2025,not passed,Committee on Energy and Natural Resources Subcommittee on Energy. Hearings held. With printed Hearing: S.Hrg. 119-366.,2025-11-20,https://www.congress.gov/bill/119th-congress/senate-bill/3269,,,,https://www.congress.gov/bill/119th-congress/senate-bill/3269
us-119-hr-6179,bill,Congress,H.R. 6179,Clean Cloud Act of 2025,not passed,Referred to the House Committee on Energy and Commerce.,2025-11-20,https://www.congress.gov/bill/119th-congress/house-bill/6179,power-bills,,Environmental Protection Agency,https://www.congress.gov/bill/119th-congress/house-bill/6179
us-119-s-3202,bill,Congress,S. 3202,Advanced Artificial Intelligence Security Readiness Act of 2025,not passed,Read twice and referred to the Select Committee on Intelligence.,2025-11-19,https://www.congress.gov/bill/119th-congress/senate-bill/3202,,,,https://www.congress.gov/bill/119th-congress/senate-bill/3202
us-119-hr-6159,bill,Congress,H.R. 6159,AI for ALL Act,not passed,"Referred to the House Committee on Science, Space, and Technology.",2025-11-19,https://www.congress.gov/bill/119th-congress/house-bill/6159,,,,https://www.congress.gov/bill/119th-congress/house-bill/6159
us-119-hr-6077,bill,Congress,H.R. 6077,HEAL-AI Act,not passed,Referred to the House Committee on Energy and Commerce.,2025-11-18,https://www.congress.gov/bill/119th-congress/house-bill/6077,,,,https://www.congress.gov/bill/119th-congress/house-bill/6077
us-119-s-3193,bill,Congress,S. 3193,Algorithm Accountability Act,not passed,"Read twice and referred to the Committee on Commerce, Science, and Transportation.",2025-11-18,https://www.congress.gov/bill/119th-congress/senate-bill/3193,,,,https://www.congress.gov/bill/119th-congress/senate-bill/3193
os-9744eeb1-d967-4ea7-89c6-e56acb7dc8f4,bill,District of Columbia,B 26-0491,Artificial Intelligence Literacy in Education Act of 2025,not passed,Referred to Committee of the Whole,2025-11-17,https://lims.dccouncil.gov/Legislation/B26-0491,,,,https://openstates.org/dc/bills/26/B26-0491/
os-89f68bca-691e-4d91-a23b-32b7057c7537,bill,New Jersey,A 6040,"Establishes surcharge for electric public utility service to certain data centers during certain periods; establishes ""Grid Modernization Fund"" in BPU.",not passed,"Introduced in the Assembly, Referred to Assembly Telecommunications and Utilities Committee",2025-11-17,https://www.njleg.state.nj.us/bill-search/2024/A6040,,,,https://openstates.org/nj/bills/221/A6040/
os-65acc160-f427-4e2d-9ef1-e98a876cfa4d,bill,New Jersey,A 6036,Directs DEP to establish artificial intelligence flood prediction and mapping tool.,not passed,"Introduced in the Assembly, Referred to Assembly Science, Innovation and Technology Committee",2025-11-17,https://www.njleg.state.nj.us/bill-search/2024/A6036,,,,https://openstates.org/nj/bills/221/A6036/
os-f3c66fba-34ab-4863-af08-8877204af881,bill,Pennsylvania,SB 1090,An Act providing for disclosures and safeguards relating to the use of artificial intelligence; and imposing duties on the Attorney General.,not passed,Referred to Communications & Technology,2025-11-14,https://www.palegis.us/legislation/bills/2025/sb1090,,new-agency-powers,,https://openstates.org/pa/bills/2025-2026/SB1090/
os-7fedda55-6d36-4f67-8bc7-43d17167d9d6,bill,New Jersey,S 4827,Requires data center owners and operators to submit semi-annual water and energy usage reports to BPU.,not passed,"Introduced in the Senate, Referred to Senate Environment and Energy Committee",2025-11-06,https://www.njleg.state.nj.us/bill-search/2024/S4827,,mandatory-reporting,,https://openstates.org/nj/bills/221/S4827/
os-2c01100e-067e-4504-9248-bb27dfb2f111,bill,New Jersey,S 4811,"Requires BPU, DCA, and DEP to establish expedited approval and permitting procedures for artificial intelligence data centers powered by small modular nuclear reactors.",not passed,"Introduced in the Senate, Referred to Senate Environment and Energy Committee",2025-11-06,https://www.njleg.state.nj.us/bill-search/2024/S4811,,,,https://openstates.org/nj/bills/221/S4811/
os-e3bfb2c4-d430-4500-9297-72e005d9ba7f,bill,Pennsylvania,HB 2006,An Act providing for safety regarding artificial intelligence in companionship applications; and imposing a penalty.,not passed,Re-committed to Appropriations,2025-11-06,https://www.palegis.us/legislation/bills/2025/hb2006,,,,https://openstates.org/pa/bills/2025-2026/HB2006/
us-119-s-3150,bill,Congress,S. 3150,GAIN AI Act of 2025,not passed,"Read twice and referred to the Committee on Banking, Housing, and Urban Affairs.",2025-11-06,https://www.congress.gov/bill/119th-congress/senate-bill/3150,,,,https://www.congress.gov/bill/119th-congress/senate-bill/3150
us-119-sres-490,resolution,Congress,S.Res. 490,A resolution affirming the critical importance of preserving the United States' advantage in artificial intelligence and ensuring that the United States achieves and maintains artificial intelligence dominance.,not passed,Referred to the Committee on Foreign Relations.,2025-11-06,https://www.congress.gov/bill/119th-congress/senate-resolution/490,china-race,,,https://www.congress.gov/bill/119th-congress/senate-resolution/490
us-119-s-3108,bill,Congress,S. 3108,AI-Related Job Impacts Clarity Act,not passed,"Read twice and referred to the Committee on Health, Education, Labor, and Pensions.",2025-11-05,https://www.congress.gov/bill/119th-congress/senate-bill/3108,job-loss,,,https://www.congress.gov/bill/119th-congress/senate-bill/3108
os-d5dbf7b2-de8c-4c63-be58-efaf9d3edd50,bill,Ohio,HB 579,Regulate the use of artificial intelligence by health insurers,not passed,Referred to committee,2025-11-05,https://www.legislature.ohio.gov/legislation/136/hb579,,,,https://openstates.org/oh/bills/136/HB579/
os-fcbcdfcc-d857-4ee1-90c9-a28efe4470cb,bill,Florida,SB 344,"Use of Artificial Intelligence in Psychological, Clinical, Counseling, and Therapy Services",did not pass,Died in Health Policy,2025-11-04,https://flsenate.gov/Session/Bill/2026/344/ByCategory,ai-therapists,use-restrictions,,https://openstates.org/fl/bills/2026/SB344/
os-f3f24804-6e52-4a7d-8ad2-bb8891b9deac,bill,New York,A 9219,Requires artificial intelligence technology used in professional fields to be developed and maintained in consultation with experts in such fields,not passed,REFERRED TO SCIENCE AND TECHNOLOGY,2025-11-03,https://nyassembly.gov/leg/?bn=A09219&term=2025,,,,https://openstates.org/ny/bills/2025-2026/A9219/
os-432c1391-33e7-4b8b-9b7c-ff401f664668,bill,New York,A 9190,Prohibits the use of most artificial intelligence in classrooms prior to high school,not passed,REFERRED TO EDUCATION,2025-11-03,https://nyassembly.gov/leg/?bn=A09190&term=2025,,use-restrictions,,https://openstates.org/ny/bills/2025-2026/A9190/
os-bb329377-e844-4278-9067-e752b22f2f49,bill,Maryland,HB 184,Criminal Law - Identity Fraud - Artificial Intelligence and Deepfake Representations,not passed,Hearing 2/03 at 1:00 p.m.,2025-11-01,http://mgaleg.maryland.gov/mgawebsite/Legislation/Details/hb0184?ys=2026RS,deepfakes,,,https://openstates.org/md/bills/2026/HB184/
us-119-hr-5885,bill,Congress,H.R. 5885,GAIN AI Act of 2025,not passed,Referred to the House Committee on Foreign Affairs.,2025-10-31,https://www.congress.gov/bill/119th-congress/house-bill/5885,,,,https://www.congress.gov/bill/119th-congress/house-bill/5885
us-119-s-3063,bill,Congress,S. 3063,LIFE with AI Act,not passed,"Read twice and referred to the Committee on Health, Education, Labor, and Pensions.",2025-10-28,https://www.congress.gov/bill/119th-congress/senate-bill/3063,,,,https://www.congress.gov/bill/119th-congress/senate-bill/3063
os-46e16a29-c9b9-430d-9490-8771ac3af31b,bill,Florida,HB 281,"Use of Artificial Intelligence in Psychological, Clinical, Counseling, and Therapy Services",did not pass,Died in Health Professions & Programs Subcommittee,2025-10-28,https://flsenate.gov/Session/Bill/2026/281/ByCategory,ai-therapists,use-restrictions,,https://openstates.org/fl/bills/2026/HB281/
us-119-hres-836,resolution,Congress,H.Res. 836,"Calling on the United States to champion a regional artificial intelligence strategy in the Americas to foster inclusive artificial intelligence systems that combat biases within marginalized groups and promote social justice, economic well-being, and democratic values.",not passed,"Referred to the Committee on Foreign Affairs, and in addition to the Committee on Science, Space, and Technology, for a period to be subsequently determined by the Speaker, in each case for consideration of such provisions as fall within the jurisdiction of the committee concerned.",2025-10-28,https://www.congress.gov/bill/119th-congress/house-resolution/836,bias,,,https://www.congress.gov/bill/119th-congress/house-resolution/836
os-0a4e834c-2cb0-4a8c-a174-7523adff07d6,bill,Maryland,HB 120,Moratorium on Construction of New Data Centers - Co-Location and Generation Contingency,not passed,Hearing 2/03 at 2:00 p.m.,2025-10-24,http://mgaleg.maryland.gov/mgawebsite/Legislation/Details/hb0120?ys=2026RS,,data-center-limits,,https://openstates.org/md/bills/2026/HB120/
os-4d73551f-e382-4d5e-9539-6709262b0f9f,bill,New York,S 8546,Establishes a grid modernization surcharge,not passed,REFERRED TO ENERGY AND TELECOMMUNICATIONS,2025-10-24,https://nyassembly.gov/leg/?bn=S08546&term=2025,power-bills,new-agency-powers,,https://openstates.org/ny/bills/2025-2026/S8546/
os-596a4668-6a08-4df4-83ae-edcd18cf0340,bill,Pennsylvania,HB 1993,An Act providing for the use of artificial intelligence in mental health therapy and for enforcement.,not passed,Referred to Professional Licensure,2025-10-24,https://www.palegis.us/legislation/bills/2025/hb1993,ai-therapists,,,https://openstates.org/pa/bills/2025-2026/HB1993/
os-9b3c34a0-ec30-42f0-8e16-d5ef97c2ae01,bill,Massachusetts,H 4640,An Act to implement the recommendations of the special commission on facial recognition technology,not passed,Bill reported favorably by committee and referred to the committee on House Ways and Means,2025-10-23,https://malegislature.gov/Bills/194/H4640,,,,https://openstates.org/ma/bills/194th/H4640/
os-bcd26c80-7030-40ff-a5d1-e515b69a295c,bill,New York,S 8540,"Establishes the ""accountability of costs for data centers act""",not passed,PRINT NUMBER 8540A,2025-10-22,https://nyassembly.gov/leg/?bn=S08540&term=2025,,,,https://openstates.org/ny/bills/2025-2026/S8540/
os-0a0e33a7-80d0-44ea-a949-116ad5880c81,bill,New York,S 8536,Prohibits electric corporations and gas corporations from increasing charges due to the building or operation of a data center,not passed,REFERRED TO ENERGY AND TELECOMMUNICATIONS,2025-10-20,https://nyassembly.gov/leg/?bn=S08536&term=2025,power-bills,,,https://openstates.org/ny/bills/2025-2026/S8536/
os-fa1b9d02-6a20-4058-9a41-d2f03fe4d1ee,bill,New Jersey,S 4702,Establishes autonomous vehicle pilot program.,not passed,Referred to Senate Budget and Appropriations Committee,2025-10-20,https://www.njleg.state.nj.us/bill-search/2024/S4702,,,,https://openstates.org/nj/bills/221/S4702/
os-3ed564db-7432-4705-ba5f-3c47dd7d84f2,bill,New York,A 9136,Requires new data centers to incorporate thermal energy networks,not passed,REFERRED TO ENERGY,2025-10-17,https://nyassembly.gov/leg/?bn=A09136&term=2025,,data-center-limits; mandatory-reporting,,https://openstates.org/ny/bills/2025-2026/A9136/
os-cd85d7cc-6b52-4318-9321-21952717b572,bill,New York,A 9185,Relates to falsely reporting an incident through the use of artificial intelligence,not passed,REFERRED TO CODES,2025-10-17,https://nyassembly.gov/leg/?bn=A09185&term=2025,,use-restrictions,,https://openstates.org/ny/bills/2025-2026/A9185/
us-119-hr-5784,bill,Congress,H.R. 5784,AI–WISE Act,not passed,Received in the Senate and Read twice and referred to the Committee on Small Business and Entrepreneurship.,2025-10-17,https://www.congress.gov/bill/119th-congress/house-bill/5784,,,,https://www.congress.gov/bill/119th-congress/house-bill/5784
us-119-hr-5764,bill,Congress,H.R. 5764,AI for Main Street Act,not passed,Received in the Senate and Read twice and referred to the Committee on Small Business and Entrepreneurship.,2025-10-17,https://www.congress.gov/bill/119th-congress/house-bill/5764,,,,https://www.congress.gov/bill/119th-congress/house-bill/5764
os-95437496-7e0e-4670-b047-2b03d2588412,bill,Massachusetts,S 2630,An Act  promoting economic development with emerging artificial intelligence models and safety,not passed,Bill reported favorably by committee and referred to the committee on Senate Ways and Means,2025-10-16,https://malegislature.gov/Bills/194/S2630,,,,https://openstates.org/ma/bills/194th/S2630/
os-fbdef8de-1552-4fd5-bf91-08c188ee08ff,bill,Massachusetts,S 2631,An Act  to protect against election misinformation,not passed,Bill reported favorably by committee and referred to the committee on Senate Ways and Means,2025-10-16,https://malegislature.gov/Bills/194/S2631,deepfakes,,,https://openstates.org/ma/bills/194th/S2631/
os-69280413-42f0-48b0-8282-24d307f6b8e9,bill,Massachusetts,S 2632,An Act relative to the use of artificial intelligence and other software tools in healthcare decision-making,not passed,Committee recommended ought to pass and referred to the committee on Senate Ways and Means,2025-10-16,https://malegislature.gov/Bills/194/S2632,,,,https://openstates.org/ma/bills/194th/S2632/
os-b9837b1c-6517-4c2a-9b08-54adf7d4bf45,bill,Ohio,HB 524,Impose penalties for AI models suggesting harming self or another,not passed,Referred to committee,2025-10-15,https://www.legislature.ohio.gov/legislation/136/hb524,,use-restrictions,,https://openstates.org/oh/bills/136/HB524/
os-553e9ae5-6acd-4e54-962f-edd08ad28824,bill,Ohio,HB 525,Regards use of artificial intelligence in therapy services,not passed,Referred to committee,2025-10-15,https://www.legislature.ohio.gov/legislation/136/hb525,ai-therapists,,,https://openstates.org/oh/bills/136/HB525/
os-1f273731-8d48-4082-a5f4-49509ca35892,bill,Florida,SB 202,Mandatory Human Reviews of Insurance Claim Denials,did not pass,Died in Banking and Insurance,2025-10-15,https://flsenate.gov/Session/Bill/2026/202/ByCategory,ai-care-decisions,use-restrictions,,https://openstates.org/fl/bills/2026/SB202/
us-119-s-2997,bill,Congress,S. 2997,Right to Override Act,not passed,"Read twice and referred to the Committee on Health, Education, Labor, and Pensions.",2025-10-09,https://www.congress.gov/bill/119th-congress/senate-bill/2997,,new-agency-powers,U.S. Department of Health and Human Services; U.S. Department of Labor,https://www.congress.gov/bill/119th-congress/senate-bill/2997
os-813621be-13cc-4235-afec-5dd4cdf06433,bill,Florida,SB 146,Use of Artificial Intelligence by State Agencies,did not pass,Died in Governmental Oversight and Accountability,2025-10-09,https://flsenate.gov/Session/Bill/2026/146/ByCategory,,,,https://openstates.org/fl/bills/2026/SB146/
fr-2025-19495,order,Executive Office of the President,Executive Order 14355,Unlocking Cures for Pediatric Cancer With Artificial Intelligence,signed,Executive Order 14355,2025-10-07,https://www.federalregister.gov/documents/2025/10/07/2025-19495/unlocking-cures-for-pediatric-cancer-with-artificial-intelligence,,,,https://www.federalregister.gov/documents/2025/10/07/2025-19495/unlocking-cures-for-pediatric-cancer-with-artificial-intelligence
os-825a53d6-05b6-42a5-ad1e-11c5afbcbced,bill,Pennsylvania,HB 1925,"An Act amending Titles 35 (Health and Safety), 40 (Insurance) and 67 (Public Welfare) of the Pennsylvania Consolidated Statutes, providing for artificial intelligence in facilities, for artificial intelligence use by insurers and for artificial intelligence use by MA or CHIP managed care plans; imposing duties on the Department of Health, the Insurance Department and the Department of Human Services; and imposing penalties.",not passed,Removed from table,2025-10-06,https://www.palegis.us/legislation/bills/2025/hb1925,,new-agency-powers,Pennsylvania Department of Health; Pennsylvania Department of Human Services; Pennsylvania Insurance Department,https://openstates.org/pa/bills/2025-2026/HB1925/
us-119-s-2937,bill,Congress,S. 2937,AI LEAD Act,not passed,Read twice and referred to the Committee on the Judiciary. (text: CR S6836-6838),2025-09-29,https://www.congress.gov/bill/119th-congress/senate-bill/2937,,,,https://www.congress.gov/bill/119th-congress/senate-bill/2937
os-6ffa2687-e112-4d80-9a1b-433312800aa9,resolution,Pennsylvania,HR 331,A Resolution recognizing the exclusive constitutional authority of the Pennsylvania Supreme Court to regulate the practice of law in this Commonwealth and urging the Court to adopt safeguards governing the use of artificial intelligence by attorneys and judges.,not passed,Referred to Judiciary,2025-09-29,https://www.palegis.us/legislation/bills/2025/hr331,,,,https://openstates.org/pa/bills/2025-2026/HR331/
us-119-s-2938,bill,Congress,S. 2938,Artificial Intelligence Risk Evaluation Act of 2025,not passed,"Read twice and referred to the Committee on Commerce, Science, and Transportation.",2025-09-29,https://www.congress.gov/bill/119th-congress/senate-bill/2938,,,,https://www.congress.gov/bill/119th-congress/senate-bill/2938
us-119-hr-5584,bill,Congress,H.R. 5584,LIFT AI Act,not passed,Ordered to be Reported (Amended) by the Yeas and Nays: 34 - 1.,2025-09-26,https://www.congress.gov/bill/119th-congress/house-bill/5584,,,,https://www.congress.gov/bill/119th-congress/house-bill/5584
os-282eebb1-68ae-4c3b-8997-9a18efd085de,bill,New York,A 9106,Regulates the use of artificial intelligence in the provision of therapy or psychotherapy services,not passed,REFERRED TO HIGHER EDUCATION,2025-09-26,https://nyassembly.gov/leg/?bn=A09106&term=2025,,labeling-mandates; use-restrictions,,https://openstates.org/ny/bills/2025-2026/A9106/
os-5253611f-9a61-41be-b685-896ae5a28e2b,bill,Ohio,HB 469,Declare A.I. systems nonsentient; prohibit legal personhood,not passed,Referred to committee,2025-09-23,https://www.legislature.ohio.gov/legislation/136/hb469,,,,https://openstates.org/oh/bills/136/HB469/
us-119-hr-5511,bill,Congress,H.R. 5511,Algorithmic Accountability Act of 2025,not passed,Referred to the House Committee on Energy and Commerce.,2025-09-19,https://www.congress.gov/bill/119th-congress/house-bill/5511,,,,https://www.congress.gov/bill/119th-congress/house-bill/5511
us-119-s-2912,bill,Congress,S. 2912,Deceptive Practices and Voter Intimidation Prevention Act of 2025,not passed,Read twice and referred to the Committee on the Judiciary.,2025-09-18,https://www.congress.gov/bill/119th-congress/senate-bill/2912,,,,https://www.congress.gov/bill/119th-congress/senate-bill/2912
os-e7c6e285-9b80-4a69-9ddb-811f7c3c05a4,bill,Puerto Rico,PS 731,"Para crear la “Ley de Subastas Públicas con Inteligencia Artificial y Transparencia
Gubernamental de Puerto Rico”; a los fines de centralizar la totalidad de las
compras, adquisiciones y subastas públicas bajo la Administración de Servicios
Generales de Puerto Rico (ASG), disponer la obligatoriedad de uso de la
plataforma JEDI en todas las agencias, departamentos, corporaciones públicas y
demás instrumentalidades del Gobierno de Puerto Rico; establecer la
incorporación de sistemas de inteligencia artificial y modelos de lenguaje de gran
tamaño (LLM) en los procesos de adquisición; crear un Registro Público de
Algoritmos; fijar los deberes de la ASG, de la Oficina de Innovación y Servicios de
Tecnología (PRITS) y de las agencias; establecer sanciones por incumplimiento; y
derogar disposiciones legales en conflicto.",not passed,Comisión no recomienda aprobación de la medida,2025-09-18,https://sutra.oslpr.org/medidas/158565,,,,https://openstates.org/pr/bills/2025-2028/PS731/
us-119-hr-5388,bill,Congress,H.R. 5388,American Artificial Intelligence Leadership and Uniformity Act,not passed,Referred to the Subcommittee on Oversight and Investigations.,2025-09-16,https://www.congress.gov/bill/119th-congress/house-bill/5388,,,,https://www.congress.gov/bill/119th-congress/house-bill/5388
us-119-hr-5351,bill,Congress,H.R. 5351,NSF AI Education Act of 2025,not passed,Ordered to be Reported in the Nature of a Substitute (Amended) by the Yeas and Nays: 33 - 0.,2025-09-15,https://www.congress.gov/bill/119th-congress/house-bill/5351,,,,https://www.congress.gov/bill/119th-congress/house-bill/5351
os-82aab4cb-8b1e-4686-98da-0f8d8218694c,bill,New York,A 9086,Relates to the regulation of energy consumption by data centers,not passed,PRINT NUMBER 9086B,2025-09-12,https://nyassembly.gov/leg/?bn=A09086&term=2025,,mandatory-reporting,,https://openstates.org/ny/bills/2025-2026/A9086/
os-7f8bab87-4e61-423b-bd8e-436040bf91ff,bill,New York,A 9091,Requires search engines inform users when showing information which was generated using artificial intelligence,not passed,HELD FOR CONSIDERATION IN CONSUMER AFFAIRS AND PROTECTION,2025-09-12,https://nyassembly.gov/leg/?bn=A09091&term=2025,,labeling-mandates,,https://openstates.org/ny/bills/2025-2026/A9091/
os-698daec1-7bbc-4b8f-a72b-4d5cbc635e7d,bill,New York,A 9097,"Requires disclosure of use of generative artificial intelligence to clients, criminal defendants, and the court",not passed,REFERRED TO JUDICIARY,2025-09-12,https://nyassembly.gov/leg/?bn=A09097&term=2025,,labeling-mandates,,https://openstates.org/ny/bills/2025-2026/A9097/
us-119-hr-5332,bill,Congress,H.R. 5332,Liquid Cooling for AI Act of 2025,not passed,"Referred to the Committee on Energy and Commerce, and in addition to the Committee on Science, Space, and Technology, for a period to be subsequently determined by the Speaker, in each case for consideration of such provisions as fall within the jurisdiction of the committee concerned.",2025-09-11,https://www.congress.gov/bill/119th-congress/house-bill/5332,,,,https://www.congress.gov/bill/119th-congress/house-bill/5332
us-119-hr-5288,bill,Congress,H.R. 5288,AI Sovereignty Act,not passed,"Referred to the Committee on Foreign Affairs, and in addition to the Committees on Energy and Commerce, and Science, Space, and Technology, for a period to be subsequently determined by the Speaker, in each case for consideration of such provisions as fall within the jurisdiction of the committee concerned.",2025-09-10,https://www.congress.gov/bill/119th-congress/house-bill/5288,,,,https://www.congress.gov/bill/119th-congress/house-bill/5288
us-119-hres-694,resolution,Congress,H.Res. 694,Expressing the sense of the House of Representatives that the Centers for Medicare & Medicaid Services should halt the pilot program and should not jeopardize seniors' access to critical health care by utilizing artificial intelligence to determine Medicare coverage.,not passed,"Referred to the Committee on Ways and Means, and in addition to the Committee on Energy and Commerce, for a period to be subsequently determined by the Speaker, in each case for consideration of such provisions as fall within the jurisdiction of the committee concerned.",2025-09-10,https://www.congress.gov/bill/119th-congress/house-resolution/694,ai-care-decisions,,,https://www.congress.gov/bill/119th-congress/house-resolution/694
us-119-hr-5272,bill,Congress,H.R. 5272,Protect Elections from Deceptive AI Act,not passed,Referred to the House Committee on House Administration.,2025-09-10,https://www.congress.gov/bill/119th-congress/house-bill/5272,deepfakes,,,https://www.congress.gov/bill/119th-congress/house-bill/5272
os-9a35e6c2-e49e-4718-b16d-d9c7ec564b79,bill,Pennsylvania,HB 1857,An Act requiring business entities to disclose the use of artificial intelligence in certain consumer interactions; establishing the right of consumers to human review in high-impact decisions; and providing for enforcement by Attorney General.,not passed,Referred to Communications & Technology,2025-09-10,https://www.palegis.us/legislation/bills/2025/hb1857,,labeling-mandates; new-agency-powers; use-restrictions,Pennsylvania Attorney General,https://openstates.org/pa/bills/2025-2026/HB1857/
us-119-hr-5227,bill,Congress,H.R. 5227,Unleashing Low-Cost Rural AI Act,not passed,"Referred to the House Committee on Science, Space, and Technology.",2025-09-09,https://www.congress.gov/bill/119th-congress/house-bill/5227,,,,https://www.congress.gov/bill/119th-congress/house-bill/5227
os-ddb65e97-307f-4256-8b35-f54c96cfa28d,bill,New York,A 9064,Prohibits electric corporations and gas corporations from increasing charges due to the building or operation of a data center,not passed,REFERRED TO ENERGY,2025-09-05,https://nyassembly.gov/leg/?bn=A09064&term=2025,power-bills,,,https://openstates.org/ny/bills/2025-2026/A9064/
os-5bffcbdb-3a24-40bc-bdf1-be858e2dd636,bill,New York,A 9039,"Establishes the ""accountability of costs for data centers act""",not passed,AMENDED ON THIRD READING 9039B,2025-09-05,https://nyassembly.gov/leg/?bn=A09039&term=2025,,,,https://openstates.org/ny/bills/2025-2026/A9039/
os-ca63bd07-1a38-4705-ac4f-61643c8001fe,bill,Pennsylvania,SB 991,An Act providing for a permitting process for data center siting; and imposing powers and duties on the Department of Environmental Protection.,not passed,Referred to Environmental Resources & Energy,2025-09-05,https://www.palegis.us/legislation/bills/2025/sb991,,data-center-limits; new-agency-powers,Pennsylvania Department of Environmental Protection,https://openstates.org/pa/bills/2025-2026/SB991/
os-db7c5544-efaa-4567-84f7-c23f5b40c5f0,bill,New York,A 9028,Relates to use of virtual agents and AI tools in property searches,not passed,REFERRED TO JUDICIARY,2025-09-05,https://nyassembly.gov/leg/?bn=A09028&term=2025,bias,mandatory-reporting,New York Attorney General,https://openstates.org/ny/bills/2025-2026/A9028/
os-6d10f576-107b-411d-a1f2-ec91477f3dc0,bill,Pennsylvania,HB 1834,"An Act providing for the regulation of commercial data centers;
 imposing duties on the Pennsylvania Public Utility
 Commission, the Department of Human Services and the
 Pennsylvania Energy Development Authority; establishing the
 Data Center Low-Income Home Energy Assistance Program
 Enhancement Account and the Pennsylvania Energy Independence
 Account; providing for clean firm energy requirements,
 contract filing, commission review, disclosure requirements,
 backup generation standards, curtailment standards and
 certification and expedited interconnection for commercial
 data centers bringing incremental clean firm energy
 resources; and imposing penalties.",not passed,Referred to Consumer Protection & Professional Licensure,2025-09-04,https://www.palegis.us/legislation/bills/2025/hb1834,,data-center-limits,Pennsylvania Public Utility Commission,https://openstates.org/pa/bills/2025-2026/HB1834/
us-119-hr-5078,bill,Congress,H.R. 5078,PILLAR Act,not passed,Received in the Senate and Read twice and referred to the Committee on Homeland Security and Governmental Affairs.,2025-09-02,https://www.congress.gov/bill/119th-congress/house-bill/5078,,,,https://www.congress.gov/bill/119th-congress/house-bill/5078
us-119-hr-5045,bill,Congress,H.R. 5045,HEALTH AI Act,not passed,Referred to the House Committee on Energy and Commerce.,2025-08-26,https://www.congress.gov/bill/119th-congress/house-bill/5045,,,,https://www.congress.gov/bill/119th-congress/house-bill/5045
os-f930de8e-b009-4fcf-b79c-08fb99c5f7cd,bill,Maryland,SB 8,Criminal Law - Identity Fraud - Artificial Intelligence and Deepfake Representations,passed,Approved by the Governor - Chapter 445,2025-08-26,http://mgaleg.maryland.gov/mgawebsite/Legislation/Details/sb0008?ys=2026RS,deepfakes,,,https://openstates.org/md/bills/2026/SB8/
os-f0d0ff0b-fa16-4f61-aebb-4c30d63d073b,bill,Colorado,SB 4,Increase Transparency for Algorithmic Systems,passed,Governor Signed,2025-08-21,https://leg.colorado.gov/bills/SB25B-004,,,,https://openstates.org/co/bills/2025B/SB4/
os-6f5a79ad-6ba7-4189-a690-8f35fc142e7a,bill,Colorado,SB 8,Tech-Neutral Anti-Discrimination Clarification Act,not passed,"Introduced In Senate - Assigned to State, Veterans, & Military Affairs",2025-08-21,https://leg.colorado.gov/bills/SB25B-008,bias,,,https://openstates.org/co/bills/2025B/SB8/
os-4ebd00a2-a1c9-4b99-ac2a-27241b6cdfd7,bill,Colorado,HB 1009,Artificial Intelligence Systems,not passed,Introduced In House - Assigned to Business Affairs & Labor,2025-08-21,https://leg.colorado.gov/bills/HB25B-1009,,,,https://openstates.org/co/bills/2025B/HB1009/
os-ce25c4d9-d2fb-4bba-a16f-7fc43cb36cb9,bill,Colorado,HB 1008,Consumer Protections for Artificial Intelligence Interactions,not passed,House Third Reading Laid Over Daily - No Amendments,2025-08-21,https://leg.colorado.gov/bills/HB25B-1008,bias,labeling-mandates; new-agency-powers,Colorado Attorney General; Colorado Civil Rights Division,https://openstates.org/co/bills/2025B/HB1008/
os-665d6f0e-9dc6-4194-8281-49d19e9bb969,bill,New York,S 8484,Regulates the use of artificial intelligence in the provision of therapy or psychotherapy services,not passed,COMMITTED TO RULES,2025-08-20,https://nyassembly.gov/leg/?bn=S08484&term=2025,,labeling-mandates; use-restrictions,,https://openstates.org/ny/bills/2025-2026/S8484/
us-119-hr-4974,bill,Congress,H.R. 4974,DETECT Act of 2025,not passed,Referred to the House Committee on Ways and Means.,2025-08-15,https://www.congress.gov/bill/119th-congress/house-bill/4974,,,,https://www.congress.gov/bill/119th-congress/house-bill/4974
os-14f3081c-7e0b-44f3-9ca4-7e2123462f82,bill,Texas,HB 148,Relating to the use of artificial intelligence to score constructed responses on assessment instruments administered to public school students.,not passed,Filed,2025-08-15,https://capitol.texas.gov/BillLookup/History.aspx?LegSess=892&Bill=HB148,,,,https://openstates.org/tx/bills/892/HB148/
os-078bb450-c854-444e-b072-85da02476846,bill,New York,A 8962,Enacts the New York fundamental artificial intelligence requirements in (FAIR) news act,not passed,SUBSTITUTED BY S8451B,2025-08-13,https://nyassembly.gov/leg/?bn=A08962&term=2025,,labeling-mandates,,https://openstates.org/ny/bills/2025-2026/A8962/
us-119-hr-4873,bill,Congress,H.R. 4873,To codify Executive Order 14319 (relating to preventing woke AI in the Federal Government).,not passed,Referred to the House Committee on Oversight and Government Reform.,2025-08-05,https://www.congress.gov/bill/119th-congress/house-bill/4873,,,,https://www.congress.gov/bill/119th-congress/house-bill/4873
us-119-hr-4894,bill,Congress,H.R. 4894,Deceptive Practices and Voter Intimidation Prevention Act of 2025,not passed,Referred to the House Committee on the Judiciary.,2025-08-05,https://www.congress.gov/bill/119th-congress/house-bill/4894,misinformation,use-restrictions,,https://www.congress.gov/bill/119th-congress/house-bill/4894
os-acc1d824-5d93-40ba-b42d-3ffca90b4ceb,bill,Pennsylvania,HB 1779,"An Act amending Title 12 (Commerce and Trade) of the Pennsylvania Consolidated Statutes, in preliminary provisions, providing for algorithmic pricing transparency and fairness; and imposing duties on the Office of Attorney General and Bureau of Consumer Protection.",not passed,"Referred to Consumer Protection, Technology & Utilities",2025-08-04,https://www.palegis.us/legislation/bills/2025/hb1779,algorithmic-pricing,new-agency-powers,Pennsylvania Attorney General; Pennsylvania Bureau of Consumer Protection,https://openstates.org/pa/bills/2025-2026/HB1779/
us-119-s-2615,bill,Congress,S. 2615,VET Artificial Intelligence Act,not passed,"Read twice and referred to the Committee on Commerce, Science, and Transportation.",2025-07-31,https://www.congress.gov/bill/119th-congress/senate-bill/2615,,,,https://www.congress.gov/bill/119th-congress/senate-bill/2615
us-119-s-2606,bill,Congress,S. 2606,"A bill to require the Commander of United States Cyber Command to complete development of a roadmap for industry collaboration on artificial intelligence-enabled cyber capabilities for cyberspace operations of the Department of Defense, and for other purposes.",not passed,Read twice and referred to the Committee on Armed Services.,2025-07-31,https://www.congress.gov/bill/119th-congress/senate-bill/2606,,,,https://www.congress.gov/bill/119th-congress/senate-bill/2606
us-119-s-2528,bill,Congress,S. 2528,Unleashing AI Innovation in Financial Services Act,not passed,"Read twice and referred to the Committee on Banking, Housing, and Urban Affairs.",2025-07-29,https://www.congress.gov/bill/119th-congress/senate-bill/2528,,,,https://www.congress.gov/bill/119th-congress/senate-bill/2528
us-119-s-2495,bill,Congress,S. 2495,Keep Call Centers in America Act of 2025,not passed,"Read twice and referred to the Committee on Commerce, Science, and Transportation.",2025-07-29,https://www.congress.gov/bill/119th-congress/senate-bill/2495,,use-restrictions,,https://www.congress.gov/bill/119th-congress/senate-bill/2495
us-119-hr-4801,bill,Congress,H.R. 4801,Unleashing AI Innovation in Financial Services Act,not passed,"Placed on the Union Calendar, Calendar No. 619.",2025-07-29,https://www.congress.gov/bill/119th-congress/house-bill/4801,,,,https://www.congress.gov/bill/119th-congress/house-bill/4801
fr-2025-14218,order,Executive Office of the President,Executive Order 14320,Promoting the Export of the American AI Technology Stack,signed,Executive Order 14320,2025-07-28,https://www.federalregister.gov/documents/2025/07/28/2025-14218/promoting-the-export-of-the-american-ai-technology-stack,china-race,,,https://www.federalregister.gov/documents/2025/07/28/2025-14218/promoting-the-export-of-the-american-ai-technology-stack
fr-2025-14217,order,Executive Office of the President,Executive Order 14319,Preventing Woke AI in the Federal Government,signed,Executive Order 14319,2025-07-28,https://www.federalregister.gov/documents/2025/07/28/2025-14217/preventing-woke-ai-in-the-federal-government,misinformation,,,https://www.federalregister.gov/documents/2025/07/28/2025-14217/preventing-woke-ai-in-the-federal-government
fr-2025-14212,order,Executive Office of the President,Executive Order 14318,Accelerating Federal Permitting of Data Center Infrastructure,signed,Executive Order 14318,2025-07-28,https://www.federalregister.gov/documents/2025/07/28/2025-14212/accelerating-federal-permitting-of-data-center-infrastructure,,,Administrator of the Environmental Protection Agency; Secretary of Energy; Secretary of the Interior; U.S. Environmental Protection Agency Administrator,https://www.federalregister.gov/documents/2025/07/28/2025-14212/accelerating-federal-permitting-of-data-center-infrastructure
os-da20459d-4191-4e93-b35b-0b4319e73cd1,bill,New Jersey,A 5919,Establishes autonomous vehicle pilot program.,not passed,"Introduced in the Assembly, Referred to Assembly Transportation and Independent Authorities Committee",2025-07-24,https://www.njleg.state.nj.us/bill-search/2024/A5919,,,,https://openstates.org/nj/bills/221/A5919/
us-119-hr-4640,bill,Congress,H.R. 4640,Stop AI Price Gouging and Wage Fixing Act of 2025,not passed,"Referred to the Committee on Energy and Commerce, and in addition to the Committees on the Judiciary, and Education and Workforce, for a period to be subsequently determined by the Speaker, in each case for consideration of such provisions as fall within the jurisdiction of the committee concerned.",2025-07-23,https://www.congress.gov/bill/119th-congress/house-bill/4640,algorithmic-pricing,,,https://www.congress.gov/bill/119th-congress/house-bill/4640
us-119-hr-4695,bill,Congress,H.R. 4695,Facial Recognition Act of 2025,not passed,"Referred to the Committee on the Judiciary, and in addition to the Committee on Science, Space, and Technology, for a period to be subsequently determined by the Speaker, in each case for consideration of such provisions as fall within the jurisdiction of the committee concerned.",2025-07-23,https://www.congress.gov/bill/119th-congress/house-bill/4695,,,,https://www.congress.gov/bill/119th-congress/house-bill/4695
us-119-hr-4628,bill,Congress,H.R. 4628,AI Impersonation Prevention Act of 2025,not passed,Referred to the House Committee on the Judiciary.,2025-07-23,https://www.congress.gov/bill/119th-congress/house-bill/4628,deepfakes,,,https://www.congress.gov/bill/119th-congress/house-bill/4628
os-759b16d5-b1a0-4a60-9a7f-de725aad8f48,bill,Texas,HB 167,Relating to the use of artificial intelligence to score constructed responses on assessment instruments administered to public school students.,not passed,Filed,2025-07-22,https://capitol.texas.gov/BillLookup/History.aspx?LegSess=891&Bill=HB167,,,,https://openstates.org/tx/bills/891/HB167/
us-119-s-2381,bill,Congress,S. 2381,PROACTIV Artificial Intelligence Data Act of 2025,not passed,"Read twice and referred to the Committee on Commerce, Science, and Transportation.",2025-07-22,https://www.congress.gov/bill/119th-congress/senate-bill/2381,,,,https://www.congress.gov/bill/119th-congress/senate-bill/2381
us-119-s-2367,bill,Congress,S. 2367,AI Accountability and Personal Data Protection Act,not passed,Read twice and referred to the Committee on the Judiciary.,2025-07-21,https://www.congress.gov/bill/119th-congress/senate-bill/2367,,,,https://www.congress.gov/bill/119th-congress/senate-bill/2367
fr-2025-13650,rule,Education Department,Proposed rule,Proposed Priority and Definitions-Secretary's Supplemental Priority and Definitions on Advancing Artificial Intelligence in Education,proposed,Proposed priority and definitions.,2025-07-21,https://www.federalregister.gov/documents/2025/07/21/2025-13650/proposed-priority-and-definitions-secretarys-supplemental-priority-and-definitions-on-advancing,,,,https://www.federalregister.gov/documents/2025/07/21/2025-13650/proposed-priority-and-definitions-secretarys-supplemental-priority-and-definitions-on-advancing
os-ce73d65e-85c0-461f-a403-363d077bd2f7,bill,Texas,HB 142,Relating to required disclosures on certain political advertising that contains altered media; creating a criminal offense.,not passed,Filed,2025-07-21,https://capitol.texas.gov/BillLookup/History.aspx?LegSess=891&Bill=HB142,,labeling-mandates,,https://openstates.org/tx/bills/891/HB142/
us-119-s-2346,bill,Congress,S. 2346,Preparing Election Administrators for AI Act,not passed,Read twice and referred to the Committee on Rules and Administration.,2025-07-17,https://www.congress.gov/bill/119th-congress/senate-bill/2346,,,,https://www.congress.gov/bill/119th-congress/senate-bill/2346
os-7eda2bf3-b5e1-444d-a842-6a98b81218d1,bill,Wisconsin,AB 377,"Relating to: establishing English as the official state language, use of artificial intelligence or other machine-assisted translation tools in lieu of appointing English language interpreters, and use of English for governmental oral and written communication and for nongovernmental purposes. (FE)",did not pass,Failed to concur in pursuant to Senate Joint Resolution 1,2025-07-17,https://docs.legis.wisconsin.gov/2025/proposals/reg/asm/bill/ab377,,,,https://openstates.org/wi/bills/2025/AB377/
os-ca9c610c-07ca-486d-8947-a91f8dccd89c,bill,New York,S 8459,Prohibits transcripts being made from video conference meetings by artificial intelligence without conspicuous disclosure during such meeting,not passed,REFERRED TO INTERNET AND TECHNOLOGY,2025-07-16,https://nyassembly.gov/leg/?bn=S08459&term=2025,,labeling-mandates,,https://openstates.org/ny/bills/2025-2026/S8459/
os-dcb79ed0-a89c-46cb-a2e0-c7acfdcf6dfe,bill,New York,A 8916,Prohibits licensees from relying on artificial intelligence for tracking and advertisement purposes,not passed,REFERRED TO RACING AND WAGERING,2025-07-16,https://nyassembly.gov/leg/?bn=A08916&term=2025,surveillance,use-restrictions,,https://openstates.org/ny/bills/2025-2026/A8916/
os-90bcc07a-2711-424c-9809-dce3e0c1167b,bill,Maryland,HB 145,"Election Law - Election Misinformation, Election Disinformation, and Deepfakes",not passed,Referred Rules,2025-07-16,http://mgaleg.maryland.gov/mgawebsite/Legislation/Details/hb0145?ys=2026RS,,,,https://openstates.org/md/bills/2026/HB145/
os-430487fd-ca09-40fd-8c46-241dc5cc4e92,bill,Maryland,SB 141,"Election Law - Election Misinformation, Election Disinformation, and Deepfakes",passed,Approved by the Governor - Chapter 444,2025-07-16,http://mgaleg.maryland.gov/mgawebsite/Legislation/Details/sb0141?ys=2026RS,misinformation,,Maryland State Administrator of Elections,https://openstates.org/md/bills/2026/SB141/
os-60f6a3df-d226-4eb8-9978-955442b61384,bill,Pennsylvania,SB 939,"Establishing the Office of Transformation and Opportunity and the Artificial Intelligence, Data Center and Emerging Technology Regulatory Sandbox Program; and providing for powers and duties of office and for permits for high impact data centers that have their own power.",not passed,Amended in Senate Committee on Communications & Technology,2025-07-14,https://www.palegis.us/legislation/bills/2025/sb939,,new-agency-powers,Pennsylvania Office of Transformation and Opportunity,https://openstates.org/pa/bills/2025-2026/SB939/
us-119-s-2262,bill,Congress,S. 2262,American Voices in Federal Lands Act,not passed,Committee on Energy and Natural Resources. Ordered to be reported with an amendment in the nature of a substitute favorably.,2025-07-10,https://www.congress.gov/bill/119th-congress/senate-bill/2262,,,,https://www.congress.gov/bill/119th-congress/senate-bill/2262
os-67bbfc23-1730-40e1-b588-e230c2d03a3b,bill,Ohio,HB 392,Enact the Ohio Right to Compute Act,not passed,Reported - Amended,2025-07-07,https://www.legislature.ohio.gov/legislation/136/hb392,,,,https://openstates.org/oh/bills/136/HB392/
os-8e943d2a-30b6-425f-a643-2322a02e7d5b,bill,New York,S 8451,Enacts the New York fundamental artificial intelligence requirements in (FAIR) news act,not passed,RETURNED TO SENATE,2025-07-07,https://nyassembly.gov/leg/?bn=S08451&term=2025,,labeling-mandates,,https://openstates.org/ny/bills/2025-2026/S8451/
os-1b471a9c-4876-4810-ba3f-3b1aab451306,bill,Massachusetts,HD 4827,An Act to ensure non-discrimination by improving algorithmic systems,not passed,Referred to the committee on House Rules,2025-06-30,https://malegislature.gov/Bills/194/HD4827,bias,,,https://openstates.org/ma/bills/194th/HD4827/
os-8603d02b-6254-4582-ac7b-6b6a15723dc9,bill,New Jersey,A 5892,Requires DEP to conduct study of short and long term effects of water use by large-scale data centers.,not passed,"Introduced in the Assembly, Referred to Assembly Environment, Natural Resources, and Solid Waste Committee",2025-06-27,https://www.njleg.state.nj.us/bill-search/2024/A5892,,,,https://openstates.org/nj/bills/221/A5892/
os-70fc5627-b0f3-4004-a17a-51df0458115f,bill,Wisconsin,SB 357,"Relating to: establishing English as the official state language, use of artificial intelligence or other machine-assisted translation tools in lieu of appointing English language interpreters, and use of English for governmental oral and written communication and for nongovernmental purposes. (FE)",did not pass,Failed to pass pursuant to Senate Joint Resolution 1,2025-06-27,https://docs.legis.wisconsin.gov/2025/proposals/reg/sen/bill/sb357,,,,https://openstates.org/wi/bills/2025/SB357/
os-ad8a7d76-bbd4-49f3-aeda-f5143b69d20f,bill,Massachusetts,SD 3007,An Act to ensure non-discrimination by improving algorithmic system,not passed,"Referred to the committee on Advanced Information Technology, the Internet and Cybersecurity",2025-06-26,https://malegislature.gov/Bills/194/SD3007,bias,,,https://openstates.org/ma/bills/194th/SD3007/
us-119-hr-4142,bill,Congress,H.R. 4142,No Adversarial AI Act,not passed,Referred to the House Committee on Oversight and Government Reform.,2025-06-25,https://www.congress.gov/bill/119th-congress/house-bill/4142,,,,https://www.congress.gov/bill/119th-congress/house-bill/4142
us-119-s-2177,bill,Congress,S. 2177,No Adversarial AI Act,not passed,Read twice and referred to the Committee on Homeland Security and Governmental Affairs.,2025-06-25,https://www.congress.gov/bill/119th-congress/senate-bill/2177,,,,https://www.congress.gov/bill/119th-congress/senate-bill/2177
us-119-hr-4123,bill,Congress,H.R. 4123,FIT Procurement Act,not passed,Received in the Senate and Read twice and referred to the Committee on Homeland Security and Governmental Affairs.,2025-06-25,https://www.congress.gov/bill/119th-congress/house-bill/4123,,,,https://www.congress.gov/bill/119th-congress/house-bill/4123
os-76796ec1-b898-485d-8722-a418033aa124,resolution,Delaware,HJR 7,DIRECTING THE ARTIFICIAL INTELLIGENCE COMMISSION TO WORK IN COLLABORATION WITH THE SECRETARY OF STATE TO CREATE A REGULATORY SANDBOX FRAMEWORK FOR THE TESTING OF INNOVATIVE AND NOVEL TECHNOLOGIES THAT UTILIZE AGENTIC ARTIFICIAL INTELLIGENCE.,adopted,Signed by Governor,2025-06-25,https://legis.delaware.gov/BillDetail?LegislationId=142629,,,,https://openstates.org/de/bills/153/HJR7/
us-119-s-2164,bill,Congress,S. 2164,Algorithmic Accountability Act of 2025,not passed,"Read twice and referred to the Committee on Commerce, Science, and Transportation.",2025-06-25,https://www.congress.gov/bill/119th-congress/senate-bill/2164,,,,https://www.congress.gov/bill/119th-congress/senate-bill/2164
os-113a72fa-cad0-4252-ade5-6b92aa00d183,bill,Michigan,HB 4667,Crimes: other; use of artificial intelligence to commit certain crimes; prohibit. Amends 1931 PA 328 (MCL 750.1 - 750.568) by adding sec. 411y.,not passed,bill electronically reproduced 06/24/2025,2025-06-24,https://legislature.mi.gov/Bills/Bill?ObjectName=2025-HB-4667,,use-restrictions,,https://openstates.org/mi/bills/2025-2026/HB4667/
os-c90c385a-6e6c-4490-b701-7fcee42f452a,bill,Michigan,HB 4668,Trade: business regulation; requirements and safety standards for developers of certain artificial intelligence models; provide for. Creates new act.,not passed,re-referred to Committee on Communications and Technology,2025-06-24,https://legislature.mi.gov/Bills/Bill?ObjectName=2025-HB-4668,,,,https://openstates.org/mi/bills/2025-2026/HB4668/
os-e448f2f6-1c79-4aff-94ed-ab59d4f74617,bill,Pennsylvania,HB 1639,"An Act amending Title 75 (Vehicles) of the Pennsylvania Consolidated Statutes, in highly automated vehicles, further providing for certificate of compliance required.",not passed,Referred to Transportation,2025-06-23,https://www.palegis.us/legislation/bills/2025/hb1639,,,,https://openstates.org/pa/bills/2025-2026/HB1639/
os-09d2e36e-4c16-4221-85ae-7faa34cede0e,bill,Pennsylvania,HB 1625,An Act establishing the Keystone Artificial Intelligence Authority within the Department of Community and Economic Development; providing for the duties of authority and its governing board; providing for duties of other entities; establishing the Artificial Intelligence Permitting System Pilot Program within the Department of Environmental Protection; establishing the Keystone Artificial Intelligence Development Fund; and providing for sovereign immunity.,not passed,Referred to Communications & Technology,2025-06-20,https://www.palegis.us/legislation/bills/2025/hb1625,,new-agency-powers,,https://openstates.org/pa/bills/2025-2026/HB1625/
us-119-s-2117,bill,Congress,S. 2117,Preventing Deep Fake Scams Act,not passed,"Read twice and referred to the Committee on Banking, Housing, and Urban Affairs.",2025-06-18,https://www.congress.gov/bill/119th-congress/senate-bill/2117,deepfakes,,,https://www.congress.gov/bill/119th-congress/senate-bill/2117
os-d9331967-d98c-4635-9f2c-251b5e6ec3d7,bill,Ohio,HB 362,Regulate fraudulent synthetic media for influencing elections,not passed,Referred to committee,2025-06-12,https://www.legislature.ohio.gov/legislation/136/hb362,deepfakes,use-restrictions,,https://openstates.org/oh/bills/136/HB362/
us-119-hr-3919,bill,Congress,H.R. 3919,Advanced AI Security Readiness Act,not passed,Referred to the House Committee on Intelligence (Permanent Select).,2025-06-11,https://www.congress.gov/bill/119th-congress/house-bill/3919,,,,https://www.congress.gov/bill/119th-congress/house-bill/3919
os-95563b18-fd35-4bb2-ab4c-31d847fa96bf,bill,Minnesota,SF 19,Requirements governing data centers modifications,not passed,Laid on table,2025-06-09,https://www.revisor.mn.gov/bills/94/2025/1/SF/19?body=Senate,,data-center-limits,,https://openstates.org/mn/bills/2025s1/SF19/
us-119-hr-3838,bill,Congress,H.R. 3838,Streamlining Procurement for Effective Execution and Delivery and National Defense Authorization Act for Fiscal Year 2026,not passed,Received in the Senate.,2025-06-09,https://www.congress.gov/bill/119th-congress/house-bill/3838,,,,https://www.congress.gov/bill/119th-congress/house-bill/3838
os-6b885bf0-f249-4c1a-81e9-2a43e53339dc,bill,New York,A 8882,Relates to the right of publicity,not passed,SUBSTITUTED BY S8391,2025-06-09,https://nyassembly.gov/leg/?bn=A08882&term=2025,deepfakes,use-restrictions,,https://openstates.org/ny/bills/2025-2026/A8882/
os-a29b4bfa-fc4e-416f-a349-f9a1248d3080,bill,New York,S 8420,Relates to requiring advertisements to disclose the use of a synthetic performer,passed,SIGNED CHAP.617,2025-06-09,https://nyassembly.gov/leg/?bn=S08420&term=2025,,labeling-mandates,,https://openstates.org/ny/bills/2025-2026/S8420/
os-8bad5af5-ae37-44d3-b491-202512257703,bill,New York,A 8833,Establishes understanding artificial intelligence responsibility act,not passed,REFERRED TO SCIENCE AND TECHNOLOGY,2025-06-09,https://nyassembly.gov/leg/?bn=A08833&term=2025,,,,https://openstates.org/ny/bills/2025-2026/A8833/
os-87b2173a-edfb-4517-8a99-d472b5ec7653,bill,New York,A 8887,Relates to requiring advertisements to disclose the use of a synthetic performer,not passed,SUBSTITUTED BY S8420A,2025-06-09,https://nyassembly.gov/leg/?bn=A08887&term=2025,deepfakes,labeling-mandates,,https://openstates.org/ny/bills/2025-2026/A8887/
os-9794f675-58b2-4269-8559-da420d0d5199,bill,New York,A 8884,Relates to the development and use of certain artificial intelligence systems,not passed,PRINT NUMBER 8884A,2025-06-09,https://nyassembly.gov/leg/?bn=A08884&term=2025,,mandatory-reporting; new-agency-powers,,https://openstates.org/ny/bills/2025-2026/A8884/
os-6397bd94-281f-4ab7-ad34-1b6e757e658d,bill,Minnesota,HF 16,Data center regulatory bill.,passed,Secretary of State Chapter 12 06/14/25,2025-06-09,https://www.revisor.mn.gov/bills/94/2025/1/HF/16?body=House,power-bills,data-center-limits; new-agency-powers,Minnesota Department of Commerce; Minnesota Public Utilities Commission,https://openstates.org/mn/bills/2025s1/HF16/
os-64bcbe93-9e74-4afd-b10d-af00a4392f4b,resolution,Louisiana,HR 320,"EDUCATION: Requests the state Department of Education, the State Board of Elementary and Secondary Education, the Board of Regents, and postsecondary education management boards to promote artificial intelligence education for students and to encourage professional development relative to artificial intelligence for faculty and staff",adopted,Taken by the Clerk of the House and presented to the Secretary of State in accordance with the Rules of the House.,2025-06-08,https://www.legis.la.gov/Legis/BillInfo.aspx?i=249483,,,,https://openstates.org/la/bills/2025/HR320/
os-9bdce389-1702-4fd4-beba-44e4d64549fd,resolution,Louisiana,HR 317,"COMMERCIAL REGULATIONS: Creates a subcommittee of the House of Representatives to study artificial intelligence, blockchain, and cryptocurrency",adopted,Taken by the Clerk of the House and presented to the Secretary of State in accordance with the Rules of the House.,2025-06-08,https://www.legis.la.gov/Legis/BillInfo.aspx?i=249480,,,,https://openstates.org/la/bills/2025/HR317/
os-3ab5e034-6f23-4dc4-ad8e-fea09cb3f60a,resolution,Louisiana,HR 313,HEALTH CARE: Memorializes the United States Congress to take action relative to the use of artificial intelligence in health care,adopted,Taken by the Clerk of the House and presented to the Secretary of State in accordance with the Rules of the House.,2025-06-08,https://www.legis.la.gov/Legis/BillInfo.aspx?i=249476,,,,https://openstates.org/la/bills/2025/HR313/
os-a9928a43-859d-4fe0-a388-c445f08c4bf7,bill,New York,S 8391,Relates to the right of publicity,passed,SIGNED CHAP.616,2025-06-06,https://nyassembly.gov/leg/?bn=S08391&term=2025,,use-restrictions,,https://openstates.org/ny/bills/2025-2026/S8391/
us-119-hr-3775,bill,Congress,H.R. 3775,AI Training Extension Act of 2025,not passed,Referred to the House Committee on Oversight and Government Reform.,2025-06-05,https://www.congress.gov/bill/119th-congress/house-bill/3775,,,,https://www.congress.gov/bill/119th-congress/house-bill/3775
us-119-hr-3782,bill,Congress,H.R. 3782,"To prohibit the Federal Government from using facial recognition technology as a means of identity verification, and for other purposes.",not passed,Referred to the House Committee on Oversight and Government Reform.,2025-06-05,https://www.congress.gov/bill/119th-congress/house-bill/3782,surveillance,,,https://www.congress.gov/bill/119th-congress/house-bill/3782
os-d5b9e1f3-88ec-4532-9bef-0cf95f352265,bill,Michigan,HB 4537,Human services: medical services; use of artificial intelligence tools to make decisions regarding claims; prohibit. Amends 1939 PA 280 (MCL 400.1 - 400.119b) by adding sec. 107b.,not passed,re-referred to Committee on Communications and Technology,2025-06-03,https://legislature.mi.gov/Bills/Bill?ObjectName=2025-HB-4537,ai-care-decisions,use-restrictions,,https://openstates.org/mi/bills/2025-2026/HB4537/
os-98a3919f-90f5-445a-bd57-70f60ac07e12,bill,New York,S 8331,"Enacts the ""New York artificial intelligence transparency for journalism act""",not passed,REFERRED TO INTERNET AND TECHNOLOGY,2025-06-03,https://nyassembly.gov/leg/?bn=S08331&term=2025,copyright,,,https://openstates.org/ny/bills/2025-2026/S8331/
os-55d815ed-89e5-4a20-aac9-ee69f3e8cd65,bill,Michigan,HB 4536,Insurance: health insurers; use of artificial intelligence tools to make decisions regarding claims; prohibit. Amends 1956 PA 218 (MCL 500.100 - 500.8302) by adding sec. 3406ss.,not passed,re-referred to Committee on Communications and Technology,2025-06-03,https://legislature.mi.gov/Bills/Bill?ObjectName=2025-HB-4536,ai-care-decisions,use-restrictions,,https://openstates.org/mi/bills/2025-2026/HB4536/
us-119-hr-3679,bill,Congress,H.R. 3679,Small Business Artificial Intelligence Advancement Act,not passed,"Received in the Senate and Read twice and referred to the Committee on Commerce, Science, and Transportation.",2025-06-03,https://www.congress.gov/bill/119th-congress/house-bill/3679,,,,https://www.congress.gov/bill/119th-congress/house-bill/3679
os-73614ed6-212d-419b-9136-5450a9b88d04,bill,Wisconsin,SB 295,Relating to: the use of artificial intelligence or other machine assisted translation in court proceedings and of telephone or live audiovisual interpretation in criminal trials. (FE),did not pass,Failed to pass pursuant to Senate Joint Resolution 1,2025-05-30,https://docs.legis.wisconsin.gov/2025/proposals/reg/sen/bill/sb295,,,,https://openstates.org/wi/bills/2025/SB295/
os-a4340cdd-bf89-4b3b-aa02-5a653527f34b,bill,Pennsylvania,HB 1533,"An Act amending Title 18 (Crimes and Offenses) of the Pennsylvania Consolidated Statutes, in culpability, providing for liability for deployment of artificial intelligence system.",not passed,Referred to Judiciary,2025-05-30,https://www.palegis.us/legislation/bills/2025/hb1533,,,,https://openstates.org/pa/bills/2025-2026/HB1533/
os-26290fa1-b4ee-4e11-91d6-d51699b381ab,bill,Wisconsin,AB 292,Relating to: the use of artificial intelligence or other machine assisted translation in court proceedings and of telephone or live audiovisual interpretation in criminal trials. (FE),did not pass,Failed to pass pursuant to Senate Joint Resolution 1,2025-05-30,https://docs.legis.wisconsin.gov/2025/proposals/reg/asm/bill/ab292,,,,https://openstates.org/wi/bills/2025/AB292/
os-2c08a4b9-d6c1-436b-88a1-f9c3b15ab466,bill,New York,A 8611,Clarifies the right of publicity,not passed,REFERRED TO JUDICIARY,2025-05-22,https://nyassembly.gov/leg/?bn=A08611&term=2025,deepfakes,,,https://openstates.org/ny/bills/2025-2026/A8611/
os-981b51a1-8de0-48a6-9236-ec5f85e575cd,bill,New York,A 8595,"Enacts the ""New York artificial intelligence transparency for journalism act""",not passed,REFERRED TO CODES,2025-05-22,https://nyassembly.gov/leg/?bn=A08595&term=2025,copyright,,,https://openstates.org/ny/bills/2025-2026/A8595/
us-119-s-1833,bill,Congress,S. 1833,Leadership in CET Act,not passed,Read twice and referred to the Committee on the Judiciary.,2025-05-21,https://www.congress.gov/bill/119th-congress/senate-bill/1833,,,,https://www.congress.gov/bill/119th-congress/senate-bill/1833
os-cddac20c-345f-450f-8438-4050d652ca92,resolution,Louisiana,HCR 61,WATER/RESOURCES: Creates a special task force to study the interagency consultation process for data centers to ensure more complete natural resource planning and management,not passed,"Read by title and returned to the Calendar, subject to call.",2025-05-21,https://www.legis.la.gov/Legis/BillInfo.aspx?i=249281,,,,https://openstates.org/la/bills/2025/HCR61/
us-119-hr-3539,bill,Congress,H.R. 3539,Leadership in CET Act,not passed,Referred to the House Committee on the Judiciary.,2025-05-21,https://www.congress.gov/bill/119th-congress/house-bill/3539,,,,https://www.congress.gov/bill/119th-congress/house-bill/3539
us-119-hr-3562,bill,Congress,H.R. 3562,DEFIANCE Act of 2025,not passed,Referred to the House Committee on the Judiciary.,2025-05-21,https://www.congress.gov/bill/119th-congress/house-bill/3562,deepfakes,use-restrictions,,https://www.congress.gov/bill/119th-congress/house-bill/3562
us-119-s-1837,bill,Congress,S. 1837,DEFIANCE Act of 2025,not passed,Held at the desk.,2025-05-21,https://www.congress.gov/bill/119th-congress/senate-bill/1837,deepfakes,use-restrictions,,https://www.congress.gov/bill/119th-congress/senate-bill/1837
os-216f78c5-79be-4502-9e7b-1c34baff965d,bill,New York,A 8523,"Requires certain political communications to include provenance data for all audio, images or videos used in such communications",not passed,REFERRED TO ELECTION LAW,2025-05-20,https://nyassembly.gov/leg/?bn=A08523&term=2025,,labeling-mandates,,https://openstates.org/ny/bills/2025-2026/A8523/
us-119-s-1816,bill,Congress,S. 1816,Improving Seniors’ Timely Access to Care Act of 2025,not passed,Read twice and referred to the Committee on Finance.,2025-05-20,https://www.congress.gov/bill/119th-congress/senate-bill/1816,ai-care-decisions,,,https://www.congress.gov/bill/119th-congress/senate-bill/1816
os-4ea28d41-00f2-4651-93b5-71d8a18ae726,bill,New York,A 8546,Relates to requiring disclosure of use of generative artificial intelligence in a civil action,not passed,REFERRED TO JUDICIARY,2025-05-20,https://nyassembly.gov/leg/?bn=A08546&term=2025,,labeling-mandates,,https://openstates.org/ny/bills/2025-2026/A8546/
os-97482ed7-0847-4f12-bf01-8c1623673141,bill,New York,A 8556,"Relates to the use of an artificial intelligence, algorithm, or other software tool for the purpose of utilization review",not passed,REFERRED TO INSURANCE,2025-05-20,https://nyassembly.gov/leg/?bn=A08556&term=2025,,,,https://openstates.org/ny/bills/2025-2026/A8556/
os-57002cfb-d6e6-4fe9-a6ca-c21475463ecf,bill,New Jersey,S 4463,Prohibits advertising artificial intelligence system as licensed mental health professional.,not passed,"Introduced in the Senate, Referred to Senate Commerce Committee",2025-05-19,https://www.njleg.state.nj.us/bill-search/2024/S4463,ai-therapists,use-restrictions,,https://openstates.org/nj/bills/221/S4463/
os-25aad6b4-6b18-4bf5-bdea-370e321efbb8,resolution,California,SCR 82,Relative to artificial intelligence in public higher education.,not passed,August 13 hearing: Held in committee and under submission.,2025-05-15,http://leginfo.legislature.ca.gov/faces/billNavClient.xhtml?bill_id=202520260SCR82,,,,https://openstates.org/ca/bills/20252026/SCR82/
us-119-s-1775,bill,Congress,S. 1775,Protecting AI and Cloud Competition in Defense Act of 2025,not passed,Read twice and referred to the Committee on Armed Services.,2025-05-15,https://www.congress.gov/bill/119th-congress/senate-bill/1775,,,,https://www.congress.gov/bill/119th-congress/senate-bill/1775
os-1b17200e-60fa-47b4-a331-058fb4f24407,bill,New York,S 8115,Relates to the use of automated lending decision-making tools by banks for the purposes of making lending decisions,not passed,REPORTED AND COMMITTED TO INTERNET AND TECHNOLOGY,2025-05-15,https://nyassembly.gov/leg/?bn=S08115&term=2025,,,,https://openstates.org/ny/bills/2025-2026/S8115/
us-119-s-1792,bill,Congress,S. 1792,AI Whistleblower Protection Act,not passed,"Read twice and referred to the Committee on Health, Education, Labor, and Pensions.",2025-05-15,https://www.congress.gov/bill/119th-congress/senate-bill/1792,,,,https://www.congress.gov/bill/119th-congress/senate-bill/1792
os-de70e71a-0ff2-40c5-81d0-2456fff2e4de,bill,New York,S 7963,"Requires certain political communications to include provenance data for all audio, images or videos used in such communications",not passed,COMMITTED TO RULES,2025-05-15,https://nyassembly.gov/leg/?bn=S07963&term=2025,,labeling-mandates,,https://openstates.org/ny/bills/2025-2026/S7963/
us-119-hr-3434,bill,Congress,H.R. 3434,Protecting AI and Cloud Competition in Defense Act of 2025,not passed,Referred to the House Committee on Armed Services.,2025-05-15,https://www.congress.gov/bill/119th-congress/house-bill/3434,,,,https://www.congress.gov/bill/119th-congress/house-bill/3434
us-119-hr-3460,bill,Congress,H.R. 3460,AI Whistleblower Protection Act,not passed,Referred to the House Committee on Education and Workforce.,2025-05-15,https://www.congress.gov/bill/119th-congress/house-bill/3460,,,,https://www.congress.gov/bill/119th-congress/house-bill/3460
us-119-s-1798,bill,Congress,S. 1798,Autonomous Vehicle Acceleration Act of 2025,not passed,"Read twice and referred to the Committee on Commerce, Science, and Transportation.",2025-05-15,https://www.congress.gov/bill/119th-congress/senate-bill/1798,,,,https://www.congress.gov/bill/119th-congress/senate-bill/1798
os-9f52f0f7-48f8-47bf-84c2-baf3d6f44d13,bill,New York,S 7956,Requires human safety operators for certain autonomous vehicles,not passed,REFERRED TO TRANSPORTATION,2025-05-15,https://nyassembly.gov/leg/?bn=S07956&term=2025,self-driving,use-restrictions,,https://openstates.org/ny/bills/2025-2026/S7956/
us-119-s-1748,bill,Congress,S. 1748,Kids Online Safety Act,not passed,"Committee on Commerce, Science, and Transportation. Ordered to be reported with an amendment in the nature of a substitute favorably.",2025-05-14,https://www.congress.gov/bill/119th-congress/senate-bill/1748,,,Federal Trade Commission,https://www.congress.gov/bill/119th-congress/senate-bill/1748
os-e12d6aef-b35e-4a11-999b-a475d8c53a9a,bill,New York,S 7882,Relates to the use of algorithmic pricing by landlords for the purpose of determining the amount of rent to charge a residential tenant,passed,SIGNED CHAP.437,2025-05-13,https://nyassembly.gov/leg/?bn=S07882&term=2025,algorithmic-pricing,use-restrictions,,https://openstates.org/ny/bills/2025-2026/S7882/
os-6301143e-4971-4cac-a984-501e6ac692a4,bill,New York,S 7892,Relates to directing the commissioner of education to make recommendations to the board of regents regarding the incorporation of instruction in artificial intelligence system literacy into the school curriculum,not passed,REFERRED TO EDUCATION,2025-05-13,https://nyassembly.gov/leg/?bn=S07892&term=2025,,,,https://openstates.org/ny/bills/2025-2026/S7892/
os-19c143a9-3c84-420e-8e8d-a6362bc8466f,bill,New York,S 7896,"Relates to the use of an artificial intelligence, algorithm, or other software tool for the purpose of utilization review",not passed,REFERRED TO HEALTH,2025-05-13,https://nyassembly.gov/leg/?bn=S07896&term=2025,ai-care-decisions,use-restrictions,,https://openstates.org/ny/bills/2025-2026/S7896/
os-f033e908-d5cc-4285-8544-afd9c55ead98,bill,New Jersey,S 4318,Requires BPU to study effects of data centers on electricity costs.*,not passed,Substituted by A5466 (1R),2025-05-12,https://www.njleg.state.nj.us/bill-search/2024/S4318,power-bills,,,https://openstates.org/nj/bills/221/S4318/
os-5fa57acb-4ca6-45fc-8716-16185bf5b55c,bill,New York,A 8295,Relates to automated decision-making by government agencies,not passed,SUBSTITUTED BY S7599C,2025-05-12,https://nyassembly.gov/leg/?bn=A08295&term=2025,,,,https://openstates.org/ny/bills/2025-2026/A8295/
os-6122eeb2-63f7-4872-9567-bb58288b41d4,bill,New Jersey,S 4307,Requires electric public utilities to develop and apply special rules for large load customers to protect non-large load customers from increasaed costs.**,not passed,Substituted by A5462 (2R),2025-05-12,https://www.njleg.state.nj.us/bill-search/2024/S4307,power-bills,,,https://openstates.org/nj/bills/221/S4307/
os-b58e9391-1a4f-4411-995b-e4a9112a462d,bill,Pennsylvania,SB 293,An Act providing for a report on artificial intelligence in the workforce; and imposing duties on the Department of Labor and Industry and Department of Community and Economic Development.,not passed,Laid on the table (Pursuant to Senate Rule 9),2025-05-12,https://www.palegis.us/legislation/bills/2025/sb293,,,,https://openstates.org/pa/bills/2025-2026/SB293/
os-a20099cb-6170-4fcc-b878-cc564f2a24e7,bill,Wisconsin,SB 241,Relating to: tax incremental financing districts containing qualified data centers. (FE),did not pass,Failed to pass pursuant to Senate Joint Resolution 1,2025-05-09,https://docs.legis.wisconsin.gov/2025/proposals/reg/sen/bill/sb241,,,,https://openstates.org/wi/bills/2025/SB241/
os-d039a7b0-8575-4809-bd26-8939dace7b19,bill,Wisconsin,SB 244,Relating to: modifying the sales and use tax exemption for qualified data centers. (FE),did not pass,Failed to pass pursuant to Senate Joint Resolution 1,2025-05-09,https://docs.legis.wisconsin.gov/2025/proposals/reg/sen/bill/sb244,,,,https://openstates.org/wi/bills/2025/SB244/
us-119-hr-3303,bill,Congress,H.R. 3303,America—Israel AI Cooperation Act,not passed,Referred to the House Committee on Foreign Affairs.,2025-05-08,https://www.congress.gov/bill/119th-congress/house-bill/3303,,,,https://www.congress.gov/bill/119th-congress/house-bill/3303
us-119-s-1699,bill,Congress,S. 1699,Artificial Intelligence Public Awareness and Education Campaign Act,not passed,"Read twice and referred to the Committee on Commerce, Science, and Transportation.",2025-05-08,https://www.congress.gov/bill/119th-congress/senate-bill/1699,,,,https://www.congress.gov/bill/119th-congress/senate-bill/1699
os-ca940cfa-78a6-4dad-a661-891f5e5f9f95,bill,Minnesota,HF 3304,"Sustainable aviation fuel income tax credit and exemptions for data centers and construction of sustainable aviation fuel facilities repealed, increased general fund amounts reallocated from repealed tax provisions to increase the renter's credit, and corresponding technical changes made.",not passed,Authors added Virnig and Jones,2025-05-07,https://www.revisor.mn.gov/bills/94/2025/0/HF/3304?body=House,,,,https://openstates.org/mn/bills/2025-2026/HF3304/
us-119-s-1633,bill,Congress,S. 1633,TEST AI Act of 2025,not passed,"Read twice and referred to the Committee on Commerce, Science, and Transportation.",2025-05-07,https://www.congress.gov/bill/119th-congress/senate-bill/1633,,,,https://www.congress.gov/bill/119th-congress/senate-bill/1633
us-119-s-1638,bill,Congress,S. 1638,Protection Against Foreign Adversarial Artificial Intelligence Act of 2025,not passed,"Read twice and referred to the Committee on Commerce, Science, and Transportation.",2025-05-07,https://www.congress.gov/bill/119th-congress/senate-bill/1638,,,,https://www.congress.gov/bill/119th-congress/senate-bill/1638
us-119-hr-3210,bill,Congress,H.R. 3210,Artificial Intelligence Literacy and Inclusion Act,not passed,"Referred to the Committee on Science, Space, and Technology, and in addition to the Committees on Education and Workforce, Small Business, and Energy and Commerce, for a period to be subsequently determined by the Speaker, in each case for consideration of such provisions as fall within the jurisdiction of the committee concerned.",2025-05-06,https://www.congress.gov/bill/119th-congress/house-bill/3210,,,,https://www.congress.gov/bill/119th-congress/house-bill/3210
os-84052091-c888-41b9-bdd5-306139f79266,bill,Minnesota,HF 3296,Data centers excluded from gross annual retail energy sales for energy conservation and optimization purposes.,not passed,"Introduction and first reading, referred to Energy Finance and Policy",2025-05-05,https://www.revisor.mn.gov/bills/94/2025/0/HF/3296?body=House,,,,https://openstates.org/mn/bills/2025-2026/HF3296/
os-a958882b-1827-49d3-8da6-30b308536367,bill,New Jersey,A 5615,Requires AG to study use of artificial intelligence for certain law enforcement purposes and issue report.,not passed,"Introduced in the Assembly, Referred to Assembly Public Safety and Preparedness Committee",2025-05-05,https://www.njleg.state.nj.us/bill-search/2024/A5615,,,,https://openstates.org/nj/bills/221/A5615/
os-296d26d8-7500-4c70-9536-c982647089b8,bill,New Jersey,A 5603,Prohibits advertising artificial intelligence system as licensed mental health professional.,not passed,"Reported out of Assembly Committee, 2nd Reading",2025-05-05,https://www.njleg.state.nj.us/bill-search/2024/A5603,ai-therapists,use-restrictions,,https://openstates.org/nj/bills/221/A5603/
os-c8598566-2fd1-4fea-88e5-5cff7f845b4e,bill,Wisconsin,AB 245,Relating to: modifying the sales and use tax exemption for qualified data centers. (FE),did not pass,Failed to pass pursuant to Senate Joint Resolution 1,2025-05-02,https://docs.legis.wisconsin.gov/2025/proposals/reg/asm/bill/ab245,,,,https://openstates.org/wi/bills/2025/AB245/
os-063beb36-f62b-4556-9dff-85a55ec6c04c,bill,Alaska,HB 217,An Act relating to commercial motor vehicle licensing examinations; regulating autonomous vehicles; and providing for an effective date.,not passed,(S) REFERRED TO RULES,2025-05-02,https://www.akleg.gov/basis/Bill/Detail/34?Root=HB217,,,,https://openstates.org/ak/bills/34/HB217/
os-26cd873e-f021-4e1f-90e0-c41e50c39f01,bill,New York,S 7691,Establishes the Artificial Intelligence Literacy Act,not passed,REFERRED TO EDUCATION,2025-04-30,https://nyassembly.gov/leg/?bn=S07691&term=2025,,,,https://openstates.org/ny/bills/2025-2026/S7691/
os-13cfdb6e-b7eb-4d6e-bd42-41307e4be8a3,bill,New York,A 8109,Establishes the New York state autonomous vehicle task force,not passed,REFERRED TO TRANSPORTATION,2025-04-30,https://nyassembly.gov/leg/?bn=A08109&term=2025,,,,https://openstates.org/ny/bills/2025-2026/A8109/
os-7f542d4b-3ba5-433d-b376-df2ba82433af,bill,Wisconsin,AB 228,Relating to: tax incremental financing districts containing qualified data centers. (FE),did not pass,Failed to pass pursuant to Senate Joint Resolution 1,2025-04-29,https://docs.legis.wisconsin.gov/2025/proposals/reg/asm/bill/ab228,,,,https://openstates.org/wi/bills/2025/AB228/
os-e356d271-84b2-46b7-b2a9-c18eea7185fa,bill,Colorado,SB 25-318,Artificial Intelligence Consumer Protections,did not pass,"Senate Committee on Business, Labor, & Technology Postpone Indefinitely",2025-04-28,https://leg.colorado.gov/bills/sb25-318,,,,https://openstates.org/co/bills/2025A/SB25-318/
fr-2025-07368,order,Executive Office of the President,Executive Order 14277,Advancing Artificial Intelligence Education for American Youth,signed,Executive Order 14277,2025-04-28,https://www.federalregister.gov/documents/2025/04/28/2025-07368/advancing-artificial-intelligence-education-for-american-youth,,,,https://www.federalregister.gov/documents/2025/04/28/2025-07368/advancing-artificial-intelligence-education-for-american-youth
os-bd1bd5ed-edd2-46ae-a2e2-9c4c4c95a6dc,bill,Minnesota,SF 3444,Data centers exclusion from gross annual retail energy sales for energy conservation and optimization purposes,not passed,"Referred to Energy, Utilities, Environment, and Climate",2025-04-25,https://www.revisor.mn.gov/bills/94/2025/0/SF/3444?body=Senate,,,,https://openstates.org/mn/bills/2025-2026/SF3444/
os-83bda9f2-d3af-4f70-b162-69da3fc68e3c,bill,New York,S 7599,Relates to automated decision-making by government agencies,passed,APPROVAL MEMO.86,2025-04-23,https://nyassembly.gov/leg/?bn=S07599&term=2025,bias; privacy,,,https://openstates.org/ny/bills/2025-2026/S7599/
os-81a48ddb-7894-466f-a1eb-a24dd6d71f90,bill,Maine,LD 1690,An Act Regarding Artificial Intelligence In Campaign Advertising,did not pass,Pursuant to Joint Rule 310.3 Placed in Legislative Files (DEAD),2025-04-17,https://legislature.maine.gov/LawMakerWeb/summary.asp?ID=280098612,,,,https://openstates.org/me/bills/132/LD1690/
os-cd0f39fa-d733-49d4-97d1-c2806329c0dc,bill,Maine,LD 1727,An Act To Ensure Transparency In Consumer Transactions Involving Artificial Intelligence,passed,Signed by Governor,2025-04-17,https://legislature.maine.gov/LawMakerWeb/summary.asp?ID=280098635,,labeling-mandates,,https://openstates.org/me/bills/132/LD1727/
os-f9c06ba1-cb04-418f-8cf5-284472e18f94,bill,New Jersey,A 5548,Requires owner or operator of data center to submit water and energy usage report to BPU.,not passed,Substituted by S4293 (2R),2025-04-10,https://www.njleg.state.nj.us/bill-search/2024/A5548,,mandatory-reporting,New Jersey Board of Public Utilities,https://openstates.org/nj/bills/221/A5548/
us-119-s-1475,bill,Congress,S. 1475,Clean Cloud Act of 2025,not passed,Read twice and referred to the Committee on Environment and Public Works.,2025-04-10,https://www.congress.gov/bill/119th-congress/senate-bill/1475,power-bills,new-agency-powers,Environmental Protection Agency,https://www.congress.gov/bill/119th-congress/senate-bill/1475
os-611710cb-3db9-4ca1-8bdb-a9d1ea3249a0,bill,New Jersey,A 5564,Requires submission of energy usage plan to BPU for proposed artificial intelligence data centers; requires all electricity for artificial intelligence data centers to be derived from new clean energy sources.,not passed,"Introduced in the Assembly, Referred to Assembly Telecommunications and Utilities Committee",2025-04-10,https://www.njleg.state.nj.us/bill-search/2024/A5564,,data-center-limits; mandatory-reporting,,https://openstates.org/nj/bills/221/A5564/
os-f9f95128-aa72-4608-b25a-a3d6bbd4810a,bill,North Carolina,HB 934,Artificial Intelligence Regulatory Reform Act.,not passed,Reptd Fav Com Substitute,2025-04-10,https://www.ncleg.gov/BillLookUp/2025/H934,,,,https://openstates.org/nc/bills/2025/HB934/
os-3b0f8ac0-0dd4-419f-ac4e-b9b833cfed47,bill,New Jersey,A 5540,Establishes Artificial Intelligence Grant Program in Office of Secretary of Higher Education.,not passed,"Introduced in the Assembly, Referred to Assembly Public Safety and Preparedness Committee",2025-04-10,https://www.njleg.state.nj.us/bill-search/2024/A5540,,,,https://openstates.org/nj/bills/221/A5540/
os-0bc27871-ec98-4b9b-919a-7f4f21fbd092,bill,North Carolina,HB 1004,UNC Artificial Intelligence and Technology Hubs.,not passed,Passed 1st Reading,2025-04-10,https://www.ncleg.gov/BillLookUp/2025/H1004,,,,https://openstates.org/nc/bills/2025/HB1004/
os-d9e46364-1584-4a8a-8667-b4b24cebb7bf,bill,North Carolina,HB 970,Preventing Algorithmic Rent Fixing.,not passed,Passed 1st Reading,2025-04-10,https://www.ncleg.gov/BillLookUp/2025/H970,algorithmic-pricing,,,https://openstates.org/nc/bills/2025/HB970/
os-f87cc3b1-f430-4eb7-85da-3db2ed990348,bill,Maine,LD 1552,An Act To Prohibit Landlords From Setting Rents Through The Use Of Artificial Intelligence,did not pass,Pursuant to Joint Rule 310.3 Placed in Legislative Files (DEAD),2025-04-10,https://legislature.maine.gov/LawMakerWeb/summary.asp?ID=280098365,algorithmic-pricing,use-restrictions,,https://openstates.org/me/bills/132/LD1552/
us-119-hr-2794,bill,Congress,H.R. 2794,NO FAKES Act of 2025,not passed,Referred to the House Committee on the Judiciary.,2025-04-09,https://www.congress.gov/bill/119th-congress/house-bill/2794,deepfakes,preemption; use-restrictions,,https://www.congress.gov/bill/119th-congress/house-bill/2794
os-9fa0de96-4877-42a3-afbf-076fd97f53f5,bill,Colorado,SB 25-288,Intimate Digital Depictions Criminal & Civil Actions,passed,Governor Signed,2025-04-09,https://leg.colorado.gov/bills/sb25-288,,,,https://openstates.org/co/bills/2025A/SB25-288/
us-119-s-1367,bill,Congress,S. 1367,NO FAKES Act of 2025,not passed,Read twice and referred to the Committee on the Judiciary.,2025-04-09,https://www.congress.gov/bill/119th-congress/senate-bill/1367,deepfakes,preemption; use-restrictions,,https://www.congress.gov/bill/119th-congress/senate-bill/1367
us-119-s-1396,bill,Congress,S. 1396,Content Origin Protection and Integrity from Edited and Deepfaked Media Act of 2025,not passed,"Read twice and referred to the Committee on Commerce, Science, and Transportation.",2025-04-09,https://www.congress.gov/bill/119th-congress/senate-bill/1396,copyright; deepfakes,labeling-mandates,Federal Trade Commission; State Attorneys General,https://www.congress.gov/bill/119th-congress/senate-bill/1396
os-1c4d5da2-74af-407c-84ea-3c052a0ee9c6,bill,Alabama,SB 309,"Motor vehicles; operation of oversized vehicles operated by automated driving systems, prohibited",did not pass,Currently Indefinitely Postponed,2025-04-08,https://alison.legislature.state.al.us/files/pdf/SearchableInstruments/2025RS/SB309-int.pdf,,use-restrictions,,https://openstates.org/al/bills/2025rs/SB309/
os-dc777d7d-9fe1-41f4-8c05-de845237af30,bill,New York,S 7263,Imposes liability for damages caused by a chatbot impersonating certain licensed professionals,not passed,COMMITTED TO RULES,2025-04-07,https://nyassembly.gov/leg/?bn=S07263&term=2025,deepfakes,use-restrictions,,https://openstates.org/ny/bills/2025-2026/S7263/
os-8ff0f6ea-4ec3-4ca9-b22b-79ae6ad2ec72,bill,New York,A 7656,"Enacts the ""respect electoral audiovisual legitimacy (REAL) act""",not passed,REFERRED TO ELECTION LAW,2025-04-04,https://nyassembly.gov/leg/?bn=A07656&term=2025,deepfakes,use-restrictions,,https://openstates.org/ny/bills/2025-2026/A7656/
os-aa5eaa0c-da4a-42e0-b351-e1f761934e1a,bill,Colorado,SB 25-280,Data Center Development & Grid Modernization Act,not passed,Senate Committee on Appropriations Lay Over Unamended - Amendment(s) Failed,2025-04-04,https://leg.colorado.gov/bills/sb25-280,,mandatory-reporting; new-agency-powers,,https://openstates.org/co/bills/2025A/SB25-280/
os-e9a44f57-7713-4571-8f06-3b8b35b7e275,bill,Minnesota,SF 3265,Sales and use tax exemption for data centers repeal,not passed,Author added Carlson,2025-04-03,https://www.revisor.mn.gov/bills/94/2025/0/SF/3265?body=Senate,,,,https://openstates.org/mn/bills/2025-2026/SF3265/
us-119-s-1290,bill,Congress,S. 1290,Artificial Intelligence and Critical Technology Workforce Framework Act of 2025,not passed,"Read twice and referred to the Committee on Commerce, Science, and Transportation.",2025-04-03,https://www.congress.gov/bill/119th-congress/senate-bill/1290,,,,https://www.congress.gov/bill/119th-congress/senate-bill/1290
os-59965190-2135-4028-8fd6-3916da59c812,bill,Alabama,HB 515,Artificial intelligence; regulate use in health coverage decisions,not passed,Read for the first time and referred to the House Committee on Insurance,2025-04-03,https://alison.legislature.state.al.us/files/pdf/SearchableInstruments/2025RS/HB515-int.pdf,ai-care-decisions,,,https://openstates.org/al/bills/2025rs/HB515/
os-a0b7d5a1-4a1e-46c0-a12d-2337ebbe329f,bill,Alabama,HB 516,"Consumer protection, use of a computer to interact with a consumer when consumer believes the interaction is with a human is an unlawful trade practice",not passed,Read for the first time and referred to the House Committee on Commerce and Small Business,2025-04-03,https://alison.legislature.state.al.us/files/pdf/SearchableInstruments/2025RS/HB516-int.pdf,,use-restrictions,,https://openstates.org/al/bills/2025rs/HB516/
os-a7e8fa93-ffb9-443d-a17c-1c2e8f884702,bill,Arkansas,HB 1958,TO REQUIRE PUBLIC ENTITIES TO CREATE A POLICY CONCERNING THE AUTHORIZED USE OF ARTIFICIAL INTELLIGENCE.,passed,Notification that HB1958 is now Act 848,2025-04-01,https://www.arkleg.state.ar.us/assembly/2025/2025R/Pages/BillInformation.aspx?measureno=HB1958,,,,https://openstates.org/ar/bills/2025/HB1958/
os-43851aef-176d-4db0-910f-29c855878c9b,bill,Ohio,SB 164,Regulate the use of artificial intelligence by health insurers,not passed,Referred to committee,2025-04-01,https://www.legislature.ohio.gov/legislation/136/sb164,,,,https://openstates.org/oh/bills/136/SB164/
us-119-hres-286,resolution,Congress,H.Res. 286,"Of inquiry requesting the President to transmit certain documents relating to the dangerous, unaccountable use of AI by the United States DOGE Service to jeopardize the private information and essential services of the American people.",not passed,Committee Consideration and Mark-up Session Held,2025-04-01,https://www.congress.gov/bill/119th-congress/house-resolution/286,privacy,,,https://www.congress.gov/bill/119th-congress/house-resolution/286
os-8fe9ce82-9df8-4264-bf29-d63a27882beb,bill,Ohio,SB 163,"Regards AI images, simulated child porn, replica identity fraud",not passed,Referred to committee,2025-04-01,https://www.legislature.ohio.gov/legislation/136/sb163,ai-scams; deepfakes; kids-chatbots,labeling-mandates; use-restrictions,,https://openstates.org/oh/bills/136/SB163/
us-119-s-1213,bill,Congress,S. 1213,Protect Elections from Deceptive AI Act,not passed,Read twice and referred to the Committee on Rules and Administration.,2025-03-31,https://www.congress.gov/bill/119th-congress/senate-bill/1213,deepfakes,use-restrictions,,https://www.congress.gov/bill/119th-congress/senate-bill/1213
os-f9aa29a4-7158-49c6-a743-f63211eb9a14,bill,Rhode Island,SB 921,AN ACT RELATING TO STATE AFFAIRS AND GOVERNMENT -- RHODE ISLAND COMMERCE CORPORATION -- QUALIFIED DATA CENTERS LOCATION INCENTIVE,not passed,05/06/2025 Committee recommended measure be held for further study,2025-03-28,http://webserver.rilegislature.gov/BillText/BillText25/SenateText25/S0921.pdf,,,,https://openstates.org/ri/bills/2025/SB921/
os-57c254e3-551d-4b8b-a1d2-9eb4ef7a9d02,bill,New York,S 7033,Enacts the preventing algorithmic pricing discrimination act,did not pass,"RECOMMIT, ENACTING CLAUSE STRICKEN",2025-03-28,https://nyassembly.gov/leg/?bn=S07033&term=2025,,labeling-mandates,,https://openstates.org/ny/bills/2025-2026/S7033/
os-53d43984-9ef5-4139-af30-b933261caee9,bill,Alaska,SB 148,An Act regulating autonomous vehicles; and providing for an effective date.,not passed,(S) Heard & Held,2025-03-28,https://www.akleg.gov/basis/Bill/Detail/34?Root=SB148,,,,https://openstates.org/ak/bills/34/SB148/
os-e4ceccaa-61d8-4d12-9f57-6c53e9dff1d5,bill,Minnesota,HF 2928,"Preapplication filings for large water appropriation projects required, permit application information for large water appropriation projects added, level of environmental review for data centers specified, data centers exempted from making financial contributions to an energy conservation and optimization plan, and other data center provisions modified.",not passed,Author added Jones,2025-03-27,https://www.revisor.mn.gov/bills/94/2025/0/HF/2928?body=House,,,,https://openstates.org/mn/bills/2025-2026/HF2928/
os-f8b5d499-3d61-487a-bdac-b0b10938cf49,bill,New York,S 6955,Establishes the artificial intelligence training data transparency act,not passed,SUBSTITUTED BY A6578B,2025-03-27,https://nyassembly.gov/leg/?bn=S06955&term=2025,,,,https://openstates.org/ny/bills/2025-2026/S6955/
os-9305897a-1d11-4837-ad9c-04ffd77e1407,bill,New York,S 6954,Requires synthetic content creations system providers to include provenance data on certain content made available by the provider,not passed,RETURNED TO SENATE,2025-03-27,https://nyassembly.gov/leg/?bn=S06954&term=2025,,labeling-mandates,,https://openstates.org/ny/bills/2025-2026/S6954/
os-9ee27d9d-d538-42d6-9200-f1f0c9187475,bill,Minnesota,SF 3098,Prohibition from using artificial intelligence to dynamically set product prices,not passed,"Comm report: Amended, No recommendation, re-referred to Commerce and Consumer Protection",2025-03-27,https://www.revisor.mn.gov/bills/94/2025/0/SF/3098?body=Senate,algorithmic-pricing,use-restrictions,,https://openstates.org/mn/bills/2025-2026/SF3098/
os-41276e74-d510-4739-8450-d42c7407e3bc,bill,New York,S 6953,Relates to the training and use of artificial intelligence frontier models,passed,APPROVAL MEMO.76,2025-03-27,https://nyassembly.gov/leg/?bn=S06953&term=2025,loss-of-control,mandatory-reporting; new-agency-powers; use-restrictions,New York Attorney General; New York Division of Homeland Security and Emergency Services,https://openstates.org/ny/bills/2025-2026/S6953/
us-119-hr-2385,bill,Congress,H.R. 2385,CREATE AI Act of 2025,not passed,Ordered to be Reported in the Nature of a Substitute (Amended) by the Yeas and Nays: 29 - 0.,2025-03-26,https://www.congress.gov/bill/119th-congress/house-bill/2385,,,,https://www.congress.gov/bill/119th-congress/house-bill/2385
os-5a728ca3-fe79-4424-bd58-ffc1e0550051,bill,Louisiana,HB 114,HEALTH CARE/PROVIDERS: Provides for the use of artificial intelligence by healthcare providers (OR INCREASE GF EX See Note),not passed,"Read by title, under the rules, referred to the Committee on Health and Welfare.",2025-03-25,https://www.legis.la.gov/Legis/BillInfo.aspx?i=248013,,,,https://openstates.org/la/bills/2025/HB114/
os-b3f7d366-1eae-4ff8-b6b3-dc29d1a37eaf,bill,North Carolina,SB 735,AI Innovation Trust Fund.,not passed,Passed 1st Reading,2025-03-25,https://www.ncleg.gov/BillLookUp/2025/S735,,,,https://openstates.org/nc/bills/2025/SB735/
os-f62fd260-3ea7-437b-8b92-3a311e52f085,bill,North Carolina,SB 624,AI Chatbots - Licensing/Safety/Privacy.,not passed,Passed 1st Reading,2025-03-25,https://www.ncleg.gov/BillLookUp/2025/S624,,,,https://openstates.org/nc/bills/2025/SB624/
os-a71a1903-28fe-4c54-b121-e25541c236f1,bill,North Carolina,SB 747,AI Learning Agenda.,not passed,Passed 1st Reading,2025-03-25,https://www.ncleg.gov/BillLookUp/2025/S747,,,,https://openstates.org/nc/bills/2025/SB747/
os-716505e0-b441-47de-9f89-7fea3cf68888,bill,North Carolina,SB 640,AI Ethics and Literacy Across Education.,not passed,Passed 1st Reading,2025-03-25,https://www.ncleg.gov/BillLookUp/2025/S640,,,,https://openstates.org/nc/bills/2025/SB640/
os-d09cfcd4-dfad-47bb-a9b6-a70bdc398440,bill,North Carolina,SB 619,AI Academic Support Grant Program.,not passed,Passed 1st Reading,2025-03-25,https://www.ncleg.gov/BillLookUp/2025/S619,,,,https://openstates.org/nc/bills/2025/SB619/
us-119-s-1110,bill,Congress,S. 1110,Leveraging Artificial Intelligence to Streamline the Code of Federal Regulations Act of 2025,not passed,Read twice and referred to the Committee on Homeland Security and Governmental Affairs.,2025-03-25,https://www.congress.gov/bill/119th-congress/senate-bill/1110,,,,https://www.congress.gov/bill/119th-congress/senate-bill/1110
os-c022d0f7-8889-4d7b-a6fb-2c9cf7f1d1d2,bill,Maine,LD 1301,An Act To Prohibit The Use Of Artificial Intelligence In The Denial Of Health Insurance Claims,did not pass,Pursuant to Joint Rule 310.3 Placed in Legislative Files (DEAD),2025-03-25,https://legislature.maine.gov/LawMakerWeb/summary.asp?ID=280097742,ai-care-decisions,use-restrictions,,https://openstates.org/me/bills/132/LD1301/
os-f65e05cf-2a24-44e6-9df1-ddb12e17ce78,bill,New Jersey,S 4293,Requires owner or operator of data center to submit water and energy usage report to BPU.,vetoed,"Conditional Veto, Received in the Senate",2025-03-24,https://www.njleg.state.nj.us/bill-search/2024/S4293,,mandatory-reporting,,https://openstates.org/nj/bills/221/S4293/
os-c58e8fed-935a-45bf-a638-4dd329ff33ed,bill,Nevada,AB 537,Enacts provisions relating to the use of artificial intelligence by the Department of Taxation. (BDR 32-420),not passed,"(Pursuant to Joint Standing Rule No. 14.3.1, no further action allowed.)",2025-03-24,https://www.leg.state.nv.us/App/NELIS/REL/83rd2025/Bill/12828/Overview,,,,https://openstates.org/nv/bills/83/AB537/
os-93cab3fa-5855-4e8f-b8c6-4f563239d74a,bill,New York,A 7278,Prohibits the use of certain artificial intelligence models,not passed,REFERRED TO SCIENCE AND TECHNOLOGY,2025-03-21,https://nyassembly.gov/leg/?bn=A07278&term=2025,,,,https://openstates.org/ny/bills/2025-2026/A7278/
os-843341de-9bbe-4b0b-92e6-94c5e2d5e04d,bill,New York,S 6748,Requires publications to identify when the use of artificial intelligence is present within such publication,not passed,REFERRED TO CONSUMER PROTECTION,2025-03-21,https://nyassembly.gov/leg/?bn=S06748&term=2025,,labeling-mandates,,https://openstates.org/ny/bills/2025-2026/S6748/
os-7473f8cd-9d58-4496-8084-6aed3622c130,bill,Wisconsin,SB 142,"Relating to: algorithmic software for residential housing, and providing a penalty.",did not pass,Failed to pass pursuant to Senate Joint Resolution 1,2025-03-21,https://docs.legis.wisconsin.gov/2025/proposals/reg/sen/bill/sb142,algorithmic-pricing,use-restrictions,,https://openstates.org/wi/bills/2025/SB142/
os-1a549bdc-567a-43d3-8c1c-870fddc897d4,bill,New York,A 7172,Relation to the regulation of the use of artificial intelligence and facial recognition technology in criminal investigations,not passed,ORDERED TO THIRD READING RULES CAL.396,2025-03-21,https://nyassembly.gov/leg/?bn=A07172&term=2025,surveillance,,,https://openstates.org/ny/bills/2025-2026/A7172/
os-43a93e40-f598-486e-8812-434135cc3306,bill,New York,S 6751,Excludes a production using artificial intelligence or autonomous vehicles in a manner which results in the displacement of employees from the definition of qualified film,not passed,REFERRED TO INVESTIGATIONS AND GOVERNMENT OPERATIONS,2025-03-21,https://nyassembly.gov/leg/?bn=S06751&term=2025,job-loss,,,https://openstates.org/ny/bills/2025-2026/S6751/
os-de585ff8-7439-4034-beb2-d6149dea5fa9,bill,West Virginia,SB 857,Establishing economic incentives for data centers to locate within state,not passed,To Economic Development,2025-03-20,https://www.wvlegislature.gov/Bill_Status/Bills_history.cfm?input=857&year=2025&sessiontype=RS&btype=bill,,,,https://openstates.org/wv/bills/2025/SB857/
os-5c07e2d8-2063-4013-a1fc-de5e46d40fa5,bill,Arkansas,HB 1876,REGARDING THE OWNERSHIP OF MODEL TRAINING AND CONTENT GENERATED BY A GENERATIVE ARTIFICIAL INTELLIGENCE TOOL.,passed,Notification that HB1876 is now Act 927,2025-03-20,https://www.arkleg.state.ar.us/assembly/2025/2025R/Pages/BillInformation.aspx?measureno=HB1876,,,,https://openstates.org/ar/bills/2025/HB1876/
os-55d89e09-903a-4f47-877f-9ca2e2a68546,bill,Arkansas,HB 1877,CONCERNING CRIMINAL OFFENSES RELATED TO POSSESSION OF SEXUALLY EXPLICIT MATERIAL THAT DEPICTS A CHILD; AND TO INCLUDE A COMPUTER GENERATED IMAGE THAT IS INDISTINGUISHABLE FROM THE IMAGE OF A CHILD.,passed,Notification that HB1877 is now Act 977,2025-03-20,https://www.arkleg.state.ar.us/assembly/2025/2025R/Pages/BillInformation.aspx?measureno=HB1877,deepfakes,use-restrictions,,https://openstates.org/ar/bills/2025/HB1877/
os-dc938344-1eed-4df3-9a6f-28b9b5e5ca17,bill,Ohio,HB 185,Regards an individual's persona usage; prohibit certain deepfakes,not passed,Referred to committee,2025-03-19,https://www.legislature.ohio.gov/legislation/136/hb185,,use-restrictions,,https://openstates.org/oh/bills/136/HB185/
os-55482888-c07c-4e43-ad84-ec6ba04a813f,bill,West Virginia,SB 803,Relating to data centers,not passed,To Economic Development,2025-03-19,https://www.wvlegislature.gov/Bill_Status/Bills_history.cfm?input=803&year=2025&sessiontype=RS&btype=bill,,,,https://openstates.org/wv/bills/2025/SB803/
os-8856eee8-65ec-4af0-bc14-5daf63ad0c89,resolution,West Virginia,HCR 94,Requesting a study regarding the creating of an artificial intelligence elective course to be offered in high schools,not passed,To House Rules,2025-03-18,https://www.wvlegislature.gov/Bill_Status/Resolution_History.cfm?year=2025&sessiontype=RS&input4=94&billtype=cr&houseorig=h&btype=res,,,,https://openstates.org/wv/bills/2025/HCR94/
os-45ded18d-9fbb-4cef-88d5-6577cef121e7,bill,New York,A 6974,Enacts the Stop Addictive Feeds Exploitation (SAFE) for all act,not passed,REFERRED TO CONSUMER AFFAIRS AND PROTECTION,2025-03-18,https://nyassembly.gov/leg/?bn=A06974&term=2025,,,,https://openstates.org/ny/bills/2025-2026/A6974/
os-d3105128-f2d6-408d-a7e8-b2c5ef4cd156,bill,Arkansas,HB 1823,TO ESTABLISH THE DISRUPT EXPLICIT FORGED IMAGES AND NONCONSENSUAL EDITS ACT OF 2025; AND TO CLARIFY THE RIGHTS FOR AN INDIVIDUAL AFFECTED BY NONCONSENSUAL ACTIVITIES INVOLVING INTIMATE DIGITAL FORGERIES.,did not pass,Died in House Committee at Sine Die adjournment.,2025-03-18,https://www.arkleg.state.ar.us/assembly/2025/2025R/Pages/BillInformation.aspx?measureno=HB1823,deepfakes,use-restrictions,,https://openstates.org/ar/bills/2025/HB1823/
os-7200ebdf-a267-4bb9-880a-9e994de2d857,bill,New York,A 7029,Relates to directing the commissioner of education to make recommendations to the board of regents regarding the incorporation of instruction in artificial intelligence system literacy into the school curriculum,not passed,REFERRED TO EDUCATION,2025-03-18,https://nyassembly.gov/leg/?bn=A07029&term=2025,,,,https://openstates.org/ny/bills/2025-2026/A7029/
os-64cdd97d-4cac-4f5d-b84a-3defb8fc85b2,bill,Oregon,HB 3936,Relating to the security of state assets.,passed,"Chapter 396, (2025 Laws): Effective date January 1, 2026.",2025-03-18,https://olis.oregonlegislature.gov/liz/2025R1/Measures/Overview/HB3936,,,,https://openstates.org/or/bills/2025R1/HB3936/
os-ca55068c-0d6a-4e41-80c0-613b0f752019,bill,New York,A 6972,Relates to creating an artificial intelligence working group in the department of education,not passed,REFERRED TO EDUCATION,2025-03-18,https://nyassembly.gov/leg/?bn=A06972&term=2025,,,,https://openstates.org/ny/bills/2025-2026/A6972/
os-af81b786-d089-45b0-aba6-d88589d2df58,bill,New York,A 6874,Establishes the Artificial Intelligence Literacy Act,not passed,REFERRED TO EDUCATION,2025-03-18,https://nyassembly.gov/leg/?bn=A06874&term=2025,,,,https://openstates.org/ny/bills/2025-2026/A6874/
os-ec5c6cb7-6c30-435d-861e-153a95ebebd6,bill,New Jersey,A 5462,Requires electric public utilities to develop and apply special rules for large load customers to protect non-large load customers from increased costs.**,not passed,Passed Assembly (Passed Both Houses) (51-23-0),2025-03-17,https://www.njleg.state.nj.us/bill-search/2024/A5462,power-bills,,,https://openstates.org/nj/bills/221/A5462/
os-65dc7705-978c-4d46-8291-d63b52dda1d3,bill,Wisconsin,AB 142,"Relating to: algorithmic software for residential housing, and providing a penalty.",did not pass,Failed to pass pursuant to Senate Joint Resolution 1,2025-03-17,https://docs.legis.wisconsin.gov/2025/proposals/reg/asm/bill/ab142,algorithmic-pricing,use-restrictions,,https://openstates.org/wi/bills/2025/AB142/
os-7759eefd-501c-4fe2-b1fd-daa284ed043a,bill,Minnesota,HF 2500,Algorithm and AI use prohibited during health insurance prior authorization request review.,not passed,Author added Jones,2025-03-17,https://www.revisor.mn.gov/bills/94/2025/0/HF/2500?body=House,ai-care-decisions,use-restrictions,,https://openstates.org/mn/bills/2025-2026/HF2500/
os-6b67db72-6d4b-442a-b722-1f75ff394222,bill,Minnesota,HF 2452,Artificial intelligence use to dynamically set product prices prohibited.,not passed,Author added Kotyza-Witthuhn,2025-03-17,https://www.revisor.mn.gov/bills/94/2025/0/HF/2452?body=House,algorithmic-pricing,use-restrictions,,https://openstates.org/mn/bills/2025-2026/HF2452/
os-eaa9d99b-4e7f-4493-b719-1eced577cfb4,bill,Arkansas,HB 1816,TO PROHIBIT HEALTHCARE PROVIDERS AND HEALTHCARE INSURERS FROM USING ARTIFICIAL INTELLIGENCE IN THE DELIVERY OF HEALTHCARE SERVICES OR THE GENERATION OF MEDICAL RECORDS UNLESS CERTAIN REQUIREMENTS ARE MET.,withdrawn,WITHDRAWN BY AUTHOR,2025-03-17,https://www.arkleg.state.ar.us/assembly/2025/2025R/Pages/BillInformation.aspx?measureno=HB1816,ai-care-decisions,use-restrictions,,https://openstates.org/ar/bills/2025/HB1816/
os-004b25c5-59f6-4beb-b8c9-abc2c7c56751,bill,Nevada,SB 395,Revises provisions relating to autonomous vehicles. (BDR 43-61),not passed,"(Pursuant to Joint Standing Rule No. 14.3.4, no further action allowed.)",2025-03-17,https://www.leg.state.nv.us/App/NELIS/REL/83rd2025/Bill/12701/Overview,,,,https://openstates.org/nv/bills/83/SB395/
os-4dc81c4a-561e-4259-84fa-5bf586be7aeb,bill,New Jersey,A 5466,Requires BPU to study effects of data centers on electricity costs.*,passed,"Approved P.L.2025, c.98.",2025-03-17,https://www.njleg.state.nj.us/bill-search/2024/A5466,power-bills,,,https://openstates.org/nj/bills/221/A5466/
os-963638b3-cf66-4299-b692-034993cb16bf,bill,Texas,SB 2888,Relating to the temporary sales and use tax exemptions for certain tangible personal property related to data centers and large data center projects.,not passed,Referred to Finance,2025-03-14,https://capitol.texas.gov/BillLookup/History.aspx?LegSess=89R&Bill=SB2888,,,,https://openstates.org/tx/bills/89R/SB2888/
os-91fa9f2b-dc3c-4ec7-9c65-9be883d317ab,bill,Texas,HB 5588,Relating to an exemption from ad valorem taxation of the total appraised value of real property used as a data center and the tangible personal property used by the data center to meet the data center's demand for energy.,not passed,Referred to Ways & Means,2025-03-14,https://capitol.texas.gov/BillLookup/History.aspx?LegSess=89R&Bill=HB5588,,,,https://openstates.org/tx/bills/89R/HB5588/
us-119-s-1071,bill,Congress,S. 1071,National Defense Authorization Act for Fiscal Year 2026,passed,Became Public Law No: 119-60.,2025-03-14,https://www.congress.gov/bill/119th-congress/senate-bill/1071,,,,https://www.congress.gov/bill/119th-congress/senate-bill/1071
os-e4c72bec-07e1-4bce-801f-c6f4241b62e7,bill,Texas,SB 2991,Relating to the use of an automated employment decision tool by an employer to assess a job applicant's fitness for a position; imposing an administrative penalty.,not passed,Referred to Business & Commerce,2025-03-14,https://capitol.texas.gov/BillLookup/History.aspx?LegSess=89R&Bill=SB2991,bias,,,https://openstates.org/tx/bills/89R/SB2991/
os-a063a1ef-6a22-45f1-a554-c9d552053731,bill,Rhode Island,HB 6097,AN ACT RELATING TO STATE AFFAIRS AND GOVERNMENT -- RHODE ISLAND COMMERCE CORPORATION -- QUALIFIED DATA CENTERS LOCATION INCENTIVE,not passed,05/06/2025 Committee recommended measure be held for further study,2025-03-14,http://webserver.rilegislature.gov/BillText/BillText25/HouseText25/H6097.pdf,,,,https://openstates.org/ri/bills/2025/HB6097/
os-954a35ac-2b71-4c5d-8ea8-75a58c13a649,bill,Texas,HB 5517,Relating to sexually explicit artificially generated images and videos.,not passed,Referred to Criminal Jurisprudence,2025-03-14,https://capitol.texas.gov/BillLookup/History.aspx?LegSess=89R&Bill=HB5517,deepfakes,,,https://openstates.org/tx/bills/89R/HB5517/
os-17521cf8-57d8-4b55-acee-2e80c26c980d,bill,Texas,HB 5496,Relating to the disclosure and use of artificial intelligence.,not passed,Referred to Delivery of Government Efficiency,2025-03-14,https://capitol.texas.gov/BillLookup/History.aspx?LegSess=89R&Bill=HB5496,,,,https://openstates.org/tx/bills/89R/HB5496/
os-e725312e-9743-4a33-92ed-9ce3c2b5f7d3,bill,Texas,SB 2966,Relating to establishing a framework to govern the use of artificial intelligence systems in critical decision-making by private companies and ensure consumer protections; authorizing a civil penalty.,not passed,Referred to Business & Commerce,2025-03-14,https://capitol.texas.gov/BillLookup/History.aspx?LegSess=89R&Bill=SB2966,,,,https://openstates.org/tx/bills/89R/SB2966/
os-6c554ce4-a519-419c-87c5-5012c9c9db16,bill,Texas,HB 5282,Relating to the use of artificial intelligence to score certain portions of assessment instruments administered to public school students.,not passed,Referred to Public Education,2025-03-14,https://capitol.texas.gov/BillLookup/History.aspx?LegSess=89R&Bill=HB5282,,,,https://openstates.org/tx/bills/89R/HB5282/
os-0463ea09-0de3-4d5b-946e-815581519598,bill,New York,S 6471,Relates to the use of automated decision tools by landlords for making housing decisions,not passed,REFERRED TO INVESTIGATIONS AND GOVERNMENT OPERATIONS,2025-03-14,https://nyassembly.gov/leg/?bn=S06471&term=2025,,use-restrictions,,https://openstates.org/ny/bills/2025-2026/S6471/
us-119-hr-2152,bill,Congress,H.R. 2152,AI PLAN Act,not passed,"Placed on the Union Calendar, Calendar No. 615.",2025-03-14,https://www.congress.gov/bill/119th-congress/house-bill/2152,deepfakes,,,https://www.congress.gov/bill/119th-congress/house-bill/2152
os-cd2e5c71-4a07-4536-8d1c-dfc2444caa74,bill,Texas,HB 149,Relating to regulation of the use of artificial intelligence systems in this state; providing civil penalties.,passed,Effective on 1/1/26,2025-03-14,https://capitol.texas.gov/BillLookup/History.aspx?LegSess=89R&Bill=HB149,bias; deepfakes; kids-chatbots; privacy; surveillance,mandatory-reporting; new-agency-powers; use-restrictions,Texas Attorney General; Texas Department of Information Resources,https://openstates.org/tx/bills/89R/HB149/
os-45d9319b-82f3-4ddf-827b-3683b8a657dd,bill,Rhode Island,SB 816,AN ACT RELATING TO ELECTIONS -- DECEPTIVE AND FRAUDULENT SYNTHETIC MEDIA IN ELECTION COMMUNICATIONS,passed,07/02/2025 Signed by Governor,2025-03-14,http://webserver.rilegislature.gov/BillText/BillText25/SenateText25/S0816A.pdf,deepfakes,,,https://openstates.org/ri/bills/2025/SB816/
us-119-s-1053,bill,Congress,S. 1053,FIGHT China Act of 2025,not passed,"Read twice and referred to the Committee on Banking, Housing, and Urban Affairs. (Sponsor introductory remarks on measure: CR S1746-1747)",2025-03-13,https://www.congress.gov/bill/119th-congress/senate-bill/1053,,,,https://www.congress.gov/bill/119th-congress/senate-bill/1053
os-c4a474bf-4c43-4a74-914d-0176ce720aee,bill,New York,S 6394,Relates to the regulation of energy consumption by data centers,not passed,PRINT NUMBER 6394B,2025-03-13,https://nyassembly.gov/leg/?bn=S06394&term=2025,power-bills,mandatory-reporting,,https://openstates.org/ny/bills/2025-2026/S6394/
os-1f335312-34bd-4ca4-87aa-020de16908f8,bill,Texas,SB 2473,Relating to the use of an automated employment decision tool by a state agency to assess a job applicant's fitness for a position.,not passed,Referred to Business & Commerce,2025-03-13,https://capitol.texas.gov/BillLookup/History.aspx?LegSess=89R&Bill=SB2473,,,,https://openstates.org/tx/bills/89R/SB2473/
os-524876f9-6c3d-4371-bdec-415a5a2cd71a,bill,Texas,SB 2567,Relating to the deceptive trade practice of failure to disclose information regarding the use of artificial intelligence system or algorithmic pricing systems for setting of price.,not passed,Referred to Business & Commerce,2025-03-13,https://capitol.texas.gov/BillLookup/History.aspx?LegSess=89R&Bill=SB2567,algorithmic-pricing,labeling-mandates,,https://openstates.org/tx/bills/89R/SB2567/
os-d8314328-93e6-4eeb-ae7b-452ba8062738,bill,Texas,HB 4911,"Relating to prosecution and punishment of certain criminal offenses prohibiting sexually explicit visual material involving depictions of children, computer-generated children, or other persons; creating criminal offenses; increasing criminal penalties.",not passed,Left pending in subcommittee,2025-03-13,https://capitol.texas.gov/BillLookup/History.aspx?LegSess=89R&Bill=HB4911,deepfakes,use-restrictions,,https://openstates.org/tx/bills/89R/HB4911/
os-72a2582c-383b-4514-8010-7797a54c2d74,bill,Texas,SB 2490,Relating to biometric identifiers used in the performance of artificial intelligence.,not passed,Referred to Business & Commerce,2025-03-13,https://capitol.texas.gov/BillLookup/History.aspx?LegSess=89R&Bill=SB2490,surveillance,,,https://openstates.org/tx/bills/89R/SB2490/
os-8bc9abeb-220e-4273-b0e1-9e8b8dd2c87f,bill,Texas,HB 5118,Relating to a study on employer and state agency use of automated employment decision tools in assessing an applicant's suitability for a position.,not passed,Placed on General State Calendar,2025-03-13,https://capitol.texas.gov/BillLookup/History.aspx?LegSess=89R&Bill=HB5118,,,,https://openstates.org/tx/bills/89R/HB5118/
os-75cd2bc0-720f-4f14-aae4-7ec200750441,resolution,Georgia,SR 391,Senate Study Committee on Artificial Intelligence and Digital Currency; create,adopted,Senate Passed/Adopted By Substitute,2025-03-13,https://www.legis.ga.gov/legislation/71344,,,,https://openstates.org/ga/bills/2025_26/SR391/
os-7b33c3ee-c782-4042-ad59-d611caab5ad9,bill,New York,A 6767,Relates to artificial intelligence companion models,not passed,ORDERED TO THIRD READING CAL.175,2025-03-13,https://nyassembly.gov/leg/?bn=A06767&term=2025,ai-companions,labeling-mandates; use-restrictions,,https://openstates.org/ny/bills/2025-2026/A6767/
os-1c7de956-df20-4c6c-be30-1621df9aeae5,bill,Texas,SB 2425,Relating to the regulation of automated motor vehicles; creating a criminal offense.,not passed,Placed on General State Calendar,2025-03-13,https://capitol.texas.gov/BillLookup/History.aspx?LegSess=89R&Bill=SB2425,,,,https://openstates.org/tx/bills/89R/SB2425/
os-d9607a21-85c9-48dd-8c22-4e1784e8ef2f,bill,New York,A 6765,Enacts the preventing algorithmic pricing discrimination act,not passed,ORDERED TO THIRD READING CAL.173,2025-03-12,https://nyassembly.gov/leg/?bn=A06765&term=2025,,labeling-mandates,,https://openstates.org/ny/bills/2025-2026/A6765/
os-a234e755-b781-49bb-8916-00751f26f8fe,bill,Texas,HB 4635,Relating to disclosure of the use of artificial intelligence in the denial of insurance claims.,not passed,Left pending in committee,2025-03-12,https://capitol.texas.gov/BillLookup/History.aspx?LegSess=89R&Bill=HB4635,ai-care-decisions,labeling-mandates,,https://openstates.org/tx/bills/89R/HB4635/
os-9090a484-a2e5-4a20-b02d-633ecb32cd60,bill,Texas,SB 2373,Relating to financial exploitation or financial abuse using artificially generated media or phishing communications; providing a civil penalty; creating a criminal offense.,passed,Effective on 9/1/25,2025-03-12,https://capitol.texas.gov/BillLookup/History.aspx?LegSess=89R&Bill=SB2373,ai-scams; deepfakes,use-restrictions,Texas Attorney General,https://openstates.org/tx/bills/89R/SB2373/
os-c3afcbf7-6a9d-4dd9-9132-1b170b7bab8d,bill,Texas,SB 2222,Relating to an exemption from ad valorem taxation of the total appraised value of real property used as a data center and the tangible personal property used by the data center to meet the data center's demand for energy.,not passed,Referred to Local Government,2025-03-11,https://capitol.texas.gov/BillLookup/History.aspx?LegSess=89R&Bill=SB2222,,,,https://openstates.org/tx/bills/89R/SB2222/
os-a521b436-2864-48c6-a265-7afc088a533c,resolution,Texas,SJR 72,Proposing a constitutional amendment to authorize the legislature to exempt from ad valorem taxation the total appraised value of real property used as a data center and the tangible personal property used by the data center to meet the data center's demand for energy.,not passed,Referred to Local Government,2025-03-11,https://capitol.texas.gov/BillLookup/History.aspx?LegSess=89R&Bill=SJR72,,,,https://openstates.org/tx/bills/89R/SJR72/
os-3153c82f-037f-458c-8893-363dabce6d5c,bill,Texas,HB 4448,Relating to an automated artificial intelligence review of library material purchased by public schools; providing an administrative penalty.,not passed,Referred to Public Education,2025-03-11,https://capitol.texas.gov/BillLookup/History.aspx?LegSess=89R&Bill=HB4448,,,,https://openstates.org/tx/bills/89R/HB4448/
os-568b52e4-ab25-4ed4-bec6-bd6012f7978c,bill,South Carolina,S 443,Health Claims & AI,not passed,Referred to Committee on Banking and Insurance,2025-03-11,https://www.scstatehouse.gov/billsearch.php?billnumbers=443&session=126&summary=B,ai-care-decisions,use-restrictions,,https://openstates.org/sc/bills/2025-2026/S443/
os-53b87ba6-87bb-46b5-bea7-2d83d863fb14,bill,Texas,HB 4455,Relating to the use of artificial intelligence by health care providers.,not passed,Referred to Public Health,2025-03-11,https://capitol.texas.gov/BillLookup/History.aspx?LegSess=89R&Bill=HB4455,,,,https://openstates.org/tx/bills/89R/HB4455/
os-9a6c2d10-0055-45f9-b796-c5492d768469,bill,North Carolina,HB 375,Artificial Intelligence/Ban Deceptive Ads.,not passed,Passed 1st Reading,2025-03-11,https://www.ncleg.gov/BillLookUp/2025/H375,,,,https://openstates.org/nc/bills/2025/HB375/
os-fd7f8498-2e66-4595-a9de-b755c14f856b,bill,Texas,HB 4402,Relating to human operators of certain automated motor vehicles.,not passed,Committee report sent to Calendars,2025-03-11,https://capitol.texas.gov/BillLookup/History.aspx?LegSess=89R&Bill=HB4402,,,,https://openstates.org/tx/bills/89R/HB4402/
os-d73b7e92-a950-4100-8605-76669a8b3727,bill,Connecticut,HB 7209,AN ACT CONCERNING LEGAL PROCEEDINGS INVOLVING HOUSING MATTERS AND THE IMPERMISSIBLE USE OF PRICING ALGORITHMS AND COMPETITORS' SENSITIVE DATA TO SET RENTAL PRICES.,not passed,FILE NO. 753,2025-03-10,https://www.cga.ct.gov/asp/cgabillstatus/cgabillstatus.asp?selBillType=Bill&bill_num=HB7209&which_year=2025,algorithmic-pricing,use-restrictions,,https://openstates.org/ct/bills/2025/HB7209/
os-06fa5b5e-9a05-4721-b122-76622883a8fd,bill,New York,S 6301,"Creates a temporary state commission to study and investigate how to regulate artificial intelligence, robotics and automation",not passed,REFERRED TO INTERNET AND TECHNOLOGY,2025-03-10,https://nyassembly.gov/leg/?bn=S06301&term=2025,,,,https://openstates.org/ny/bills/2025-2026/S6301/
os-04727bad-07d6-4cd3-9015-571e33a872b4,resolution,Hawaii,HCR 175,URGING THE ATTORNEY GENERAL TO INVESTIGATE THE EXTENT TO WHICH ALGORITHMIC PRICE-SETTING AND PRICE-FIXING PRACTICES ARE BEING USED IN THE STATE'S RENTAL HOUSING MARKET.,not passed,"Referred to HSG, CPC, referral sheet 22",2025-03-07,https://capitol.hawaii.gov/session/archives/measure_indiv_Archives.aspx?billtype=HCR&billnumber=175&year=2025,algorithmic-pricing,,,https://openstates.org/hi/bills/2025/HCR175/
os-87b2efb1-705e-4b99-a65d-a49e8620e4d1,resolution,Hawaii,HR 171,URGING THE ATTORNEY GENERAL TO INVESTIGATE THE EXTENT TO WHICH ALGORITHMIC PRICE-SETTING AND PRICE-FIXING PRACTICES ARE BEING USED IN THE STATE'S RENTAL HOUSING MARKET.,not passed,"Referred to HSG, CPC, referral sheet 22",2025-03-07,https://capitol.hawaii.gov/session/archives/measure_indiv_Archives.aspx?billtype=HR&billnumber=171&year=2025,algorithmic-pricing,,,https://openstates.org/hi/bills/2025/HR171/
os-1f2fa83e-cc42-468d-a760-c1fa6cc6986a,bill,Texas,HB 4018,Relating to use of artificial intelligence in utilization review conducted for health benefit plans.,not passed,Referred to Insurance,2025-03-07,https://capitol.texas.gov/BillLookup/History.aspx?LegSess=89R&Bill=HB4018,,use-restrictions,,https://openstates.org/tx/bills/89R/HB4018/
os-147915e5-bf3d-423f-a87e-4e998c32f552,bill,New York,S 6278,Establishes the crime of aggravated harassment by means of electronic or digital communication and provides for a private right of action for the unlawful dissemination or publication of deep fakes,not passed,REFERRED TO CODES,2025-03-07,https://nyassembly.gov/leg/?bn=S06278&term=2025,deepfakes,,,https://openstates.org/ny/bills/2025-2026/S6278/
os-2e816739-9553-431d-9df3-5ced2dc036ba,bill,Rhode Island,SB 627,AN ACT RELATING TO COMMERCIAL LAW -- GENERAL REGULATORY PROVISIONS -- ARTIFICIAL INTELLIGENCE ACT,not passed,05/12/2025 Committee recommended measure be held for further study,2025-03-07,http://webserver.rilegislature.gov/BillText/BillText25/SenateText25/S0627.pdf,,,,https://openstates.org/ri/bills/2025/SB627/
os-38449758-099d-4bea-8221-c3dc319f7447,bill,Minnesota,HF 1991,"Persons prohibited from allowing minors to access chatbots for recreational purposes, and civil penalties provided.",not passed,Author added Smith,2025-03-06,https://www.revisor.mn.gov/bills/94/2025/0/HF/1991?body=House,kids-chatbots,use-restrictions,,https://openstates.org/mn/bills/2025-2026/HF1991/
os-08b0043c-710d-43f1-bfb3-f1b06eb26d3f,bill,Texas,HB 3950,Relating to digital replication rights in the voice and visual likeness of individuals; providing private causes of action; authorizing a fee.,not passed,Referred to Judiciary & Civil Jurisprudence,2025-03-06,https://capitol.texas.gov/BillLookup/History.aspx?LegSess=89R&Bill=HB3950,deepfakes,use-restrictions,,https://openstates.org/tx/bills/89R/HB3950/
os-d04a4f4d-823c-4535-ba00-e23c0f03cfd6,resolution,Kentucky,SCR 142,A CONCURRENT RESOLUTION directing the establishment of the Commonwealth Artificial Intelligence Consortium Task Force.,not passed,to Senate Floor,2025-03-06,https://apps.legislature.ky.gov/record/25RS/scr142.html,,,,https://openstates.org/ky/bills/2025RS/SCR142/
os-a67d08fe-a024-4789-b1df-f2cfe159156e,bill,Connecticut,SB 1484,AN ACT IMPLEMENTING ARTIFICIAL INTELLIGENCE PROTECTIONS FOR EMPLOYEES.,not passed,"FAV. RPT., TAB. FOR CAL., SEN.",2025-03-06,https://www.cga.ct.gov/asp/cgabillstatus/cgabillstatus.asp?selBillType=Bill&bill_num=SB1484&which_year=2025,,,,https://openstates.org/ct/bills/2025/SB1484/
os-76e264f4-6c5d-4861-923a-fb634b7d98aa,bill,New York,A 6656,Relates to requiring responsible capability scaling policies,not passed,REFERRED TO CONSUMER AFFAIRS AND PROTECTION,2025-03-06,https://nyassembly.gov/leg/?bn=A06656&term=2025,,mandatory-reporting,New York Chief Information Officer,https://openstates.org/ny/bills/2025-2026/A6656/
os-c6f57d82-843d-49df-a36f-e8231f5be73b,bill,New York,A 6545,Imposes liability for damages caused by a chatbot impersonating certain licensed professionals,not passed,ORDERED TO THIRD READING RULES CAL.294,2025-03-06,https://nyassembly.gov/leg/?bn=A06545&term=2025,deepfakes,,,https://openstates.org/ny/bills/2025-2026/A6545/
us-119-hr-1941,bill,Congress,H.R. 1941,Preventing Deepfakes of Intimate Images Act,not passed,Referred to the House Committee on the Judiciary.,2025-03-06,https://www.congress.gov/bill/119th-congress/house-bill/1941,deepfakes,use-restrictions,,https://www.congress.gov/bill/119th-congress/house-bill/1941
os-7ab433b3-6101-4602-ae27-7d4110ca0488,bill,New York,A 6578,Establishes the artificial intelligence training data transparency act,not passed,RETURNED TO ASSEMBLY,2025-03-06,https://nyassembly.gov/leg/?bn=A06578&term=2025,,,,https://openstates.org/ny/bills/2025-2026/A6578/
os-75806cdb-f6f9-4470-84db-bac6fc5eba09,bill,West Virginia,HB 3187,Relating to the West Virginia Task Force on Artificial Intelligence,passed,"Chapter 38, Acts, Regular Session, 2025",2025-03-06,https://www.wvlegislature.gov/Bill_Status/Bills_history.cfm?input=3187&year=2025&sessiontype=RS&btype=bill,job-loss,,,https://openstates.org/wv/bills/2025/HB3187/
os-5579b8c7-f62f-4ff0-b17d-3f6a36dcee1a,bill,North Carolina,HB 301,Social Media and Artificial Intelligence (AI) Safety.,not passed,Conf Com Appointed,2025-03-05,https://www.ncleg.gov/BillLookUp/2025/H301,,,,https://openstates.org/nc/bills/2025/HB301/
os-63165cd1-c0cc-47a6-b7ca-d897c95f0804,bill,Texas,HB 3808,Relating to the creation of the artificial intelligence advisory council and the establishment of the artificial intelligence learning laboratory.,not passed,Referred to Delivery of Government Efficiency,2025-03-05,https://capitol.texas.gov/BillLookup/History.aspx?LegSess=89R&Bill=HB3808,,,,https://openstates.org/tx/bills/89R/HB3808/
os-dcf1cc26-eef0-469c-ab0d-8cf532edea49,bill,Texas,SB 1960,Relating to digital replication rights in the voice and visual likeness of individuals; providing private causes of action; authorizing a fee.,not passed,Left pending in committee,2025-03-05,https://capitol.texas.gov/BillLookup/History.aspx?LegSess=89R&Bill=SB1960,deepfakes,,,https://openstates.org/tx/bills/89R/SB1960/
os-d0b4b4b3-c3d6-4cfc-8164-91de44aa596a,bill,New York,A 6540,Requires synthetic content creations system providers to include provenance data on certain content made available by the provider,not passed,SUBSTITUTED BY S6954B,2025-03-05,https://nyassembly.gov/leg/?bn=A06540&term=2025,,labeling-mandates,,https://openstates.org/ny/bills/2025-2026/A6540/
os-a1411721-790e-4281-8e68-f446db4114dd,bill,New York,A 6491,Prohibits the creation and dissemination of synthetic media within sixty days of an election with intent to unduly influence the outcome of an election,not passed,REFERRED TO ELECTION LAW,2025-03-05,https://nyassembly.gov/leg/?bn=A06491&term=2025,deepfakes,use-restrictions,,https://openstates.org/ny/bills/2025-2026/A6491/
os-674f73e1-b068-44c9-8ae1-170dc5a16d7f,bill,Texas,HB 3837,Relating to the regulation of autonomous vehicles; creating a criminal offense.,not passed,Left pending in committee,2025-03-05,https://capitol.texas.gov/BillLookup/History.aspx?LegSess=89R&Bill=HB3837,,,,https://openstates.org/tx/bills/89R/HB3837/
os-1dde8d4e-94f9-4999-b908-c3ef80126cd2,bill,New York,A 6453,Relates to the training and use of artificial intelligence frontier models,not passed,SUBSTITUTED BY S6953B,2025-03-05,https://nyassembly.gov/leg/?bn=A06453&term=2025,,,,https://openstates.org/ny/bills/2025-2026/A6453/
os-4a575e7a-e109-40d0-b338-1fd900179dcd,bill,Texas,SB 1964,Relating to the regulation and use of artificial intelligence systems and the management of data by governmental entities.,passed,Effective on 9/1/25,2025-03-05,https://capitol.texas.gov/BillLookup/History.aspx?LegSess=89R&Bill=SB1964,bias,new-agency-powers,Texas Attorney General,https://openstates.org/tx/bills/89R/SB1964/
os-43b41db0-5e9c-4c39-9d30-40c672b69bf8,bill,Maine,LD 912,An Act To Address The Use Of Electricity By Data Centers,passed,Signed by Governor,2025-03-05,https://legislature.maine.gov/LawMakerWeb/summary.asp?ID=280097189,power-bills,data-center-limits,,https://openstates.org/me/bills/132/LD912/
os-90f5c01f-6076-4cec-a7ed-81c770692909,bill,West Virginia,HB 3137,Relating to establishing economic incentives for data centers to locate within the state,not passed,To House Energy and Manufacturing,2025-03-04,https://www.wvlegislature.gov/Bill_Status/Bills_history.cfm?input=3137&year=2025&sessiontype=RS&btype=bill,,,,https://openstates.org/wv/bills/2025/HB3137/
os-dc585c2d-814c-42f5-ba28-8ec42756dea0,bill,Texas,HB 3755,Relating to biometric identifiers used in the performance of artificial intelligence.,not passed,Referred to Delivery of Government Efficiency,2025-03-04,https://capitol.texas.gov/BillLookup/History.aspx?LegSess=89R&Bill=HB3755,surveillance,,,https://openstates.org/tx/bills/89R/HB3755/
os-e5f5ec8c-f129-483e-b8c4-a5adcc9f3052,bill,Maine,LD 872,"An Act To Ensure Determinations Made By The State Are Free From Unethical, Unsafe Or Illegal Interference By Artificial Intelligence",did not pass,Placed in Legislative Files (DEAD),2025-03-04,https://legislature.maine.gov/LawMakerWeb/summary.asp?ID=280097119,,,,https://openstates.org/me/bills/132/LD872/
os-c655d433-86c6-4695-8fe7-7f66db4d0a70,bill,Iowa,HSB 294,"A bill for an act relating to artificial intelligence, including the use of artificial intelligence to create materials related to elections and protections in interactions with artificial intelligence systems, and making penalties applicable.",not passed,"Committee vote: Yeas, 18. Nays, 3.",2025-03-04,https://www.legis.iowa.gov/legislation/billTracking/billHistory?billName=HSB 294&ga=91,deepfakes,,,https://openstates.org/ia/bills/2025-2026/HSB294/
os-8b784e99-c90f-487a-9892-0b0c3f2f76c0,bill,New Jersey,S 4253,"Establishes ""Artificial Intelligence Innovation Partnership""; provides funding for certain nonprofit partnerships to promote certain emerging technology businesses.",not passed,"Introduced in the Senate, Referred to Senate Economic Growth Committee",2025-03-03,https://www.njleg.state.nj.us/bill-search/2024/S4253,,,,https://openstates.org/nj/bills/221/S4253/
os-1f75010e-0eff-45ba-b9d4-128b5b459d65,bill,Texas,SB 1822,Relating to the use of artificial intelligence-based algorithms in utilization review conducted for certain health benefit plans.,not passed,Left pending in committee,2025-03-03,https://capitol.texas.gov/BillLookup/History.aspx?LegSess=89R&Bill=SB1822,ai-care-decisions,use-restrictions,,https://openstates.org/tx/bills/89R/SB1822/
us-119-hr-1770,bill,Congress,H.R. 1770,Consumer Safety Technology Act,not passed,"Received in the Senate and Read twice and referred to the Committee on Commerce, Science, and Transportation.",2025-03-03,https://www.congress.gov/bill/119th-congress/house-bill/1770,,,,https://www.congress.gov/bill/119th-congress/house-bill/1770
os-be117df2-2d95-46d2-bd86-09030d447e17,bill,New York,A 6293,Establishes the crime of aggravated harassment by means of electronic or digital communication and provides for a private right of action for the unlawful dissemination or publication of deep fakes,not passed,REFERRED TO SCIENCE AND TECHNOLOGY,2025-03-03,https://nyassembly.gov/leg/?bn=A06293&term=2025,deepfakes,use-restrictions,,https://openstates.org/ny/bills/2025-2026/A6293/
os-2b595a67-45cc-445b-b99b-0a81c4f2d574,bill,Minnesota,HF 1838,Health insurance; use of artificial intelligence prohibited in the utilization review process.,not passed,"Introduction and first reading, referred to Commerce Finance and Policy",2025-03-03,https://www.revisor.mn.gov/bills/94/2025/0/HF/1838?body=House,ai-care-decisions,use-restrictions,,https://openstates.org/mn/bills/2025-2026/HF1838/
os-c315945c-5ae8-4b72-b9b4-c2a53dfb458a,bill,Georgia,HB 715,Fair and Future Ready Housing Act; enact,not passed,House Second Readers,2025-03-03,https://www.legis.ga.gov/legislation/71101,bias,labeling-mandates; use-restrictions,,https://openstates.org/ga/bills/2025_26/HB715/
os-4d05d7c0-bb36-4129-b387-47b46663a297,bill,Nevada,AB 325,Revises provisions relating to artificial intelligence. (BDR 36-393),passed,"Approved by the Governor.Chapter 123.",2025-03-03,https://www.leg.state.nv.us/App/NELIS/REL/83rd2025/Bill/12417/Overview,,,,https://openstates.org/nv/bills/83/AB325/
os-9bebf03f-68af-4063-b2bb-ff750368b5cb,bill,Florida,HB 1555,Insurers' Liabilities and Responsibilities,did not pass,Died in Insurance & Banking Subcommittee,2025-02-28,https://flsenate.gov/Session/Bill/2025/1555/ByCategory,ai-care-decisions,use-restrictions,,https://openstates.org/fl/bills/2025/HB1555/
os-ac62e635-5d36-43c0-96e5-2fbf0d0d6afa,bill,Texas,HB 3512,Relating to artificial intelligence training programs for certain employees and officials of state agencies and local governments.,passed,Effective on 9/1/25,2025-02-28,https://capitol.texas.gov/BillLookup/History.aspx?LegSess=89R&Bill=HB3512,,,,https://openstates.org/tx/bills/89R/HB3512/
os-23499316-ba93-4e65-b400-1a820ba3e990,bill,Rhode Island,HB 5872,AN ACT RELATING TO ELECTIONS -- DECEPTIVE AND FRAUDULENT SYNTHETIC MEDIA IN ELECTION COMMUNICATIONS,passed,07/02/2025 Signed by Governor,2025-02-28,http://webserver.rilegislature.gov/BillText/BillText25/HouseText25/H5872A.pdf,deepfakes,use-restrictions,,https://openstates.org/ri/bills/2025/HB5872/
os-301cca81-97af-424d-afc5-2a116e0f5337,bill,Massachusetts,H 74,An Act relative to the contracting of digital replicas,not passed,"Accompanied a new draft, see H4832",2025-02-27,https://malegislature.gov/Bills/194/H74,deepfakes,,,https://openstates.org/ma/bills/194th/H74/
os-e3bece57-4949-4ee0-9462-5023e6bcd5c3,bill,Massachusetts,HD 3986,An Act relative to the contracting of digital replicas,not passed,Senate concurred,2025-02-27,https://malegislature.gov/Bills/194/HD3986,deepfakes,,,https://openstates.org/ma/bills/194th/HD3986/
os-e4cffa82-ded2-43e6-bd43-bfc65c056d3b,bill,Massachusetts,H 1946,An Act to implement the recommendations of the special commission on facial recognition technology,not passed,"Accompanied a new draft, see H4640",2025-02-27,https://malegislature.gov/Bills/194/H1946,,,,https://openstates.org/ma/bills/194th/H1946/
os-462ff7da-c13e-431e-af13-5a598d22d3bb,bill,Massachusetts,H 1564,An Act relative to preventing algorithmic rent fixing in the rental housing market,not passed,"Accompanied a new draft, see H5222",2025-02-27,https://malegislature.gov/Bills/194/H1564,algorithmic-pricing,,,https://openstates.org/ma/bills/194th/H1564/
os-aa4d3235-42b3-4a55-a3c2-bb3c91246e64,bill,Massachusetts,S 1053,An Act to implement the recommendations of the special commission on facial recognition technology,not passed,Hearing scheduled for 07/15/2025 from 01:00 PM-08:00 PM in A-2,2025-02-27,https://malegislature.gov/Bills/194/S1053,,,,https://openstates.org/ma/bills/194th/S1053/
os-ee3c1f02-6a60-4458-b740-9ff5fa490a0c,bill,Massachusetts,SD 1203,An Act relative to preventing algorithmic rent fixing in the rental housing market,not passed,House concurred,2025-02-27,https://malegislature.gov/Bills/194/SD1203,algorithmic-pricing,,,https://openstates.org/ma/bills/194th/SD1203/
os-09b29e58-801c-4a05-a315-710497f9aa1f,bill,Massachusetts,SD 838,An Act fostering artificial intelligence responsibility,not passed,House concurred,2025-02-27,https://malegislature.gov/Bills/194/SD838,,,,https://openstates.org/ma/bills/194th/SD838/
us-119-hr-1692,bill,Congress,H.R. 1692,PATHS Act,not passed,Received in the Senate and Read twice and referred to the Committee on Homeland Security and Governmental Affairs.,2025-02-27,https://www.congress.gov/bill/119th-congress/house-bill/1692,,,,https://www.congress.gov/bill/119th-congress/house-bill/1692
os-33fb0936-e710-41f5-9997-4e818d5ffbb9,bill,Massachusetts,SD 1926,An Act to establish a commission to investigate AI in education,not passed,House concurred,2025-02-27,https://malegislature.gov/Bills/194/SD1926,,,,https://openstates.org/ma/bills/194th/SD1926/
os-e91c8c8c-7605-4bbf-bfab-0769f6ea90bf,bill,Massachusetts,S 1016,An Act relative to preventing algorithmic rent fixing in the rental housing market,not passed,"Accompanied a new draft, see S2983",2025-02-27,https://malegislature.gov/Bills/194/S1016,algorithmic-pricing,,,https://openstates.org/ma/bills/194th/S1016/
os-7fd27c7c-659c-479a-a9db-8f731dda4ebb,bill,Massachusetts,SD 1909,An Act promoting economic development with emerging artificial intelligence models and safety,not passed,House concurred,2025-02-27,https://malegislature.gov/Bills/194/SD1909,,,,https://openstates.org/ma/bills/194th/SD1909/
os-d858ed9c-7ae9-4251-8ec9-92009b7fbc1b,bill,Massachusetts,SD 265,An Act to protect against election misinformation,not passed,"Referred to the committee on Advanced Information Technology, the Internet and Cybersecurity",2025-02-27,https://malegislature.gov/Bills/194/SD265,deepfakes,,,https://openstates.org/ma/bills/194th/SD265/
os-9697991d-1df6-4a58-9422-8a0f44a4c097,bill,Massachusetts,SD 2592,An Act establishing protections for consumers interacting with artificial intelligence chatbots,not passed,House concurred,2025-02-27,https://malegislature.gov/Bills/194/SD2592,,,,https://openstates.org/ma/bills/194th/SD2592/
os-8103f2d0-4101-4c49-afac-f72e504d09b1,bill,Massachusetts,SD 873,An Act relative to cybersecurity and artificial intelligence,not passed,"Referred to the committee on Advanced Information Technology, the Internet and Cybersecurity",2025-02-27,https://malegislature.gov/Bills/194/SD873,,,,https://openstates.org/ma/bills/194th/SD873/
os-d12ddaa2-aea4-483c-8f45-5daf1f431dec,bill,Massachusetts,SD 268,An Act relative to the use of artificial intelligence and other software tools in healthcare decision-making,not passed,"Referred to the committee on Advanced Information Technology, the Internet and Cybersecurity",2025-02-27,https://malegislature.gov/Bills/194/SD268,,,,https://openstates.org/ma/bills/194th/SD268/
os-a15950eb-d5aa-434f-9a89-e828f4d5ab8a,bill,Massachusetts,SD 2223,An Act requiring consumer notification for chatbot systems,not passed,House concurred,2025-02-27,https://malegislature.gov/Bills/194/SD2223,,labeling-mandates,,https://openstates.org/ma/bills/194th/SD2223/
os-0db21497-4cd5-421a-af70-7fb43c0c5009,bill,Massachusetts,SD 1607,An Act prohibiting algorithmic rent setting,not passed,House concurred,2025-02-27,https://malegislature.gov/Bills/194/SD1607,algorithmic-pricing,use-restrictions,,https://openstates.org/ma/bills/194th/SD1607/
os-6e93f7f5-26c3-4036-9672-0ff00146dcf8,bill,Massachusetts,SD 1313,"An Act relative to social media, algorithm accountability, and transparency",not passed,"Referred to the committee on Advanced Information Technology, the Internet and Cybersecurity",2025-02-27,https://malegislature.gov/Bills/194/SD1313,,,,https://openstates.org/ma/bills/194th/SD1313/
os-c2b9cb06-c817-4178-860d-677114378dc7,bill,Massachusetts,HD 4192,An Act reducing emissions from artificial intelligence,not passed,Senate concurred,2025-02-27,https://malegislature.gov/Bills/194/HD4192,,,,https://openstates.org/ma/bills/194th/HD4192/
os-3ef22aac-0767-4b74-987d-f65a32e03ace,bill,Texas,SB 1700,Relating to the artificial intelligence division within the Department of Information Resources.,not passed,Referred to Business & Commerce,2025-02-27,https://capitol.texas.gov/BillLookup/History.aspx?LegSess=89R&Bill=SB1700,,,,https://openstates.org/tx/bills/89R/SB1700/
os-bcdc7947-3395-42c0-bc2a-fadc073ca050,bill,Massachusetts,HD 4053,An Act protecting consumers in interactions with artificial intelligence systems,not passed,Senate concurred,2025-02-27,https://malegislature.gov/Bills/194/HD4053,,,,https://openstates.org/ma/bills/194th/HD4053/
os-462157f3-78b1-4f3c-bb91-313c3f7ff4a7,bill,Massachusetts,HD 3378,An Act establishing a special legislative commission to study load growth due to AI and data centers,not passed,Senate concurred,2025-02-27,https://malegislature.gov/Bills/194/HD3378,,,,https://openstates.org/ma/bills/194th/HD3378/
os-60dbd167-18ce-4450-bf53-ee887ab86215,bill,Massachusetts,HD 3940,An Act relative to issuing guidance regarding setting policies for the use of AI in schools,not passed,Senate concurred,2025-02-27,https://malegislature.gov/Bills/194/HD3940,,,,https://openstates.org/ma/bills/194th/HD3940/
os-3396b806-8045-4a88-b0d4-d1cc9d638751,bill,New Mexico,HJM 9,ARTIFICIAL INTELLIGENCE INTERIM COMMITTEE,did not pass,action postponed indefinitely,2025-02-27,http://www.nmlegis.gov/Legislation/Legislation?chamber=H&legType=JM&legNo=9&year=25,,,,https://openstates.org/nm/bills/2025/HJM9/
os-df7fe28d-a087-453b-ae52-8891c7a06f67,bill,Massachusetts,HD 1861,An Act regulating provenance regarding artificial intelligence,not passed,Senate concurred,2025-02-27,https://malegislature.gov/Bills/194/HD1861,,,,https://openstates.org/ma/bills/194th/HD1861/
os-7d8daa04-f450-419c-bba8-bd58def4b8fa,bill,Texas,HB 366,Relating to required disclosures on certain political advertising that contains altered media; creating a criminal offense.,not passed,Received from the House,2025-02-27,https://capitol.texas.gov/BillLookup/History.aspx?LegSess=89R&Bill=HB366,deepfakes,labeling-mandates,,https://openstates.org/tx/bills/89R/HB366/
os-6ed5bf74-d779-4853-ae44-12223b48a8bb,bill,Oregon,HB 3771,Relating to the regulation of artificial intelligence.,did not pass,In committee upon adjournment.,2025-02-27,https://olis.oregonlegislature.gov/liz/2025R1/Measures/Overview/HB3771,,,,https://openstates.org/or/bills/2025R1/HB3771/
os-5d4de7fd-9780-41a6-8cb9-f151e2ab9a5d,bill,Massachusetts,S 35,An Act fostering artificial intelligence responsibility,not passed,Bill reported favorably by committee and referred to the committee on Senate Ways and Means,2025-02-27,https://malegislature.gov/Bills/194/S35,,,,https://openstates.org/ma/bills/194th/S35/
os-05a25909-6c2e-42f9-9fb2-d7882ea1153a,bill,Minnesota,SF 1879,Cryptocurrency and artificial intelligence data centers sales exemption from certain energy savings goals provision,not passed,"Referred to Energy, Utilities, Environment, and Climate",2025-02-27,https://www.revisor.mn.gov/bills/94/2025/0/SF/1879?body=Senate,,,,https://openstates.org/mn/bills/2025-2026/SF1879/
os-fa3f51ce-f4b4-4ee8-9be6-f101d216c37e,bill,Minnesota,SF 1886,Individual communication with artificial intelligence disclosure requirement provision,not passed,"Comm report: Amended, No recommendation, re-referred to Commerce and Consumer Protection",2025-02-27,https://www.revisor.mn.gov/bills/94/2025/0/SF/1886?body=Senate,,labeling-mandates,,https://openstates.org/mn/bills/2025-2026/SF1886/
os-9c83e4d2-1cf0-4e76-a067-384d56879ab4,bill,New York,S 5668,"Relates to liability for misleading, incorrect, contradictory or harmful information provided to a user by a chatbot",not passed,REFERRED TO INTERNET AND TECHNOLOGY,2025-02-27,https://nyassembly.gov/leg/?bn=S05668&term=2025,misinformation,,,https://openstates.org/ny/bills/2025-2026/S5668/
os-fccc875d-66f7-4951-b863-3e706db285e8,bill,Massachusetts,S 49,An Act relative to cybersecurity and artificial intelligence,not passed,Bill reported favorably by committee and referred to the committee on Senate Ways and Means,2025-02-27,https://malegislature.gov/Bills/194/S49,,,,https://openstates.org/ma/bills/194th/S49/
os-c40f7a24-b44f-4758-92da-96e6491d63bb,bill,Massachusetts,H 81,An Act relative to artificial intelligence disclosure,not passed,"Accompanied a study order, see H5073",2025-02-27,https://malegislature.gov/Bills/194/H81,,,,https://openstates.org/ma/bills/194th/H81/
os-60780055-9264-4f02-838c-067e71de370d,bill,Massachusetts,H 77,An Act fostering artificial intelligence responsibility,not passed,Bill reported favorably by committee and referred to the committee on House Ways and Means,2025-02-27,https://malegislature.gov/Bills/194/H77,,,,https://openstates.org/ma/bills/194th/H77/
os-828f182e-6320-43d7-800e-caa5877603c1,bill,Massachusetts,H 90,An Act regulating provenance regarding artificial intelligence,not passed,"Accompanied a study order, see H5073",2025-02-27,https://malegislature.gov/Bills/194/H90,,,,https://openstates.org/ma/bills/194th/H90/
os-59082d2f-5e37-47d1-895b-547ddfd52c79,bill,Massachusetts,S 51,"An Act relative to social media, algorithm accountability, and transparency",not passed,Bill reported favorably by committee and referred to the committee on Senate Ways and Means,2025-02-27,https://malegislature.gov/Bills/194/S51,,,,https://openstates.org/ma/bills/194th/S51/
os-5626df22-b0b7-4478-946d-725595982d9c,bill,Massachusetts,S 429,An Act to establish a commission to investigate AI in education,not passed,"Accompanied a study order, see S2792",2025-02-27,https://malegislature.gov/Bills/194/S429,,,,https://openstates.org/ma/bills/194th/S429/
os-a8f98f64-d769-4197-b9dc-2774a6e6bac6,bill,Massachusetts,S 264,An Act establishing protections for consumers interacting with artificial intelligence chatbots,not passed,Bill reported favorably by committee and referred to the committee on Senate Ways and Means,2025-02-27,https://malegislature.gov/Bills/194/S264,,,,https://openstates.org/ma/bills/194th/S264/
os-49950c3c-4326-48d3-b037-2b04d6d7e163,bill,Massachusetts,H 83,An Act establishing a special legislative commission to study load growth due to AI and data centers,not passed,Discharged to the committee on House Rules,2025-02-27,https://malegislature.gov/Bills/194/H83,,,,https://openstates.org/ma/bills/194th/H83/
os-9cae9331-4492-43ba-92c9-834430314c14,bill,Massachusetts,S 994,An Act prohibiting algorithmic rent setting,not passed,"Accompanied a new draft, see S2983",2025-02-27,https://malegislature.gov/Bills/194/S994,algorithmic-pricing,use-restrictions,,https://openstates.org/ma/bills/194th/S994/
os-bb807c43-0149-4d8c-b641-51275fd58468,bill,Massachusetts,S 37,An Act promoting economic development with emerging artificial intelligence models and safety,not passed,"Accompanied a new draft, see S2630",2025-02-27,https://malegislature.gov/Bills/194/S37,,,,https://openstates.org/ma/bills/194th/S37/
os-804a46a9-c3a6-4db9-99d1-1f4cacf8df08,bill,Massachusetts,H 846,An Act enhancing disclosure requirements for synthetic media in political advertising,not passed,"New draft substituted, see H5094",2025-02-27,https://malegislature.gov/Bills/194/H846,deepfakes,labeling-mandates,,https://openstates.org/ma/bills/194th/H846/
os-53340202-b9f9-4c80-acf2-1308e5036c00,bill,Massachusetts,S 243,An Act requiring consumer notification for chatbot systems,not passed,Bill reported favorably by committee and referred to the committee on Senate Ways and Means,2025-02-27,https://malegislature.gov/Bills/194/S243,,labeling-mandates,,https://openstates.org/ma/bills/194th/S243/
os-061b14b5-d379-47c4-9875-4b052571cb6c,bill,Massachusetts,H 97,An Act protecting consumers in interactions with artificial intelligence systems,not passed,Bill reported favorably by committee and referred to the committee on House Ways and Means,2025-02-27,https://malegislature.gov/Bills/194/H97,,,,https://openstates.org/ma/bills/194th/H97/
os-39a18639-e748-49b9-89d8-f10931054da6,bill,Massachusetts,H 1210,An Act relative to AI health communications and informed patient consent,not passed,"Accompanied a study order, see H5066",2025-02-27,https://malegislature.gov/Bills/194/H1210,,,,https://openstates.org/ma/bills/194th/H1210/
os-2d83001c-de6f-4210-959a-141bc7f48421,bill,Massachusetts,H 614,An Act relative to issuing guidance regarding setting policies for the use of AI in schools,not passed,"Reporting date extended to Wednesday, March 18, 2026",2025-02-27,https://malegislature.gov/Bills/194/H614,,,,https://openstates.org/ma/bills/194th/H614/
os-7cd3710c-c4fe-463e-9bb6-2e01d449c7c0,bill,Massachusetts,S 44,An Act to protect against election misinformation,not passed,"Accompanied a new draft, see S2631",2025-02-27,https://malegislature.gov/Bills/194/S44,deepfakes,,,https://openstates.org/ma/bills/194th/S44/
os-7c70de66-d4fc-45d1-8336-420b0d413494,bill,Massachusetts,H 495,An Act reducing emissions from artificial intelligence,not passed,"Accompanied a study order, see H5178",2025-02-27,https://malegislature.gov/Bills/194/H495,,,,https://openstates.org/ma/bills/194th/H495/
os-0042eeed-d8e7-4ff4-ab08-7369819b9f4e,bill,Massachusetts,H 94,An Act to ensure accountability and transparency in artificial intelligence systems,not passed,Accompanied H97,2025-02-27,https://malegislature.gov/Bills/194/H94,,,,https://openstates.org/ma/bills/194th/H94/
os-849d5e90-07dd-49dc-835d-3994f2a3081d,bill,Massachusetts,S 46,An Act relative to the use of artificial intelligence and other software tools in healthcare decision-making,not passed,"Accompanied a new draft, see S2632",2025-02-27,https://malegislature.gov/Bills/194/S46,,,,https://openstates.org/ma/bills/194th/S46/
us-119-hr-1734,bill,Congress,H.R. 1734,Preventing Deep Fake Scams Act,not passed,Referred to the House Committee on Financial Services.,2025-02-27,https://www.congress.gov/bill/119th-congress/house-bill/1734,deepfakes,,,https://www.congress.gov/bill/119th-congress/house-bill/1734
us-119-hr-1694,bill,Congress,H.R. 1694,AI Accountability Act,not passed,Referred to the House Committee on Energy and Commerce.,2025-02-27,https://www.congress.gov/bill/119th-congress/house-bill/1694,,,,https://www.congress.gov/bill/119th-congress/house-bill/1694
us-119-hr-1736,bill,Congress,H.R. 1736,Generative AI Terrorism Risk Assessment Act,not passed,Received in the Senate and Read twice and referred to the Committee on Homeland Security and Governmental Affairs.,2025-02-27,https://www.congress.gov/bill/119th-congress/house-bill/1736,,,,https://www.congress.gov/bill/119th-congress/house-bill/1736
os-f31da09d-d215-40d1-a348-f158a9f7ca41,bill,Massachusetts,H 3649,An Act limiting autonomous driving capabilities to zero emission and electric vehicles,not passed,"Accompanied a study order, see H4775",2025-02-27,https://malegislature.gov/Bills/194/H3649,,use-restrictions,,https://openstates.org/ma/bills/194th/H3649/
os-31d4c363-cbbf-48ca-a954-52c2f6bdfe89,bill,Massachusetts,H 3669,An Act relative to the safety of autonomous vehicles,not passed,"Accompanied a study order, see H5328",2025-02-27,https://malegislature.gov/Bills/194/H3669,,,,https://openstates.org/ma/bills/194th/H3669/
os-e0c1505f-5e0b-46ab-965c-31d7394f417d,bill,Massachusetts,H 3634,An Act relative to providing multimodal transportation technologies,not passed,"Accompanied a study order, see H5326",2025-02-27,https://malegislature.gov/Bills/194/H3634,,,,https://openstates.org/ma/bills/194th/H3634/
os-2ecf2de5-bd85-46e3-8f34-b4022b165220,bill,Massachusetts,S 2393,An Act relative to the safety of autonomous vehicles,not passed,"Accompanied a study order, see S3245",2025-02-27,https://malegislature.gov/Bills/194/S2393,,,,https://openstates.org/ma/bills/194th/S2393/
os-7ffec788-6cc4-485e-83f7-610381c530a4,bill,Massachusetts,H 1280,An Act regulating insurance coverage for testing and deployment of autonomous vehicles and establishing school zone safety protocol,not passed,"Accompanied a study order, see H4777",2025-02-27,https://malegislature.gov/Bills/194/H1280,,,,https://openstates.org/ma/bills/194th/H1280/
os-7fd29cd1-f49b-4ff4-a443-d16f62423eba,bill,Massachusetts,S 2379,An Act relative to providing multimodal transportation technologies,not passed,"Accompanied a study order, see S3245",2025-02-27,https://malegislature.gov/Bills/194/S2379,,,,https://openstates.org/ma/bills/194th/S2379/
os-eb23065c-5116-4cdf-ba87-c3c582af6ca8,bill,Vermont,H 388,An act relating to the protection of an individual’s digital replica,not passed,Read first time and referred to the Committee on Commerce and Economic Development,2025-02-26,http://legislature.vermont.gov/bill/status/2026/H.388,deepfakes,,,https://openstates.org/vt/bills/2025-2026/H388/
os-4e455426-3cb1-453c-9233-dcd287379cb1,resolution,Alaska,HCR 3,Establishing the Joint Legislative Task Force on Artificial Intelligence.,not passed,(H) COSPONSOR(S): HOLLAND,2025-02-26,https://www.akleg.gov/basis/Bill/Detail/34?Root=HCR3#tab5_4,,,,https://openstates.org/ak/bills/34/HCR3/
os-e6b51350-99b9-4cee-b2ec-67d7536c9205,bill,Rhode Island,SB 488,AN ACT RELATING TO HUMAN SERVICES -- RHODE ISLAND MEDICAID ELIGIBILITY DETERMINATION ACT,not passed,04/03/2025 Committee recommended measure be held for further study,2025-02-26,http://webserver.rilegislature.gov/BillText/BillText25/SenateText25/S0488.pdf,,,,https://openstates.org/ri/bills/2025/SB488/
os-fd2c5568-f2fa-4376-965a-c5824788135f,bill,Vermont,H 365,An act relating to the regulation of social media platforms and artificial intelligence systems,not passed,Read first time and referred to the Committee on Commerce and Economic Development,2025-02-26,http://legislature.vermont.gov/bill/status/2026/H.365,,,,https://openstates.org/vt/bills/2025-2026/H365/
os-c3d927a3-1563-48c6-8a86-c247dde8546a,bill,Vermont,H 389,An act relating to restricting the use of artificial intelligence to affect rental housing pricing and availability,not passed,Read first time and referred to the Committee on Commerce and Economic Development,2025-02-26,http://legislature.vermont.gov/bill/status/2026/H.389,algorithmic-pricing,use-restrictions,,https://openstates.org/vt/bills/2025-2026/H389/
os-853fc0c8-dd75-4bce-8cb3-4252321031c6,bill,New York,A 6180,Excludes a production using artificial intelligence or autonomous vehicles in a manner which results in the displacement of employees from the definition of qualified film,not passed,REFERRED TO WAYS AND MEANS,2025-02-26,https://nyassembly.gov/leg/?bn=A06180&term=2025,job-loss,,,https://openstates.org/ny/bills/2025-2026/A6180/
us-119-hr-1569,bill,Congress,H.R. 1569,CATCH Fentanyl Act,not passed,"Placed on the Union Calendar, Calendar No. 187.",2025-02-25,https://www.congress.gov/bill/119th-congress/house-bill/1569,,,,https://www.congress.gov/bill/119th-congress/house-bill/1569
os-1ed673bf-e51c-4256-ac3d-87a46097d576,bill,Oregon,HB 3698,Relating to data centers.,did not pass,In committee upon adjournment.,2025-02-25,https://olis.oregonlegislature.gov/liz/2025R1/Measures/Overview/HB3698,,mandatory-reporting; new-agency-powers,Oregon Department of Energy; Oregon Environmental Quality Commission; Oregon Water Resources Department,https://openstates.org/or/bills/2025R1/HB3698/
os-ba47e84f-2f32-494e-9243-90e03125d8b3,bill,Missouri,HB 1462,"Establishes the ""AI Non-Sentience and Responsibility Act""",not passed,Referred: Emerging Issues(H),2025-02-25,https://house.mo.gov/billactions.aspx?bill=HB1462&year=2025&code=R,,,,https://openstates.org/mo/bills/2025/HB1462/
os-d0f07b9e-579d-4a2e-b336-aca8d0552f7e,bill,Florida,SB 1180,Sexual Images,not passed,"Laid on Table, companion bill(s) passed, see CS/CS/HB 757 (Ch. 2025-99)",2025-02-25,https://flsenate.gov/Session/Bill/2025/1180/ByCategory,deepfakes,,,https://openstates.org/fl/bills/2025/SB1180/
os-b27d7ece-0a70-4ad1-b51b-0c3868db6862,bill,Vermont,H 340,An act relating to regulating developers and deployers of certain automated decision systems,not passed,Read first time and referred to the Committee on Commerce and Economic Development,2025-02-25,http://legislature.vermont.gov/bill/status/2026/H.340,,,,https://openstates.org/vt/bills/2025-2026/H340/
os-41e931ac-d800-4082-99ba-031750caad3d,bill,Vermont,H 341,An act relating to creating oversight and safety standards for developers and deployers of inherently dangerous artificial intelligence systems,not passed,Read first time and referred to the Committee on Commerce and Economic Development,2025-02-25,http://legislature.vermont.gov/bill/status/2026/H.341,,new-agency-powers,,https://openstates.org/vt/bills/2025-2026/H341/
os-431b7bfc-1762-4b89-b03c-83bc17307e21,bill,Texas,SB 1621,"Relating to prosecution and punishment of certain criminal offenses prohibiting sexually explicit visual material involving depictions of children, computer-generated children, or other persons; creating criminal offenses; increasing criminal penalties.",passed,Effective on 9/1/25,2025-02-25,https://capitol.texas.gov/BillLookup/History.aspx?LegSess=89R&Bill=SB1621,deepfakes,use-restrictions,,https://openstates.org/tx/bills/89R/SB1621/
os-122ebc3a-3c95-42ec-add4-c270885fc84a,bill,West Virginia,SB 583,Establishing economic incentives for data centers to locate within state,not passed,To Economic Development,2025-02-24,https://www.wvlegislature.gov/Bill_Status/Bills_history.cfm?input=583&year=2025&sessiontype=RS&btype=bill,,,,https://openstates.org/wv/bills/2025/SB583/
os-2d760a4f-b32f-43d5-9f88-9286db25a78b,bill,Mississippi,SB 3168,Data center enterprises; revise certain definitions and other provisions relating to tax exemptions.,did not pass,Died In Committee,2025-02-24,http://billstatus.ls.state.ms.us/documents/2025/pdf/SB/3100-3199/SB3168PS.pdf,,,,https://openstates.org/ms/bills/2025/SB3168/
os-a1a6635c-6bbc-4b3b-9f40-0f4346d3f1f2,bill,Arizona,HB 2893,data centers; qualification period; distribution,not passed,House Second Reading,2025-02-24,https://apps.azleg.gov/BillStatus/BillOverview/83371?SessionId=129,,,,https://openstates.org/az/bills/57th-1st-regular/HB2893/
os-a600faa5-65e4-4532-b858-e852f68f2a85,bill,Minnesota,SF 1857,"Minor access to chatbots for conversational purposes by persons prohibition, penalties provided",not passed,Author added Klein,2025-02-24,https://www.revisor.mn.gov/bills/94/2025/0/SF/1857?body=Senate,kids-chatbots,use-restrictions,,https://openstates.org/mn/bills/2025-2026/SF1857/
os-bf152b34-d243-4369-aec9-5e9bb2e66890,bill,Minnesota,SF 1856,Usage of artificial intelligence in the utilization review process prohibition provision,not passed,"Comm report: Amended, No recommendation, re-referred to Commerce and Consumer Protection",2025-02-24,https://www.revisor.mn.gov/bills/94/2025/0/SF/1856?body=Senate,ai-care-decisions,,,https://openstates.org/mn/bills/2025-2026/SF1856/
os-96b1f8cc-bbb1-43c3-8e3a-c100b16e7b83,bill,Utah,SB 332,Artificial Intelligence Revisions,passed,Governor Signed,2025-02-24,https://le.utah.gov/~2025/bills/static/SB0332.html,,,,https://openstates.org/ut/bills/2025/SB332/
os-8d76ea1f-dc0e-4abc-9433-6cea1deca10f,bill,Rhode Island,SB 358,AN ACT RELATING TO COURTS AND CIVIL PROCEDURE -- PROCEDURE GENERALLY -- CAUSES OF ACTION,not passed,03/18/2025 Committee recommended measure be held for further study,2025-02-21,http://webserver.rilegislature.gov/BillText/BillText25/SenateText25/S0358.pdf,,,,https://openstates.org/ri/bills/2025/SB358/
os-ce620bbf-e527-41c1-ad7a-52c70075a0a8,bill,California,SB 683,"Privacy: use of a person's name, voice, signature, photograph, or likeness: injunctive relief.",passed,"Chaptered by Secretary of State. Chapter 590, Statutes of 2025.",2025-02-21,http://leginfo.legislature.ca.gov/faces/billNavClient.xhtml?bill_id=202520260SB683,,,,https://openstates.org/ca/bills/20252026/SB683/
os-e8d7e80c-4ec9-4531-82a2-79d2f5f9a903,bill,California,SB 771,Personal rights: liability: social media platforms.,vetoed,Veto sustained.,2025-02-21,http://leginfo.legislature.ca.gov/faces/billNavClient.xhtml?bill_id=202520260SB771,,,,https://openstates.org/ca/bills/20252026/SB771/
os-1d584a54-c6cb-48f4-9d87-38517ddd6cdc,bill,California,SB 833,Critical infrastructure: artificial intelligence systems: human oversight.,not passed,August 13 hearing: Held in committee and under submission.,2025-02-21,http://leginfo.legislature.ca.gov/faces/billNavClient.xhtml?bill_id=202520260SB833,,,,https://openstates.org/ca/bills/20252026/SB833/
os-0f5f512e-8200-4cb6-9263-4c59c3e2880b,bill,Georgia,HB 566,NO FAKES Act of 2025; enact,not passed,House Committee Favorably Reported By Substitute,2025-02-21,https://www.legis.ga.gov/legislation/70646,deepfakes,use-restrictions,,https://openstates.org/ga/bills/2025_26/HB566/
os-b5fdcde9-7610-4a22-8334-8180f567a091,bill,California,AB 1405,Artificial intelligence: auditors: registration.,passed,"Chaptered by Secretary of State - Chapter 178, Statutes of 2026.",2025-02-21,http://leginfo.legislature.ca.gov/faces/billNavClient.xhtml?bill_id=202520260AB1405,,mandatory-reporting; new-agency-powers,California Government Operations Agency,https://openstates.org/ca/bills/20252026/AB1405/
os-35e11073-431b-4892-9bad-06d53ac69921,resolution,New Jersey,SR 125,Urges states in PJM Interconnection region to require data centers to obtain electricity from new zero- or low-emission sources of energy.,not passed,"Reported out of Senate Committee, 2nd Reading",2025-02-20,https://www.njleg.state.nj.us/bill-search/2024/SR125,,,,https://openstates.org/nj/bills/221/SR125/
os-595044fd-9b2b-499a-b98a-53fa27423caa,bill,Georgia,HB 559,Sales and use tax; exemption for certain high-technology data center equipment; revise sunset date,not passed,House Second Readers,2025-02-20,https://www.legis.ga.gov/legislation/70610,,,,https://openstates.org/ga/bills/2025_26/HB559/
os-302151fe-fa5d-4a08-b8bf-c4eb35f5045c,bill,Minnesota,HF 1277,Data centers sales and use tax exemption modified.,not passed,Author added Zeleznikar,2025-02-20,https://www.revisor.mn.gov/bills/94/2025/0/HF/1277?body=House,,,,https://openstates.org/mn/bills/2025-2026/HF1277/
os-7f4006cc-e9c7-4192-ab4f-a395dee088b9,bill,California,AB 1018,Automated decision systems.,not passed,Read second time. Ordered to third reading.,2025-02-20,http://leginfo.legislature.ca.gov/faces/billNavClient.xhtml?bill_id=202520260AB1018,,labeling-mandates; new-agency-powers,,https://openstates.org/ca/bills/20252026/AB1018/
os-39dcdbca-e864-458f-93ee-b6f68ebda888,bill,New Mexico,HB 530,SENSITIVE DEEPFAKE IMAGES,did not pass,action postponed indefinitely,2025-02-20,http://www.nmlegis.gov/Legislation/Legislation?chamber=H&legType=B&legNo=530&year=25,,,,https://openstates.org/nm/bills/2025/HB530/
os-d6bdcea4-eaef-46f4-9574-fc86eb56a6c1,bill,California,AB 1095,Data centers: waste heat energy.,not passed,From committee: Filed with the Chief Clerk pursuant to Joint Rule 56.,2025-02-20,http://leginfo.legislature.ca.gov/faces/billNavClient.xhtml?bill_id=202520260AB1095,,,,https://openstates.org/ca/bills/20252026/AB1095/
os-982f40e5-ba70-4630-9de7-4cfcc28c670f,bill,Florida,HB 827,Statewide Study on Automation and Workforce Impact,vetoed,Vetoed by Governor,2025-02-20,https://flsenate.gov/Session/Bill/2025/827/ByCategory,job-loss,,,https://openstates.org/fl/bills/2025/HB827/
os-7638a887-c752-467e-be3b-d07ae3769f40,bill,Florida,SB 936,Statewide Study on Automation and Workforce Impact,not passed,Laid on Table,2025-02-20,https://flsenate.gov/Session/Bill/2025/936/ByCategory,job-loss,,,https://openstates.org/fl/bills/2025/SB936/
os-50a51b93-4db1-4ad9-b0a8-4353f11ca627,resolution,Pennsylvania,HR 81,A Resolution urging the Congress of the United States to amend 17 U.S.C. §§ 102 and 107 to protect creative workers against displacement by artificial intelligence technology.,not passed,Laid on the table (Pursuant to House Rule 71),2025-02-20,https://www.palegis.us/legislation/bills/2025/hr81,job-loss,,,https://openstates.org/pa/bills/2025-2026/HR81/
os-7ce3bd51-4b5d-44cc-bbff-39e6dc105783,bill,New Jersey,S 4143,Requires energy usage plan for proposed artificial intelligence data centers and cryptocurrency mining facilities; requires all electricity for artificial intelligence data centers and cryptocurrency mining facilities to be derived from new clean energy sources.*,not passed,Senate Amendment (Voice) (Ruiz),2025-02-20,https://www.njleg.state.nj.us/bill-search/2024/S4143,,data-center-limits; mandatory-reporting,,https://openstates.org/nj/bills/221/S4143/
os-ea4c6354-5b09-498f-a3fe-6c66385c51fd,bill,Maine,LD 643,"Resolve, To Study The Effects Of Artificial Intelligence, Cellular Telephones And Social Media On Public Education",did not pass,Pursuant to Joint Rule 310.3 Placed in Legislative Files (DEAD),2025-02-20,https://legislature.maine.gov/LawMakerWeb/summary.asp?ID=280096713,,,,https://openstates.org/me/bills/132/LD643/
os-ba71b470-6bdc-4532-8644-45695f98945a,bill,Minnesota,SF 1577,"Artificial intelligence generated child sexual abuse material and possession, sale, creation, dissemination, and purchase of child-like sex dolls prohibition provisions",not passed,Referred to Judiciary and Public Safety,2025-02-20,https://www.revisor.mn.gov/bills/94/2025/0/SF/1577?body=Senate,,,,https://openstates.org/mn/bills/2025-2026/SF1577/
os-4da8249a-2f29-4afe-976a-fd1fa2daf270,bill,California,AB 979,California Cybersecurity Integration Center: artificial intelligence.,passed,"Chaptered by Secretary of State - Chapter 285, Statutes of 2025.",2025-02-20,http://leginfo.legislature.ca.gov/faces/billNavClient.xhtml?bill_id=202520260AB979,,,,https://openstates.org/ca/bills/20252026/AB979/
os-07d136e6-df37-4b53-938c-f72e7408be00,bill,California,AB 1064,Leading Ethical AI Development (LEAD) for Kids Act.,vetoed,Consideration of Governor's veto stricken from file.,2025-02-20,http://leginfo.legislature.ca.gov/faces/billNavClient.xhtml?bill_id=202520260AB1064,ai-companions; kids-chatbots,new-agency-powers; use-restrictions,California Attorney General,https://openstates.org/ca/bills/20252026/AB1064/
os-aeb6e6e3-4a71-4cdd-a631-a971996dde18,bill,California,SB 524,Law enforcement agencies: artificial intelligence.,passed,"Chaptered by Secretary of State. Chapter 587, Statutes of 2025.",2025-02-20,http://leginfo.legislature.ca.gov/faces/billNavClient.xhtml?bill_id=202520260SB524,,,,https://openstates.org/ca/bills/20252026/SB524/
os-4da6cf1b-2121-4acc-86e6-6d0152360923,bill,California,SB 579,Mental health and artificial intelligence working group.,not passed,Returned to Secretary of Senate pursuant to Joint Rule 56.,2025-02-20,http://leginfo.legislature.ca.gov/faces/billNavClient.xhtml?bill_id=202520260SB579,,,,https://openstates.org/ca/bills/20252026/SB579/
os-2941438a-0630-45ee-88aa-7c3a286f7bdc,bill,California,SB 572,Vehicles: advanced driver assistance system: crash reports.,not passed,August 29 hearing: Held in committee and under submission.,2025-02-20,http://leginfo.legislature.ca.gov/faces/billNavClient.xhtml?bill_id=202520260SB572,,mandatory-reporting,,https://openstates.org/ca/bills/20252026/SB572/
os-0410dce6-2879-4142-a588-7eb9e650ab06,bill,Minnesota,HF 1109,Data centers prohibited in certain districts.,not passed,"Introduction and first reading, referred to Elections Finance and Government Operations",2025-02-19,https://www.revisor.mn.gov/bills/94/2025/0/HF/1109?body=House,,data-center-limits,,https://openstates.org/mn/bills/2025-2026/HF1109/
os-dd5636ee-0480-4223-b6d9-527f47a2afe4,bill,Arkansas,HB 1529,TO CREATE THE CRIMINAL OFFENSE OF UNLAWFUL CREATION OR DISTRIBUTION OF DEEPFAKE VISUAL MATERIAL; AND TO ESTABLISH A CAUSE OF ACTION FOR UNLAWFUL CREATION OF DEEPFAKE VISUAL MATERIAL.,passed,Notification that HB1529 is now Act 827,2025-02-19,https://www.arkleg.state.ar.us/assembly/2025/2025R/Pages/BillInformation.aspx?measureno=HB1529,deepfakes,use-restrictions,,https://openstates.org/ar/bills/2025/HB1529/
os-0973d3dc-b598-44de-94ce-473521599606,bill,Vermont,H 262,An act relating to restricting electronic monitoring of employees and the use of employment-related automated decision systems,not passed,Read first time and referred to the Committee on General and Housing,2025-02-19,http://legislature.vermont.gov/bill/status/2026/H.262,surveillance,use-restrictions,,https://openstates.org/vt/bills/2025-2026/H262/
os-8925c2db-301a-4983-acb8-511729608625,bill,Texas,SB 1411,"Relating to the use of artificial intelligence-based algorithms by health benefit plan issuers, utilization review agents, health care providers, and physicians.",not passed,Referred to Business & Commerce,2025-02-19,https://capitol.texas.gov/BillLookup/History.aspx?LegSess=89R&Bill=SB1411,ai-care-decisions,,,https://openstates.org/tx/bills/89R/SB1411/
os-a02a6ca5-dd28-4e52-8312-4ef3409d4ab8,bill,Minnesota,HF 1150,"Study of environmental impacts of artificial intelligence required, report required, and money appropriated.",not passed,Author added Gottfried,2025-02-19,https://www.revisor.mn.gov/bills/94/2025/0/HF/1150?body=House,,,,https://openstates.org/mn/bills/2025-2026/HF1150/
os-c2bd379f-7a0c-400d-a562-e6735bbfff54,bill,California,SB 468,High-risk artificial intelligence systems: duty to protect personal information.,not passed,Returned to Secretary of Senate pursuant to Joint Rule 56.,2025-02-19,http://leginfo.legislature.ca.gov/faces/billNavClient.xhtml?bill_id=202520260SB468,privacy,new-agency-powers,,https://openstates.org/ca/bills/20252026/SB468/
os-7537d67b-320e-47b8-b071-638e436d955f,bill,California,AB 853,California AI Transparency Act.,passed,"Chaptered by Secretary of State - Chapter 674, Statutes of 2025.",2025-02-19,http://leginfo.legislature.ca.gov/faces/billNavClient.xhtml?bill_id=202520260AB853,deepfakes,,,https://openstates.org/ca/bills/20252026/AB853/
os-36d7bd89-7fed-4b9d-80bc-bcfb4f864814,bill,California,SB 503,Health care services: artificial intelligence.,sent to the governor,Enrolled and presented to the Governor at 6 p.m.,2025-02-19,http://leginfo.legislature.ca.gov/faces/billNavClient.xhtml?bill_id=202520260SB503,bias,,,https://openstates.org/ca/bills/20252026/SB503/
os-f9108655-2446-4579-a74e-8edc20fa103e,bill,California,SB 480,Autonomous vehicles.,passed,"Chaptered by Secretary of State. Chapter 415, Statutes of 2025.",2025-02-19,http://leginfo.legislature.ca.gov/faces/billNavClient.xhtml?bill_id=202520260SB480,,,,https://openstates.org/ca/bills/20252026/SB480/
os-79f6216a-6db8-47a2-acd7-bc5744ffd1c0,bill,California,SB 430,Local agencies: automated decision systems.,not passed,Returned to Secretary of Senate pursuant to Joint Rule 56.,2025-02-18,http://leginfo.legislature.ca.gov/faces/billNavClient.xhtml?bill_id=202520260SB430,bias,,,https://openstates.org/ca/bills/20252026/SB430/
os-fa93a59b-a1a2-4464-856d-b457e20295df,bill,Arkansas,HB 1518,"TO CREATE THE OFFENSE OF CREATING, DISTRIBUTING, POSSESSING, OR VIEWING ARTIFICIAL INTELLIGENCE-GENERATED MATTER DEPICTING SEXUALLY EXPLICIT CONDUCT INVOLVING A CHILD.",withdrawn,WITHDRAWN BY AUTHOR,2025-02-18,https://www.arkleg.state.ar.us/assembly/2025/2025R/Pages/BillInformation.aspx?measureno=HB1518,deepfakes,use-restrictions,,https://openstates.org/ar/bills/2025/HB1518/
os-bf3d8323-39e6-4314-8830-2ded7bf2a447,bill,Texas,HB 2922,Relating to use of artificial intelligence in utilization review conducted for health benefit plans.,not passed,Referred to Insurance,2025-02-18,https://capitol.texas.gov/BillLookup/History.aspx?LegSess=89R&Bill=HB2922,ai-care-decisions,use-restrictions,,https://openstates.org/tx/bills/89R/HB2922/
os-6c5c86a4-dd23-4efe-829d-fa23074cf803,bill,Colorado,HB 25-1264,Prohibit Surveillance Data to Set Prices and Wages,did not pass,House Committee on Judiciary Postpone Indefinitely,2025-02-18,https://leg.colorado.gov/bills/hb25-1264,algorithmic-pricing; bias; surveillance,use-restrictions,Colorado Attorney General,https://openstates.org/co/bills/2025A/HB25-1264/
os-89454b5d-56a7-417a-af4b-ee887522590a,bill,Florida,SB 794,Mandatory Human Reviews of Insurance Claim Denials,did not pass,"Died in Appropriations Committee on Agriculture, Environment, and General Government",2025-02-18,https://flsenate.gov/Session/Bill/2025/794/ByCategory,ai-care-decisions,use-restrictions,,https://openstates.org/fl/bills/2025/SB794/
os-2fe1d907-39ca-4abf-8518-4636f4bad2bc,bill,Kentucky,HB 672,AN ACT relating to protection of information and declaring an emergency.,not passed,to State Government (H),2025-02-18,https://apps.legislature.ky.gov/record/25RS/hb672.html,deepfakes; privacy,use-restrictions,,https://openstates.org/ky/bills/2025RS/HB672/
os-b2c93b54-e177-46d2-a79b-3dfd0ccc2c72,bill,Ohio,HB 106,Enact Alyssa's Law,not passed,Referred to committee,2025-02-18,https://www.legislature.ohio.gov/legislation/136/hb106,,,,https://openstates.org/oh/bills/136/HB106/
os-8721fb93-2454-475a-b934-18f66caa796a,bill,Oregon,HB 3592,Relating to artificial intelligence.,did not pass,In committee upon adjournment.,2025-02-18,https://olis.oregonlegislature.gov/liz/2025R1/Measures/Overview/HB3592,,,,https://openstates.org/or/bills/2025R1/HB3592/
os-60b221d0-4685-4e43-975e-03eadbf3f165,bill,Kentucky,SB 4,AN ACT relating to protection of information and declaring an emergency.,passed,signed by Governor (Acts Ch. 66),2025-02-18,https://apps.legislature.ky.gov/record/25RS/sb4.html,deepfakes,use-restrictions,,https://openstates.org/ky/bills/2025RS/SB4/
os-71af87ba-1890-4b72-af75-cd077b80eb02,bill,Georgia,HB 478,Commerce and trade; require that AI generated content include a disclaimer indicating such content was generated using artificial intelligence,not passed,House Second Readers,2025-02-18,https://www.legis.ga.gov/legislation/70395,,labeling-mandates,,https://openstates.org/ga/bills/2025_26/HB478/
os-f171f3c5-5e99-461b-ab5e-96cd6ea60ed8,bill,Kentucky,SB 241,AN ACT relating to autonomous vehicles.,not passed,to Committee on Committees (S),2025-02-18,https://apps.legislature.ky.gov/record/25RS/sb241.html,,,,https://openstates.org/ky/bills/2025RS/SB241/
os-8652aaff-81e0-4384-a6c6-fc9f775bf9be,bill,Minnesota,SF 1528,Certain social media algorithms targeting children prohibition provision,not passed,Referred to Commerce and Consumer Protection,2025-02-17,https://www.revisor.mn.gov/bills/94/2025/0/SF/1528?body=Senate,,use-restrictions,,https://openstates.org/mn/bills/2025-2026/SF1528/
os-85a1537c-fd35-41a9-97af-4fb852f249b1,bill,Washington,HB 1984,Concerning vehicle and operator requirements for autonomous vehicles.,not passed,"By resolution, reintroduced and retained in present status.",2025-02-17,https://app.leg.wa.gov/billsummary/?BillNumber=1984&Year=2025&Initiative=false,,,,https://openstates.org/wa/bills/2025-2026/HB1984/
os-9decdac9-0ae3-41f1-a731-be9afced2e8f,bill,West Virginia,SB 484,Relating to disclosures and penalties associated with use of synthetic media and artificial intelligence,not passed,Referred to Rules on 1st reading,2025-02-14,https://www.wvlegislature.gov/Bill_Status/Bills_history.cfm?input=484&year=2025&sessiontype=RS&btype=bill,deepfakes,,,https://openstates.org/wv/bills/2025/SB484/
os-837f1dc9-5d8c-4b4f-84f4-1d41fbc2a49a,bill,New York,A 5429,Establishes the New York workforce stabilization act requiring certain businesses to conduct artificial intelligence impact assessments on the application and use of such artificial intelligence,not passed,REFERRED TO LABOR,2025-02-14,https://nyassembly.gov/leg/?bn=A05429&term=2025,job-loss,,New York Department of Labor,https://openstates.org/ny/bills/2025-2026/A5429/
os-e2127fc1-92e6-48a6-8405-546506bcd51a,bill,California,AB 723,Real estate: digitally altered images: disclosure.,passed,"Chaptered by Secretary of State - Chapter 497, Statutes of 2025.",2025-02-14,http://leginfo.legislature.ca.gov/faces/billNavClient.xhtml?bill_id=202520260AB723,,,,https://openstates.org/ca/bills/20252026/AB723/
os-ec8846fa-e26e-4bd4-8c57-cde6ae767c13,bill,California,SB 384,Preventing Algorithmic Price Fixing Act: prohibition on certain price-setting algorithm uses.,not passed,August 29 hearing: Held in committee and under submission.,2025-02-14,http://leginfo.legislature.ca.gov/faces/billNavClient.xhtml?bill_id=202520260SB384,algorithmic-pricing,use-restrictions,,https://openstates.org/ca/bills/20252026/SB384/
us-119-hr-1326,bill,Congress,H.R. 1326,DOE and USDA Interagency Research Act,not passed,Received in the Senate and Read twice and referred to the Committee on Energy and Natural Resources.,2025-02-13,https://www.congress.gov/bill/119th-congress/house-bill/1326,,,,https://www.congress.gov/bill/119th-congress/house-bill/1326
os-14bdb493-c4fd-42b9-8af9-841e3cb83a4e,bill,Minnesota,SF 1393,Data center energy generation redundancy establishment,not passed,"Pursuant to Senate Concurrent Resolution No. 4, referred to Rules and Administration",2025-02-13,https://www.revisor.mn.gov/bills/94/2025/0/SF/1393?body=Senate,,,,https://openstates.org/mn/bills/2025-2026/SF1393/
os-38b36c62-8746-48f1-aab3-c5cbdede486c,bill,Connecticut,HB 6947,AN ACT PROHIBITING RESIDENTIAL RENTAL PROPERTY OWNERS FROM USING PRICING ALGORITHMS AND COMPETITORS' SENSITIVE DATA TO SET RENTAL PRICES.,not passed,PUBLIC HEARING 0218,2025-02-13,https://www.cga.ct.gov/asp/cgabillstatus/cgabillstatus.asp?selBillType=Bill&bill_num=HB6947&which_year=2025,algorithmic-pricing,use-restrictions,,https://openstates.org/ct/bills/2025/HB6947/
os-579ab9df-425c-460b-a4f8-73358fff36fe,bill,California,AB 621,Deepfake pornography.,passed,"Chaptered by Secretary of State - Chapter 673, Statutes of 2025.",2025-02-13,http://leginfo.legislature.ca.gov/faces/billNavClient.xhtml?bill_id=202520260AB621,deepfakes,,,https://openstates.org/ca/bills/20252026/AB621/
os-2ebd07f5-1a81-4e88-b320-4bcd77e00a72,bill,Florida,SB 702,Provenance of Digital Content,did not pass,Died in Ethics and Elections,2025-02-13,https://flsenate.gov/Session/Bill/2025/702/ByCategory,deepfakes,,,https://openstates.org/fl/bills/2025/SB702/
os-3e522d74-4d62-4cce-88d6-8b92ba1aaf6d,bill,Connecticut,SB 1292,AN ACT REQUIRING A STUDY CONCERNING ENERGY EFFICIENCY REQUIREMENTS FOR ARTIFICIAL INTELLIGENCE DATA CENTERS.,not passed,FILE NO. 538,2025-02-13,https://www.cga.ct.gov/asp/cgabillstatus/cgabillstatus.asp?selBillType=Bill&bill_num=SB1292&which_year=2025,,,,https://openstates.org/ct/bills/2025/SB1292/
os-f0c73d4d-dfa2-4fb0-b364-7b81d4cf66ac,bill,Kentucky,HB 498,AN ACT relating to use of artificial intelligence by courts.,not passed,to Judiciary (H),2025-02-13,https://apps.legislature.ky.gov/record/25RS/hb498.html,,,,https://openstates.org/ky/bills/2025RS/HB498/
os-3f87c1d8-5d65-4766-9aad-0e33dab0efa2,bill,Iowa,HF 406,"A bill for an act relating to restrictions on the use of artificial intelligence, and creating a civil cause of action.",not passed,Subcommittee recommends passage.,2025-02-13,https://www.legis.iowa.gov/legislation/billTracking/billHistory?billName=HF 406&ga=91,,,,https://openstates.org/ia/bills/2025-2026/HF406/
os-8712fcdd-b779-4383-97d9-4e991fff4098,bill,California,SB 366,Employment: artificial intelligence.,not passed,Returned to Secretary of Senate pursuant to Joint Rule 56.,2025-02-13,http://leginfo.legislature.ca.gov/faces/billNavClient.xhtml?bill_id=202520260SB366,,,,https://openstates.org/ca/bills/20252026/SB366/
us-119-hr-1283,bill,Congress,H.R. 1283,Protecting Our Children in an AI World Act of 2025,not passed,Referred to the House Committee on the Judiciary.,2025-02-13,https://www.congress.gov/bill/119th-congress/house-bill/1283,,,,https://www.congress.gov/bill/119th-congress/house-bill/1283
os-84a8c9a5-0655-4325-81a2-0f6bfea9c618,bill,Texas,HB 2818,Relating to the artificial intelligence division within the Department of Information Resources.,passed,Effective on 9/1/25,2025-02-13,https://capitol.texas.gov/BillLookup/History.aspx?LegSess=89R&Bill=HB2818,,,,https://openstates.org/tx/bills/89R/HB2818/
os-d282161b-1bc1-4ac9-965c-7943899dc6d7,bill,Utah,SB 271,Unauthorized Artificial Intelligence Impersonation Amendments,passed,Governor Signed,2025-02-13,https://le.utah.gov/~2025/bills/static/SB0271.html,deepfakes,use-restrictions,,https://openstates.org/ut/bills/2025/SB271/
os-429ca819-b195-4451-b46f-e4121dc4af79,bill,Pennsylvania,HB 594,"An Act amending the act of October 27, 1955 (P.L.744, No.222), known as the Pennsylvania Human Relations Act, further providing for definitions; providing for use of automated employment decision tool; and further providing for civil penalties.",not passed,Referred to Labor & Industry,2025-02-12,https://www.palegis.us/legislation/bills/2025/hb594,,use-restrictions,,https://openstates.org/pa/bills/2025-2026/HB594/
os-f4b768ac-dcf6-4371-93e2-9f2c170ef548,bill,New Mexico,HB 401,A.I. SYNTHETIC CONTENT ACCOUNTABILITY ACT,did not pass,action postponed indefinitely,2025-02-12,http://www.nmlegis.gov/Legislation/Legislation?chamber=H&legType=B&legNo=401&year=25,,,,https://openstates.org/nm/bills/2025/HB401/
os-0a1efcf2-c07e-47a7-b6b9-eb587cea3c89,bill,Arizona,HB 2847,rental price fixing; algorithmic pricing,not passed,House Second Reading,2025-02-12,https://apps.azleg.gov/BillStatus/BillOverview/83312?SessionId=129,algorithmic-pricing,,,https://openstates.org/az/bills/57th-1st-regular/HB2847/
os-53555483-fbfa-42d5-9686-e008101abcbc,bill,New York,A 5216,Requires state units to purchase a product or service that is or contains an algorithmic decision system that adheres to responsible artificial intelligence standards,not passed,REFERRED TO GOVERNMENTAL OPERATIONS,2025-02-12,https://nyassembly.gov/leg/?bn=A05216&term=2025,bias,,,https://openstates.org/ny/bills/2025-2026/A5216/
os-074fe96f-07e7-47fc-ad76-fed499b6e562,bill,Georgia,SB 167,Commerce and Trade; private entities that employ certain AI systems to guard against discrimination caused by such systems; provide,not passed,Senate Read and Referred,2025-02-12,https://www.legis.ga.gov/legislation/70305,bias,new-agency-powers; use-restrictions,,https://openstates.org/ga/bills/2025_26/SB167/
os-c92247d8-ccb5-418a-b393-786e825bb772,bill,Nevada,SB 199,Enacts provisions relating to artificial intelligence systems. (BDR 52-583),not passed,(No further action taken.),2025-02-11,https://www.leg.state.nv.us/App/NELIS/REL/83rd2025/Bill/12246/Overview,,,,https://openstates.org/nv/bills/83/SB199/
os-e2812851-ab36-434e-80b9-629d56dd872e,bill,Washington,HB 1942,Promoting the economic development of innovative uses of artificial intelligence.,not passed,"By resolution, reintroduced and retained in present status.",2025-02-11,https://app.leg.wa.gov/billsummary/?BillNumber=1942&Year=2025&Initiative=false,,,,https://openstates.org/wa/bills/2025-2026/HB1942/
os-35f8b235-b9f3-4f54-83fa-c9a371d299ab,bill,Colorado,HB 25-1212,Public Safety Protections Artificial Intelligence,not passed,House Second Reading Laid Over to 05/09/2025 - No Amendments,2025-02-11,https://leg.colorado.gov/bills/hb25-1212,,,,https://openstates.org/co/bills/2025A/HB25-1212/
os-272a4d6a-c291-47d9-982e-e335d0589403,bill,Arkansas,HB 1444,TO AMEND THE SALES AND USE TAX EXEMPTION FOR DATA CENTERS.,passed,Notification that HB1444 is now Act 548,2025-02-10,https://www.arkleg.state.ar.us/assembly/2025/2025R/Pages/BillInformation.aspx?measureno=HB1444,,,,https://openstates.org/ar/bills/2025/HB1444/
os-bfbec5f3-214b-4144-b86f-8c83ad8f77e9,bill,Idaho,H 203,IDAHO COMPETITION ACT – Amends and adds to existing law to provide for monopsonies and to establish provisions regarding the prohibition of pricing algorithms.,not passed,Reported Printed and Referred to Business,2025-02-10,https://legislature.idaho.gov/sessioninfo/2025/legislation/H0203/,algorithmic-pricing,use-restrictions,,https://openstates.org/id/bills/2025/H203/
os-290cb82b-5dab-46c2-9867-939052f55644,bill,New York,A 4991,Prohibits the use of an algorithmic device by a landlord for the purpose of determining the amount of rent to charge a residential tenant,not passed,REFERRED TO HOUSING,2025-02-10,https://nyassembly.gov/leg/?bn=A04991&term=2025,algorithmic-pricing,use-restrictions,,https://openstates.org/ny/bills/2025-2026/A4991/
os-12cfaee0-4f3d-4ac4-b39f-12d848e6327c,bill,Minnesota,HF 48,Certain social media algorithms that target children prohibited.,not passed,Author added Stephenson,2025-02-10,https://www.revisor.mn.gov/bills/94/2025/0/HF/48?body=House,kids-chatbots,use-restrictions,,https://openstates.org/mn/bills/2025-2026/HF48/
os-6fb83c22-0413-4fc4-8877-15cf67bb5ddf,bill,Minnesota,HF 28,Data center energy generation redundancy provided.,not passed,Author added Murphy,2025-02-10,https://www.revisor.mn.gov/bills/94/2025/0/HF/28?body=House,,,,https://openstates.org/mn/bills/2025-2026/HF28/
os-dcddbc73-9cda-448c-b478-19f9a3de6d4a,bill,Florida,HB 491,Use of Artificial Intelligence by Governmental Agencies to Detect Concealed Firearms,did not pass,Died in Rules,2025-02-10,https://flsenate.gov/Session/Bill/2025/491/ByCategory,surveillance,,,https://openstates.org/fl/bills/2025/HB491/
os-9f09ff05-ba90-43cc-bb2a-64d9d06aa1a9,bill,Florida,SB 562,Use of Artificial Intelligence to Detect Firearms,did not pass,Died in Criminal Justice,2025-02-10,https://flsenate.gov/Session/Bill/2025/562/ByCategory,,use-restrictions,,https://openstates.org/fl/bills/2025/SB562/
os-7405fc20-bed4-4b06-8779-33925eb59be8,bill,California,SB 300,Companion chatbots.,not passed,Ordered to inactive file on request of Assembly Member Aguiar-Curry.,2025-02-10,http://leginfo.legislature.ca.gov/faces/billNavClient.xhtml?bill_id=202520260SB300,,use-restrictions,,https://openstates.org/ca/bills/20252026/SB300/
us-119-s-501,bill,Congress,S. 501,Strategy for Public Health Preparedness and Response to Artificial Intelligence Threats,not passed,"Read twice and referred to the Committee on Health, Education, Labor, and Pensions.",2025-02-10,https://www.congress.gov/bill/119th-congress/senate-bill/501,,,,https://www.congress.gov/bill/119th-congress/senate-bill/501
os-88e9e41e-05ed-45e3-8045-898436112c0e,bill,California,AB 489,Health care professions: deceptive terms or letters: artificial intelligence.,passed,"Chaptered by Secretary of State - Chapter 615, Statutes of 2025.",2025-02-10,http://leginfo.legislature.ca.gov/faces/billNavClient.xhtml?bill_id=202520260AB489,,use-restrictions,California Medical Board; California Osteopathic Medical Board,https://openstates.org/ca/bills/20252026/AB489/
os-acb10ba4-826e-46d8-9f29-749bfc985157,bill,New York,A 4901,Relates to autonomous vehicle driving,not passed,PRINT NUMBER 4901B,2025-02-10,https://nyassembly.gov/leg/?bn=A04901&term=2025,,,,https://openstates.org/ny/bills/2025-2026/A4901/
os-ad46fa78-7515-45f4-8434-67454dac0f6c,bill,Maryland,HB 1477,Consumer Protection - Consumer Reporting Agencies - Use of Algorithmic Systems,not passed,Hearing canceled,2025-02-07,http://mgaleg.maryland.gov/mgawebsite/Legislation/Details/hb1477?ys=2025RS&search=True,,,,https://openstates.org/md/bills/2025/HB1477/
us-119-hr-1122,bill,Congress,H.R. 1122,China Technology Transfer Control Act of 2025,not passed,"Referred to the Committee on Foreign Affairs, and in addition to the Committee on Ways and Means, for a period to be subsequently determined by the Speaker, in each case for consideration of such provisions as fall within the jurisdiction of the committee concerned.",2025-02-07,https://www.congress.gov/bill/119th-congress/house-bill/1122,,export-controls,,https://www.congress.gov/bill/119th-congress/house-bill/1122
us-119-hr-1121,bill,Congress,H.R. 1121,No DeepSeek on Government Devices Act,not passed,Referred to the House Committee on Oversight and Government Reform.,2025-02-07,https://www.congress.gov/bill/119th-congress/house-bill/1121,,,,https://www.congress.gov/bill/119th-congress/house-bill/1121
os-0acfae9f-6bd2-4a36-a4c2-6ff40e7d16c7,bill,Maryland,HB 1331,Consumer Protection - Artificial Intelligence,not passed,Hearing 3/04 at 1:00 p.m.,2025-02-07,http://mgaleg.maryland.gov/mgawebsite/Legislation/Details/hb1331?ys=2025RS&search=True,,,,https://openstates.org/md/bills/2025/HB1331/
os-77b98f51-c672-472b-94bf-8db3a2366a5c,bill,Idaho,S 1067,ARTIFICIAL INTELLIGENCE – Adds to existing law to establish limitations on regulation of artificial intelligence.,not passed,Reported Printed; referred to State Affairs,2025-02-07,https://legislature.idaho.gov/sessioninfo/2025/legislation/S1067/,,,,https://openstates.org/id/bills/2025/S1067/
os-d381fdbb-1b89-44ef-b0e1-2da99452dc6e,bill,Illinois,SB 2181,DATA CENTER REPORTING,not passed,Senate Committee Amendment No. 1 Rule 3-9(a) / Re-referred to Assignments,2025-02-07,https://ilga.gov/Legislation/BillStatus?DocNum=2181&GAID=18&DocTypeID=SB&LegId=161884&SessionID=114,,,,https://openstates.org/il/bills/104th/SB2181/
os-95563071-50f3-4d50-adae-932a59b803f3,bill,Illinois,HB 3565,INC TX-DATA CENTERS,not passed,Rule 19(a) / Re-referred to Rules Committee,2025-02-07,https://ilga.gov/Legislation/BillStatus?DocNum=3565&GAID=18&DocTypeID=HB&LegId=162255&SessionID=114,,,,https://openstates.org/il/bills/104th/HB3565/
os-f6b7b172-b5fd-4a59-a503-15a629ff9648,bill,Illinois,SB 2117,USE OF AI BY STATE GOVERNMENT,not passed,Added as Co-Sponsor Sen. Terri Bryant,2025-02-07,https://ilga.gov/Legislation/BillStatus?DocNum=2117&GAID=18&DocTypeID=SB&LegId=161652&SessionID=114,,,,https://openstates.org/il/bills/104th/SB2117/
os-8de4672f-c5f6-47ff-b65d-5d04ae2a592c,bill,Maryland,HB 1391,Education - Artificial Intelligence - Guidelines and Professional Development,not passed,"Referred Education, Energy, and the Environment",2025-02-07,http://mgaleg.maryland.gov/mgawebsite/Legislation/Details/hb1391?ys=2025RS&search=True,,,,https://openstates.org/md/bills/2025/HB1391/
os-fe79462e-f4c3-4c0e-ba45-201e93ee53c3,bill,Maryland,HB 1425,Criminal Law - Identity Fraud - Artificial Intelligence and Deepfake Representations,not passed,Hearing 3/11 at 1:00 p.m.,2025-02-07,http://mgaleg.maryland.gov/mgawebsite/Legislation/Details/hb1425?ys=2025RS&search=True,deepfakes,,,https://openstates.org/md/bills/2025/HB1425/
os-7ee67517-378f-479d-af0d-b5e1ef64bdc9,bill,Maryland,HB 1240,Health Care Providers and Health Insurance Carriers - Use of Artificial Intelligence in Health Care Decision Making,withdrawn,Withdrawn by Sponsor,2025-02-07,http://mgaleg.maryland.gov/mgawebsite/Legislation/Details/hb1240?ys=2025RS&search=True,ai-care-decisions,,,https://openstates.org/md/bills/2025/HB1240/
os-d6226fdb-3f95-4389-a257-ecca8993f727,bill,Illinois,SB 2398,SPORTS WAGERING-AI RESTRICTION,not passed,Added as Co-Sponsor Sen. David Koehler,2025-02-07,https://ilga.gov/Legislation/BillStatus?DocNum=2398&GAID=18&DocTypeID=SB&LegId=162416&SessionID=114,,,,https://openstates.org/il/bills/104th/SB2398/
os-3f5c6be4-6ea9-4638-8544-508d3548b318,bill,Illinois,HB 3506,ARTIFICIAL INTELLIGENCE SAFETY,not passed,Added Co-Sponsor Rep. Matt Hanson,2025-02-07,https://ilga.gov/Legislation/BillStatus?DocNum=3506&GAID=18&DocTypeID=HB&LegId=162191&SessionID=114,,,,https://openstates.org/il/bills/104th/HB3506/
os-b0fe81ce-3b89-4baa-baa2-f401bf83e0bb,bill,Illinois,SB 2203,AUTOMATED DECISION TOOLS,not passed,Rule 3-9(a) / Re-referred to Assignments,2025-02-07,https://ilga.gov/Legislation/BillStatus?DocNum=2203&GAID=18&DocTypeID=SB&LegId=161928&SessionID=114,,,,https://openstates.org/il/bills/104th/SB2203/
os-9cf9292f-ff81-4812-898a-f24981a63c10,bill,Illinois,SB 2259,HEALTH CARE GENERATIVE AI USE,not passed,Senate Committee Amendment No. 1 Rule 3-9(a) / Re-referred to Assignments,2025-02-07,https://ilga.gov/Legislation/BillStatus?DocNum=2259&GAID=18&DocTypeID=SB&LegId=162033&SessionID=114,,,,https://openstates.org/il/bills/104th/SB2259/
os-6e0772fe-6da1-40e6-bac6-f6d9989e103a,bill,Illinois,HB 3720,AI-MEANINGFUL HUMAN REVIEW,not passed,Rule 19(a) / Re-referred to Rules Committee,2025-02-07,https://ilga.gov/Legislation/BillStatus?DocNum=3720&GAID=18&DocTypeID=HB&LegId=162554&SessionID=114,,,,https://openstates.org/il/bills/104th/HB3720/
os-fbe15041-1267-4e5e-b762-7b2bc0231f09,bill,Illinois,HB 3529,AI PRINCIPLES,not passed,Rule 19(a) / Re-referred to Rules Committee,2025-02-07,https://ilga.gov/Legislation/BillStatus?DocNum=3529&GAID=18&DocTypeID=HB&LegId=162219&SessionID=114,,,,https://openstates.org/il/bills/104th/HB3529/
os-5aaffedb-a21c-494b-b2f2-cee1fc6d6d22,bill,Illinois,HB 3646,DOIT-AI TASK FORCE,not passed,Rule 3-9(a) / Re-referred to Assignments,2025-02-07,https://ilga.gov/Legislation/BillStatus?DocNum=3646&GAID=18&DocTypeID=HB&LegId=162396&SessionID=114,,,,https://openstates.org/il/bills/104th/HB3646/
os-14ae3122-fcc2-4542-94ae-d1b128629893,bill,Illinois,HB 3567,AI-MEANINGFUL HUMAN REVIEW,not passed,Rule 19(a) / Re-referred to Rules Committee,2025-02-07,https://ilga.gov/Legislation/BillStatus?DocNum=3567&GAID=18&DocTypeID=HB&LegId=162257&SessionID=114,,,,https://openstates.org/il/bills/104th/HB3567/
os-773d0654-2880-4ee0-874e-d9fc2f4cf133,bill,Illinois,SB 2196,POWERING UP ILLINOIS ACT,not passed,Sponsor Removed Sen. Chris Balkema,2025-02-07,https://ilga.gov/Legislation/BillStatus?DocNum=2196&GAID=18&DocTypeID=SB&LegId=161919&SessionID=114,,,,https://openstates.org/il/bills/104th/SB2196/
os-89fdd555-3ba1-4f16-b96d-74bccca273bd,bill,Maryland,HB 1256,Vehicle Laws - Fully Autonomous Vehicles,not passed,Hearing 2/27 at 1:00 p.m.,2025-02-07,http://mgaleg.maryland.gov/mgawebsite/Legislation/Details/hb1256?ys=2025RS&search=True,,,,https://openstates.org/md/bills/2025/HB1256/
os-cfefb324-390d-4d94-aeb9-793c1e088de6,bill,Utah,HB 452,Artificial Intelligence Amendments,passed,Governor Signed,2025-02-07,https://le.utah.gov/~2025/bills/static/HB0452.html,ai-therapists; privacy,labeling-mandates; new-agency-powers; use-restrictions,Utah Division of Consumer Protection,https://openstates.org/ut/bills/2025/HB452/
os-3bb39e43-f5f2-4f57-9fb5-e674f7b4aa21,bill,Connecticut,SB 1249,AN ACT ADDRESSING INNOVATIONS IN ARTIFICIAL INTELLIGENCE.,not passed,FILE NO. 606,2025-02-06,https://www.cga.ct.gov/asp/cgabillstatus/cgabillstatus.asp?selBillType=Bill&bill_num=SB1249&which_year=2025,,,,https://openstates.org/ct/bills/2025/SB1249/
os-0518885a-52cd-4383-af06-e02ad22705d2,bill,Illinois,HB 3178,DIGITAL PROTECT-USE OF REPLICA,passed,Public Act . . . . . . . . . 104-0282,2025-02-06,https://ilga.gov/Legislation/BillStatus?DocNum=3178&GAID=18&DocTypeID=HB&LegId=161617&SessionID=114,,,,https://openstates.org/il/bills/104th/HB3178/
os-66700575-011e-4168-bf1f-d0afa9b6f5db,bill,New York,S 4506,Enacts the Stop Addictive Feeds Exploitation (SAFE) for all act,not passed,REFERRED TO INTERNET AND TECHNOLOGY,2025-02-06,https://nyassembly.gov/leg/?bn=S04506&term=2025,,,,https://openstates.org/ny/bills/2025-2026/S4506/
os-1d2e7bd3-865f-41bf-9b8b-4b6147abf1e7,bill,Tennessee,HB 1209,"Boards and Commissions - As introduced, provides for a new definition for the term ""artificial intelligence"" for the Tennessee artificial intelligence advisory council act; expands, from 24 to at least 24 and at most 27, the number of members on the council; directs the council to make various other changes. - Amends TCA Title 4, Chapter 3, Part 31.",not passed,"P2C, ref. to State & Local Government Committee- Government Operations for Review",2025-02-06,https://wapp.capitol.tn.gov/apps/BillInfo/Default?BillNumber=HB1209&ga=114,,,,https://openstates.org/tn/bills/114/HB1209/
os-afff013e-4cfa-40f7-bba4-f554a0315149,bill,Tennessee,HB 1246,"Consumer Protection - As introduced, requires the office of the attorney general and reporter to submit to the chair of the house committee having jurisdiction over consumer protection and the chair of the commerce and labor committee of the senate a report on the number of investigations into violations of the Tennessee Consumer Protection Act of 1977 in which artificial intelligence was used to effectuate an unfair or deceptive act or practice affecting the conduct of any trade or commerce between January 1, 2024, and December 31, 2025; requires the report to be submitted no later than July 1, 2026; allows the report to be submitted electronically. - Amends TCA Title 4; Title 5; Title 6; Title 7; Title 12; Title 39; Title 45; Title 47; Title 48; Title 50; Title 55; Title 61; Title 62; Title 65; Title 66; Title 67 and Title 68.",not passed,"P2C, caption bill, held on desk - pending amdt.",2025-02-06,https://wapp.capitol.tn.gov/apps/BillInfo/Default?BillNumber=HB1246&ga=114,ai-scams,,,https://openstates.org/tn/bills/114/HB1246/
os-aa204979-91a8-4080-91b3-6dfe2ec1adad,bill,Iowa,HF 252,"A bill for an act incorporating preparation in computer science, artificial intelligence, and computational thinking into the preparation required in approved practitioner preparation programs, and including applicability provisions.",not passed,Subcommittee recommends passage.,2025-02-06,https://www.legis.iowa.gov/legislation/billTracking/billHistory?billName=HF 252&ga=91,,,,https://openstates.org/ia/bills/2025-2026/HF252/
os-c0db97b1-e2a3-4050-a3ba-6975d2f389d7,bill,Tennessee,HB 1299,"Criminal Offenses - As enacted, creates a civil and criminal action for individuals who are the subject of an intimate digital depiction that is intentionally disclosed without the individual's consent under certain circumstances. - Amends TCA Title 28 and Title 39, Chapter 17.",not passed,Comp. became Pub. Ch. 466,2025-02-06,https://wapp.capitol.tn.gov/apps/BillInfo/Default?BillNumber=HB1299&ga=114,deepfakes,use-restrictions,,https://openstates.org/tn/bills/114/HB1299/
os-8c11c3b8-c0da-4534-8077-be744a285ae4,bill,Tennessee,SB 1363,"Consumer Protection - As introduced, requires the office of the attorney general and reporter to submit to the chair of the house committee having jurisdiction over consumer protection and the chair of the commerce and labor committee of the senate a report on the number of investigations into violations of the Tennessee Consumer Protection Act of 1977 in which artificial intelligence was used to effectuate an unfair or deceptive act or practice affecting the conduct of any trade or commerce between January 1, 2024, and December 31, 2025; requires the report to be submitted no later than July 1, 2026; allows the report to be submitted electronically. - Amends TCA Title 4; Title 5; Title 6; Title 7; Title 12; Title 39; Title 45; Title 47; Title 48; Title 50; Title 55; Title 61; Title 62; Title 65; Title 66; Title 67 and Title 68.",not passed,Assigned to General Subcommittee of Senate Commerce and Labor Committee,2025-02-06,https://wapp.capitol.tn.gov/apps/BillInfo/Default?BillNumber=SB1363&ga=114,ai-scams,,,https://openstates.org/tn/bills/114/SB1363/
os-8ad7a0fa-c8b4-4179-b3b2-dcd4f6c1053c,bill,Tennessee,HB 1382,"Insurance Companies, Agents, Brokers, Policies - As introduced, imposes requirements for health insurance issuers using artificial intelligence, algorithms, or other software for utilization review or utilization management functions. - Amends TCA Title 8, Chapter 27; Title 56 and Title 71.",not passed,"P2C, ref. to Insurance Committee - Government Operations for Review",2025-02-06,https://wapp.capitol.tn.gov/apps/BillInfo/Default?BillNumber=HB1382&ga=114,ai-care-decisions,use-restrictions,,https://openstates.org/tn/bills/114/HB1382/
os-e4113ca4-e358-478e-a743-0b2c8b5d54b4,bill,Tennessee,SB 1362,"Boards and Commissions - As introduced, provides for a new definition for the term ""artificial intelligence"" for the Tennessee artificial intelligence advisory council act; expands, from 24 to at least 24 and at most 27, the number of members on the council; directs the council to make various other changes. - Amends TCA Title 4, Chapter 3, Part 31.",not passed,Assigned to General Subcommittee of Senate Commerce & Labor Committee,2025-02-06,https://wapp.capitol.tn.gov/apps/BillInfo/Default?BillNumber=SB1362&ga=114,,,,https://openstates.org/tn/bills/114/SB1362/
os-991ecb87-ea57-4ca2-b6e9-d6b771588e07,bill,Tennessee,SB 1346,"Criminal Offenses - As enacted, creates a civil and criminal action for individuals who are the subject of an intimate digital depiction that is intentionally disclosed without the individual's consent under certain circumstances. - Amends TCA Title 28 and Title 39, Chapter 17.",not passed,Pub. Ch. 466,2025-02-06,https://wapp.capitol.tn.gov/apps/BillInfo/Default?BillNumber=SB1346&ga=114,deepfakes,use-restrictions,,https://openstates.org/tn/bills/114/SB1346/
os-ccd0bb06-346f-4dd7-b687-476a5647c6ba,bill,Tennessee,SB 1261,"Insurance Companies, Agents, Brokers, Policies - As introduced, imposes requirements for health insurance issuers using artificial intelligence, algorithms, or other software for utilization review or utilization management functions. - Amends TCA Title 8, Chapter 27; Title 56 and Title 71.",not passed,"Passed on Second Consideration, refer to Senate Commerce and Labor Committee",2025-02-06,https://wapp.capitol.tn.gov/apps/BillInfo/Default?BillNumber=SB1261&ga=114,ai-care-decisions,use-restrictions,,https://openstates.org/tn/bills/114/SB1261/
os-8fb78b62-5e6f-47e0-ba72-babbe6217f88,bill,Kansas,HB 2313,Senate Substitute for HB 2313 by Committee on Federal and State Affairs - Prohibiting the use of the artificial intelligence platform DeepSeek and other artificial intelligence platforms controlled by a country of concern on state-owned devices and on any state network and the use of genetic sequencers or operational software used for genetic analysis that is produced in a foreign adversary.,not passed,"Engrossed on Tuesday, April 1, 2025",2025-02-06,https://www.kslegislature.gov/b2025_26/bills/HB2313/,,,,https://openstates.org/ks/bills/2025-2026/HB2313/
os-cf2df40d-87a9-41d7-877d-e237eb6fc831,bill,Minnesota,SF 1117,Environmental impacts to Minnesota of artificial intelligence study requirement and appropriation,not passed,Author added Boldon,2025-02-06,https://www.revisor.mn.gov/bills/94/2025/0/SF/1117?body=Senate,,,,https://openstates.org/mn/bills/2025-2026/SF1117/
os-0e764b80-eff7-428b-bf65-b0a0054712e1,bill,California,SB 295,California Preventing Algorithmic Collusion Act of 2025.,not passed,Motion to reconsider made by Assembly Member Bauer-Kahan.,2025-02-06,http://leginfo.legislature.ca.gov/faces/billNavClient.xhtml?bill_id=202520260SB295,algorithmic-pricing,,California Attorney General; California local prosecutors,https://openstates.org/ca/bills/20252026/SB295/
os-6c490dd2-68b4-40d1-8972-dd3c4dae0b82,bill,Illinois,SB 1792,FRAUD-ARTIFICIAL INTELLIGENCE,not passed,Rule 3-9(a) / Re-referred to Assignments,2025-02-06,https://ilga.gov/Legislation/BillStatus?DocNum=1792&GAID=18&DocTypeID=SB&LegId=160941&SessionID=114,,,,https://openstates.org/il/bills/104th/SB1792/
os-24b8417a-5afe-4bcc-a103-9e8d7a8c0baf,bill,Illinois,SB 1929,PROVENANCE DATA REQUIREMENTS,not passed,Rule 3-9(a) / Re-referred to Assignments,2025-02-06,https://ilga.gov/Legislation/BillStatus?DocNum=1929&GAID=18&DocTypeID=SB&LegId=161243&SessionID=114,,,,https://openstates.org/il/bills/104th/SB1929/
os-63944001-b16d-49e6-bfc0-f54abd73615c,bill,Illinois,HB 3021,CONSUMER FRAUD-AI DECEPTION,not passed,House Floor Amendment No. 1 Rule 19(c) / Re-referred to Rules Committee,2025-02-06,https://ilga.gov/Legislation/BillStatus?DocNum=3021&GAID=18&DocTypeID=HB&LegId=161298&SessionID=114,,,,https://openstates.org/il/bills/104th/HB3021/
os-69906ac2-5b25-4c1e-8990-637e9e01d19c,bill,Kentucky,HB 379,AN ACT relating to school district use of autonomous vehicles.,not passed,to Primary and Secondary Education (H),2025-02-06,https://apps.legislature.ky.gov/record/25RS/hb379.html,,,,https://openstates.org/ky/bills/2025RS/HB379/
os-b08f1060-2bb5-4e97-bd57-828d192ced3e,bill,Illinois,HB 3044,AUTONOMOUS VEH REQUIREMENTS,not passed,Rule 19(a) / Re-referred to Rules Committee,2025-02-06,https://ilga.gov/Legislation/BillStatus?DocNum=3044&GAID=18&DocTypeID=HB&LegId=161321&SessionID=114,,,,https://openstates.org/il/bills/104th/HB3044/
os-a5430b0b-419d-41ae-951c-e965bcf8e3ef,bill,Illinois,HB 2974,AUTONOMOUS VEHICLE TESTING,not passed,Referred to Rules Committee,2025-02-06,https://ilga.gov/Legislation/BillStatus?DocNum=2974&GAID=18&DocTypeID=HB&LegId=161217&SessionID=114,,,,https://openstates.org/il/bills/104th/HB2974/
os-336dc11a-0908-457d-b14d-72e91d83ceed,bill,Tennessee,HB 1168,"Motor Vehicles - As introduced, excludes automated driving system (ADS)-operated vehicles used to transport property for hire in interstate commerce or to transport passengers for hire from the exemption allowing ADS-operated vehicles to be operated without a human driver physically present. - Amends TCA Title 55 and Title 65.",not passed,"Rec. for pass. if am., ref. to  Finance, Ways, and Means Committee",2025-02-06,https://wapp.capitol.tn.gov/apps/BillInfo/Default?BillNumber=HB1168&ga=114,,use-restrictions,,https://openstates.org/tn/bills/114/HB1168/
os-4ed0f394-432c-4b13-873d-9d91a95136cd,bill,Texas,HB 2491,Relating to the use of certain algorithmic devices in the determination of residential rental prices.,not passed,"Referred to Trade, Workforce & Economic Development",2025-02-05,https://capitol.texas.gov/BillLookup/History.aspx?LegSess=89R&Bill=HB2491,algorithmic-pricing,,,https://openstates.org/tx/bills/89R/HB2491/
os-473878cd-97d9-493a-8ca0-2dc0770422a3,bill,Kentucky,HB 358,AN ACT relating to the use of algorithmic devices in setting the amount of rent to be charged to a residential tenant.,not passed,to Local Government (H),2025-02-05,https://apps.legislature.ky.gov/record/25RS/hb358.html,algorithmic-pricing,use-restrictions,,https://openstates.org/ky/bills/2025RS/HB358/
us-119-hr-1027,bill,Congress,H.R. 1027,QUIET Act,not passed,Sponsor introductory remarks on measure. (CR H519),2025-02-05,https://www.congress.gov/bill/119th-congress/house-bill/1027,deepfakes,labeling-mandates,,https://www.congress.gov/bill/119th-congress/house-bill/1027
os-63bb4197-b88c-49bc-b038-632bf7a151a5,bill,Georgia,SB 104,State Government; use or installation of any artificial intelligence system on state equipment when the company that developed or deployed such artificial intelligence system is associated with the People's Republic of China; prohibit,not passed,Senate Read and Referred,2025-02-05,https://www.legis.ga.gov/legislation/69984,,,,https://openstates.org/ga/bills/2025_26/SB104/
os-c24246c3-e6db-403f-807d-52477900ac96,bill,Tennessee,SB 962,"Energy - As introduced, requires an applicant and an electric utility service to perform and submit to the locality a site assessment prior to the approval of a rezoning request, special exception, or special use permit for the siting of a new high energy use facility (HEUF). - Amends TCA Title 5; Title 6; Title 7; Title 13; Title 54; Title 65 and Title 68.",not passed,Assigned to General Subcommittee of Senate State and Local Government Committee,2025-02-05,https://wapp.capitol.tn.gov/apps/BillInfo/Default?BillNumber=SB0962&ga=114,,data-center-limits,,https://openstates.org/tn/bills/114/SB962/
os-ee40e68e-ee52-4a1c-a3f5-8a98568f6635,bill,New York,A 4427,Relates to the use of external consumer data and information sources being used when determining insurance rates,not passed,REFERRED TO INSURANCE,2025-02-04,https://nyassembly.gov/leg/?bn=A04427&term=2025,bias,,,https://openstates.org/ny/bills/2025-2026/A4427/
os-ca916a2a-d155-41e8-baf9-b2782c9486b8,bill,Idaho,H 127,CONSUMER PROTECTION – Adds to existing law to establish provisions regarding disclosure of artificial intelligence communications.,not passed,Reported Printed and Referred to Business,2025-02-04,https://legislature.idaho.gov/sessioninfo/2025/legislation/H0127/,,labeling-mandates,,https://openstates.org/id/bills/2025/H127/
os-6e6c2c5e-d2cd-4f39-ba70-570c09c6eab6,bill,Texas,HB 2400,Relating to a prohibition on the use of artificial intelligence technology for classroom instruction.,not passed,Referred to Public Education,2025-02-04,https://capitol.texas.gov/BillLookup/History.aspx?LegSess=89R&Bill=HB2400,,,,https://openstates.org/tx/bills/89R/HB2400/
os-8ea609cb-043b-4aba-821c-88bbe10bee7f,bill,Florida,HB 369,Provenance of Digital Content,did not pass,Died on Second Reading Calendar,2025-02-04,https://flsenate.gov/Session/Bill/2025/369/ByCategory,,labeling-mandates,,https://openstates.org/fl/bills/2025/HB369/
os-0d0ed394-fdcd-4a88-924a-13fa9c24b0ea,bill,Tennessee,HB 933,"Education, Dept. of - As introduced, requires the department to establish and administer a three-year artificial intelligence weapons detection system grant pilot program to award grants to eligible LEAs for the purchase of artificial intelligence weapons detection systems for schools without an artificial intelligence weapons detection system. - Amends TCA Title 49.",not passed,Taken off notice for cal in s/c  Education Administration Subcommittee of  Education Committee,2025-02-04,https://wapp.capitol.tn.gov/apps/BillInfo/Default?BillNumber=HB0933&ga=114,,,,https://openstates.org/tn/bills/114/HB933/
os-d9c80e80-28df-4f87-a734-7952c4326da3,bill,New York,S 4394,Establishes criteria for the sale of automated employment decision tools,not passed,REFERRED TO LABOR,2025-02-04,https://nyassembly.gov/leg/?bn=S04394&term=2025,,use-restrictions,,https://openstates.org/ny/bills/2025-2026/S4394/
os-03f5ecbc-bea4-4ae8-9bc2-7621049f6bbc,bill,Tennessee,SB 837,"Statutes and Codification - As enacted, clarifies that a ""person,"" as used in Tennessee Code Annotated, does not include artificial intelligence, a computer algorithm, a software program, computer hardware, or any type of machine. - Amends TCA Title 1.",not passed,Pub. Ch. 781,2025-02-04,https://wapp.capitol.tn.gov/apps/BillInfo/Default?BillNumber=SB0837&ga=114,,,,https://openstates.org/tn/bills/114/SB837/
os-64d8ac1d-61b4-46cc-b84d-ff16db83cf05,bill,Ohio,SB 79,Regulate the use of pricing algorithms,not passed,Referred to committee,2025-02-04,https://www.legislature.ohio.gov/legislation/136/sb79,algorithmic-pricing,,,https://openstates.org/oh/bills/136/SB79/
os-ede2949c-d253-4c00-a0c0-56c4e0683139,bill,Tennessee,SB 814,"Education, Dept. of - As introduced, requires the department to establish and administer a three-year artificial intelligence weapons detection system grant pilot program to award grants to eligible LEAs for the purchase of artificial intelligence weapons detection systems for schools without an artificial intelligence weapons detection system. - Amends TCA Title 49.",not passed,Re-refer to S. Cal Comm,2025-02-04,https://wapp.capitol.tn.gov/apps/BillInfo/Default?BillNumber=SB0814&ga=114,,,,https://openstates.org/tn/bills/114/SB814/
os-cdf5c6d0-0e73-477e-a6c1-b6d4c5a762e2,bill,New York,A 4550,Requires the department of labor to study the long-term impact of artificial intelligence on the state workforce,not passed,REFERRED TO WAYS AND MEANS,2025-02-04,https://nyassembly.gov/leg/?bn=A04550&term=2025,job-loss,,,https://openstates.org/ny/bills/2025-2026/A4550/
os-35c90076-bb00-49a5-b4d7-5b2b6571a988,bill,Illinois,SB 1556,SCH CD-ARTIFICIAL INTELLIGENCE,not passed,Rule 3-9(a) / Re-referred to Assignments,2025-02-04,https://ilga.gov/Legislation/BillStatus?DocNum=1556&GAID=18&DocTypeID=SB&LegId=160256&SessionID=114,,,,https://openstates.org/il/bills/104th/SB1556/
os-ab8a27af-07b9-40e7-bbed-f692da3bd4d0,bill,Illinois,HB 2655,BD HIGHER ED-AI ED REPORT,not passed,Rule 19(a) / Re-referred to Rules Committee,2025-02-04,https://ilga.gov/Legislation/BillStatus?DocNum=2655&GAID=18&DocTypeID=HB&LegId=160615&SessionID=114,,,,https://openstates.org/il/bills/104th/HB2655/
os-7a9cd5d8-3608-4403-84ce-33e0f7af3877,bill,Tennessee,HB 849,"Statutes and Codification - As enacted, clarifies that a ""person,"" as used in Tennessee Code Annotated, does not include artificial intelligence, a computer algorithm, a software program, computer hardware, or any type of machine. - Amends TCA Title 1.",not passed,Comp. became Pub. Ch. 781,2025-02-04,https://wapp.capitol.tn.gov/apps/BillInfo/Default?BillNumber=HB0849&ga=114,,,,https://openstates.org/tn/bills/114/HB849/
os-273b5289-050e-4932-b5a1-b58276d98f3c,bill,Washington,HB 1833,Creating an artificial intelligence grant program.,not passed,"By resolution, returned to House Rules Committee for third reading.",2025-02-04,https://app.leg.wa.gov/billsummary/?BillNumber=1833&Year=2025&Initiative=false,,,,https://openstates.org/wa/bills/2025-2026/HB1833/
os-57dd749c-1c60-4231-9d2b-d16b95b60858,bill,California,AB 410,Bots: disclosure.,not passed,In committee: Held under submission.,2025-02-04,http://leginfo.legislature.ca.gov/faces/billNavClient.xhtml?bill_id=202520260AB410,,labeling-mandates,California Attorney General; California local prosecutors,https://openstates.org/ca/bills/20252026/AB410/
os-5a432a34-c0bf-424c-8ac1-17068873f8df,bill,California,AB 412,Generative artificial intelligence: training data: copyrighted materials.,not passed,In committee: Held under submission.,2025-02-04,http://leginfo.legislature.ca.gov/faces/billNavClient.xhtml?bill_id=202520260AB412,copyright,,,https://openstates.org/ca/bills/20252026/AB412/
os-00bf0fdd-c088-4e4b-b883-4c5bd9a65de8,bill,Kentucky,HB 252,AN ACT relating to autonomous vehicles.,not passed,to Primary and Secondary Education (H),2025-02-04,https://apps.legislature.ky.gov/record/25RS/hb252.html,,,,https://openstates.org/ky/bills/2025RS/HB252/
os-36cea077-b73b-414a-9d2e-f16f9ab8d508,bill,Illinois,HB 2593,BIPA-IDOT TESTING VEHICLES,not passed,Rule 19(a) / Re-referred to Rules Committee,2025-02-04,https://ilga.gov/Legislation/BillStatus?DocNum=2593&GAID=18&DocTypeID=HB&LegId=160509&SessionID=114,,,,https://openstates.org/il/bills/104th/HB2593/
os-a39f7145-af0c-456b-8a15-e332c6c16382,bill,Arizona,SB 1466,autonomous vehicles,not passed,Senate Second Reading,2025-02-04,https://apps.azleg.gov/BillStatus/BillOverview/82890?SessionId=129,,,,https://openstates.org/az/bills/57th-1st-regular/SB1466/
os-2ba0e4db-bad3-4299-b3b1-8dda99c02e1d,bill,Utah,SB 226,Artificial Intelligence Consumer Protection Amendments,passed,Governor Signed,2025-02-04,https://le.utah.gov/~2025/bills/static/SB0226.html,,labeling-mandates; new-agency-powers,Utah Division of Consumer Protection,https://openstates.org/ut/bills/2025/SB226/
os-a51152d2-04f2-441f-abdd-a89ae6fb731c,bill,Arizona,SB 1462,computer-generated pictorial representations; unlawful disclosure,passed,Signed by Governor,2025-02-04,https://apps.azleg.gov/BillStatus/BillOverview/82886?SessionId=129,deepfakes,use-restrictions,,https://openstates.org/az/bills/57th-1st-regular/SB1462/
os-a348dd38-fd75-428d-abf6-ce980b7297b5,bill,Maryland,SB 903,Data Centers - Fast Track Pass for Co-Location and Sales and Use Tax,not passed,"Hearing canceled (Education, Energy, and the Environment)",2025-02-03,http://mgaleg.maryland.gov/mgawebsite/Legislation/Details/sb0903?ys=2025RS&search=True,,,,https://openstates.org/md/bills/2025/SB903/
os-89ceab01-6c75-425c-a63d-83407ade1edb,bill,Oklahoma,HB 1920,Data centers; Data Centers Act of 2025; effective date.,not passed,Second Reading referred to Rules,2025-02-03,http://www.oklegislature.gov/BillInfo.aspx?Bill=HB1920&session=2600,,,,https://openstates.org/ok/bills/2026/HB1920/
os-1187540c-f851-49a4-b1c8-b679dcdc1bc9,bill,Oklahoma,HB 2216,"Securities; Oklahoma Ensuring Likeness, Voice, and Image Security Act of 2025; property right; civil action; effective date.",not passed,Referred to Civil Judiciary,2025-02-03,http://www.oklegislature.gov/BillInfo.aspx?Bill=HB2216&session=2600,,,,https://openstates.org/ok/bills/2026/HB2216/
os-67c20343-75b7-4a1d-89f7-31aa0b2e950f,bill,Oklahoma,HB 1919,Data centers; Data Centers Act of 2025; effective date.,not passed,Second Reading referred to Rules,2025-02-03,http://www.oklegislature.gov/BillInfo.aspx?Bill=HB1919&session=2600,,,,https://openstates.org/ok/bills/2026/HB1919/
os-ab1d1c01-e882-4a6b-8b87-6cae2a265ccc,bill,Nevada,SB 186,Imposes requirements concerning the use of artificial intelligence in health care. (BDR 40-780),not passed,"(Pursuant to Joint Standing Rule No. 14.3.1, no further action allowed.)",2025-02-03,https://www.leg.state.nv.us/App/NELIS/REL/83rd2025/Bill/12205/Overview,,,,https://openstates.org/nv/bills/83/SB186/
os-ce5b11ca-6a4e-4fb0-8247-01f09ea3b5ad,bill,Maryland,SB 906,"Education - Artificial Intelligence - Guidelines, Professional Development, and Task Force",not passed,Hearing 3/07 at 9:00 a.m.,2025-02-03,http://mgaleg.maryland.gov/mgawebsite/Legislation/Details/sb0906?ys=2025RS&search=True,,,,https://openstates.org/md/bills/2025/SB906/
os-f9acfe56-801c-45bc-a1af-11574254f0a7,bill,Oklahoma,HB 2016,Evidence; artificial intelligence expert testimony; effective date.,not passed,Referred to Rules,2025-02-03,http://www.oklegislature.gov/BillInfo.aspx?Bill=HB2016&session=2600,,,,https://openstates.org/ok/bills/2026/HB2016/
os-461f15ed-c55c-452e-ada7-f27bcd876aab,bill,Maryland,SB 905,Criminal Law – Identity Fraud – Artificial Intelligence and Deepfake Representations,not passed,Hearing 2/26 at 1:00 p.m.,2025-02-03,http://mgaleg.maryland.gov/mgawebsite/Legislation/Details/sb0905?ys=2025RS&search=True,deepfakes,,,https://openstates.org/md/bills/2025/SB905/
os-f71677d2-88f8-4497-97bf-d644472a6954,bill,Oklahoma,HB 1899,Artificial intelligence; Artificial Intelligence Act of 2025; effective date.,not passed,Second Reading referred to Rules,2025-02-03,http://www.oklegislature.gov/BillInfo.aspx?Bill=HB1899&session=2600,,,,https://openstates.org/ok/bills/2026/HB1899/
os-fa9042c0-e694-4303-86ce-742213e24f02,bill,Maryland,SB 936,Consumer Protection - High-Risk Artificial Intelligence - Developer and Deployer Requirements,not passed,Hearing 2/27 at 1:00 p.m.,2025-02-03,http://mgaleg.maryland.gov/mgawebsite/Legislation/Details/sb0936?ys=2025RS&search=True,,,,https://openstates.org/md/bills/2025/SB936/
os-b7111f1e-7c83-4e05-8ca1-dd766b65081e,bill,Maryland,SB 987,Artificial Intelligence - Health Software and Health Insurance Decision Making,not passed,Hearing 2/27 at 1:00 p.m.,2025-02-03,http://mgaleg.maryland.gov/mgawebsite/Legislation/Details/sb0987?ys=2025RS&search=True,ai-care-decisions,,,https://openstates.org/md/bills/2025/SB987/
os-d979998d-9b2e-45fb-ab97-36783725554c,bill,Oklahoma,SB 894,Artificial intelligence; prohibiting distribution of certain media and requiring certain disclosures. Effective date.,not passed,Coauthored by Representative Newton (principal House author),2025-02-03,http://www.oklegislature.gov/BillInfo.aspx?Bill=SB894&session=2600,deepfakes,,,https://openstates.org/ok/bills/2026/SB894/
os-db8ff67e-ca0c-4022-9c5a-2b6ef0a98646,bill,Oklahoma,SB 746,Artificial intelligence; requiring certain disclosure for certain media. Effective date.,not passed,Second Reading referred to Technology and Telecommunications,2025-02-03,http://www.oklegislature.gov/BillInfo.aspx?Bill=SB746&session=2600,,labeling-mandates,,https://openstates.org/ok/bills/2026/SB746/
os-dbdc72aa-63fc-4f82-aa4f-6cc48ce8d91c,bill,Oklahoma,HB 1917,Artificial intelligence; Artificial Intelligence Act of 2025; effective date.,not passed,Second Reading referred to Rules,2025-02-03,http://www.oklegislature.gov/BillInfo.aspx?Bill=HB1917&session=2600,,,,https://openstates.org/ok/bills/2026/HB1917/
os-e2b6b72c-85e3-4255-84c2-24722cc2a783,bill,Oklahoma,HB 1916,Artificial intelligence; Responsible Deployment of AI Systems Act; AI Council; AI Regulatory Sandbox Program; Artificial Intelligence Workforce Development Program; effective date.,not passed,Second Reading referred to Rules,2025-02-03,http://www.oklegislature.gov/BillInfo.aspx?Bill=HB1916&session=2600,,,,https://openstates.org/ok/bills/2026/HB1916/
os-5782283b-65ec-43ea-b800-562c52108d00,bill,Oklahoma,HB 1915,Artificial intelligence; AI devices in health care; qualified end-user; deployer; quality assurance program; State Department of Health; effective date.,not passed,Second Reading referred to Rules,2025-02-03,http://www.oklegislature.gov/BillInfo.aspx?Bill=HB1915&session=2600,,,Oklahoma Department of Health,https://openstates.org/ok/bills/2026/HB1915/
os-30b7b9e6-0fab-4200-9c15-1018443f4a60,bill,Oklahoma,HB 1782,"Artificial intelligence education; creating the AI Education Innovation Act, the AI Education Innovation Revolving Fund and the AI Education Advisory Council; effective date.",not passed,Placed on General Order,2025-02-03,http://www.oklegislature.gov/BillInfo.aspx?Bill=HB1782&session=2600,,,,https://openstates.org/ok/bills/2026/HB1782/
os-d2b5b35f-55ab-4fcc-a406-9f6abba5a205,bill,Illinois,HB 2503,SCH CD-ARTIFICIAL INTELLIGENCE,not passed,Added Co-Sponsor Rep. Will Guzzardi,2025-02-03,https://ilga.gov/Legislation/BillStatus?DocNum=2503&GAID=18&DocTypeID=HB&LegId=160306&SessionID=114,,,,https://openstates.org/il/bills/104th/HB2503/
os-65154d39-d544-4f4e-8283-035c4c431fb0,bill,California,SB 253,State Bar of California.,passed,"Chaptered by Secretary of State. Chapter 405, Statutes of 2025.",2025-02-03,http://leginfo.legislature.ca.gov/faces/billNavClient.xhtml?bill_id=202520260SB253,,,,https://openstates.org/ca/bills/20252026/SB253/
os-9b1bb812-3a0b-474d-8ee2-a6d0a3545ad3,bill,Missouri,HB 1166,Establishes provisions relating to autonomous vehicles,not passed,Referred: Emerging Issues(H),2025-02-03,https://www.house.mo.gov/BillContent.aspx?bill=HB1166&year=2025&code=R&style=new,,,,https://openstates.org/mo/bills/2025/HB1166/
os-86426b00-e008-4d99-b71c-5a6789652e17,bill,Maryland,SB 949,Vehicle Laws - Fully Autonomous Vehicles,not passed,Hearing 3/05 at 1:00 p.m.,2025-02-03,http://mgaleg.maryland.gov/mgawebsite/Legislation/Details/sb0949?ys=2025RS&search=True,,,,https://openstates.org/md/bills/2025/SB949/
os-1c8d0029-250f-46c4-a866-c71f53ee1a5b,bill,Maryland,HB 949,Calvert County - Payment in Lieu of Taxes Agreements - Qualified Data Centers,not passed,Hearing 2/18 at 1:00 p.m.,2025-01-31,http://mgaleg.maryland.gov/mgawebsite/Legislation/Details/hb0949?ys=2025RS&search=True,,,,https://openstates.org/md/bills/2025/HB949/
os-e591e24d-9c0b-4a76-ae5c-49d1db6daf7f,bill,Maryland,HB 966,Courts - Artificial Intelligence Evidence Clinic Pilot Program - Establishment,not passed,Referred Rules,2025-01-31,http://mgaleg.maryland.gov/mgawebsite/Legislation/Details/hb0966?ys=2025RS&search=True,,,,https://openstates.org/md/bills/2025/HB966/
os-35324a23-dc04-4712-bccc-3af24724280a,bill,New York,S 4082,"Prohibits motor vehicle insurers from discrimination on the basis of socioeconomic factors in determining algorithms used to construct actuarial tables, coverage terms, premiums and/or rates",not passed,REFERRED TO INSURANCE,2025-01-31,https://nyassembly.gov/leg/?bn=S04082&term=2025,algorithmic-pricing; bias,use-restrictions,,https://openstates.org/ny/bills/2025-2026/S4082/
os-5dd20d5c-72c8-40f1-9636-752f62890d84,bill,Texas,HB 2298,Relating to a health care facility grant program supporting the use of artificial intelligence technology in scanning medical images for cancer detection.,not passed,Received from the House,2025-01-31,https://capitol.texas.gov/BillLookup/History.aspx?LegSess=89R&Bill=HB2298,,,,https://openstates.org/tx/bills/89R/HB2298/
os-ec750335-8904-482d-b403-04d7157b7fcd,bill,Maryland,HB 981,State Department of Education and Department of Information Technology - Evaluation on Artificial Intelligence in Public Schools,not passed,Hearing 2/24 at 11:00 a.m.,2025-01-31,http://mgaleg.maryland.gov/mgawebsite/Legislation/Details/hb0981?ys=2025RS&search=True,,,,https://openstates.org/md/bills/2025/HB981/
os-df2c0fb0-c75f-43de-9004-e18649109c50,bill,Tennessee,SB 677,"Education, Dept. of - As enacted, requires the department to provide at least one professional development course that provides asynchronous instruction on the use of artificial intelligence in the classroom and that is made available, at no cost, to teachers in grades 6-12; requires such teachers to complete at least one department-approved professional development course on the use of artificial intelligence in the classroom by the later of August 1, 2028, or within two years of becoming licensed as a teacher in this state. - Amends TCA Title 49.",not passed,Pub. Ch. 1056,2025-01-31,https://wapp.capitol.tn.gov/apps/BillInfo/Default?BillNumber=SB0677&ga=114,,,,https://openstates.org/tn/bills/114/SB677/
os-d562d533-46bc-4929-b8a8-345b988958fb,bill,Connecticut,HB 6846,AN ACT CONCERNING THE USE OF ARTIFICIAL INTELLIGENCE AND OTHER MEANS TO GENERATE DECEPTIVE SYNTHETIC MEDIA AND AFFECT ELECTIONS.,did not pass,TABLED FOR HOUSE CALENDAR,2025-01-31,https://www.cga.ct.gov/asp/cgabillstatus/cgabillstatus.asp?selBillType=Bill&bill_num=HB6846&which_year=2025,deepfakes,,,https://openstates.org/ct/bills/2025/HB6846/
os-50711f61-55c2-44fe-93dc-28c8689d877d,bill,Maryland,SB 704,State Department of Education and Department of Information Technology - Evaluation on Artificial Intelligence in Public Schools,not passed,Hearing 2/21 at 9:30 a.m.,2025-01-31,http://mgaleg.maryland.gov/mgawebsite/Legislation/Details/sb0704?ys=2025RS&search=True,,,,https://openstates.org/md/bills/2025/SB704/
os-b26728b5-3925-4b64-9f8d-16655b69aa4f,bill,Illinois,SB 1425,AI USE IN HEALTH INSURANCE ACT,not passed,Rule 3-9(a) / Re-referred to Assignments,2025-01-31,https://ilga.gov/Legislation/BillStatus?DocNum=1425&GAID=18&DocTypeID=SB&LegId=159546&SessionID=114,,,,https://openstates.org/il/bills/104th/SB1425/
fr-2025-02172,order,Executive Office of the President,Executive Order 14179,Removing Barriers to American Leadership in Artificial Intelligence,signed,Executive Order 14179,2025-01-31,https://www.federalregister.gov/documents/2025/01/31/2025-02172/removing-barriers-to-american-leadership-in-artificial-intelligence,,,,https://www.federalregister.gov/documents/2025/01/31/2025-02172/removing-barriers-to-american-leadership-in-artificial-intelligence
os-c138b32c-0411-4695-a2c6-84ac3fd3e4dc,bill,Maryland,HB 956,Consumer Protection - Workgroup on Artificial Intelligence Implementation,passed,Approved by the Governor - Chapter 105,2025-01-31,http://mgaleg.maryland.gov/mgawebsite/Legislation/Details/hb0956?ys=2025RS&search=True,,,,https://openstates.org/md/bills/2025/HB956/
os-06e29f63-dfb1-49cf-89d5-6a72276670d0,bill,Maryland,HB 900,Electricity - Data Centers - Rate Schedule and Requirements,not passed,Hearing 2/20 at 1:00 p.m.,2025-01-30,http://mgaleg.maryland.gov/mgawebsite/Legislation/Details/hb0900?ys=2025RS&search=True,,,,https://openstates.org/md/bills/2025/HB900/
os-ba886e36-4cc5-4dbf-9151-6949ec6642e5,bill,South Dakota,SB 177,provide a sales and use tax refund for goods and services related to data center operations.,not passed,No motion to reconsider S.J. 278,2025-01-30,https://sdlegislature.gov/Session/Bill/25901,,,,https://openstates.org/sd/bills/2025/SB177/
os-7bb1e778-3a36-4045-a053-3698a4ea945d,bill,New York,A 3993,Prohibits discrimination through the use of clinical algorithms,not passed,REFERRED TO INSURANCE,2025-01-30,https://nyassembly.gov/leg/?bn=A03993&term=2025,bias,use-restrictions,,https://openstates.org/ny/bills/2025-2026/A3993/
os-bb02a13a-fe3c-46e1-8a93-5d607166b62f,bill,New York,A 3932,Relates to improving safety for third-party food deliveries,not passed,REFERRED TO CONSUMER AFFAIRS AND PROTECTION,2025-01-30,https://nyassembly.gov/leg/?bn=A03932&term=2025,,use-restrictions,,https://openstates.org/ny/bills/2025-2026/A3932/
os-06b7d933-32e3-4cab-9a8c-6f2a554ef5bd,bill,New York,A 3914,Establishes criteria for the sale of automated employment decision tools,not passed,REFERRED TO LABOR,2025-01-30,https://nyassembly.gov/leg/?bn=A03914&term=2025,,use-restrictions,,https://openstates.org/ny/bills/2025-2026/A3914/
os-2167aa67-a311-4de7-a27c-f95c7aa6d366,bill,New York,A 3779,Relates to restricting the use of electronic monitoring and automated employment decision tools,not passed,ORDERED TO THIRD READING RULES CAL.260,2025-01-30,https://nyassembly.gov/leg/?bn=A03779&term=2025,bias,labeling-mandates; use-restrictions,,https://openstates.org/ny/bills/2025-2026/A3779/
os-bc1f0f46-42b2-4112-8cc0-bfb3da1830a2,bill,Minnesota,SF 769,Certain data centers tax exemption modification,not passed,Referred to Taxes,2025-01-30,https://www.revisor.mn.gov/bills/94/2025/0/SF/769?body=Senate,,,,https://openstates.org/mn/bills/2025-2026/SF769/
os-9153fba7-f2c9-47d1-b09d-fcc2fdba5173,bill,Tennessee,SB 514,"Education, Curriculum - As introduced, requires local education agencies and public charter schools to provide age-appropriate instruction to students on how to access, utilize, and critically evaluate various artificial intelligence tools within the curriculum taught by the educator; requires the department of education to issue guidance on how to implement the required instruction; requires the department to provide a professional development program in artificial intelligence education for educators, subject to available funding.  - Amends TCA Title 49.",not passed,Assigned to General Subcommittee of Senate Education Committee,2025-01-30,https://wapp.capitol.tn.gov/apps/BillInfo/Default?BillNumber=SB0514&ga=114,,,,https://openstates.org/tn/bills/114/SB514/
os-078c6f38-2910-43c3-92a9-ed2f27794c04,bill,New York,A 3924,Relates to privacy rights involving digitization,not passed,REFERRED TO JUDICIARY,2025-01-30,https://nyassembly.gov/leg/?bn=A03924&term=2025,deepfakes,use-restrictions,,https://openstates.org/ny/bills/2025-2026/A3924/
os-bea918ff-0f36-4254-a7b9-3d64bd934161,bill,New York,A 3991,"Establishes requirements for the use of artificial intelligence, algorithm, or other software tools in utilization review and management",not passed,REFERRED TO INSURANCE,2025-01-30,https://nyassembly.gov/leg/?bn=A03991&term=2025,ai-care-decisions,use-restrictions,,https://openstates.org/ny/bills/2025-2026/A3991/
os-8aec909e-be83-44cf-a6d4-b78e8fe5206f,bill,New York,A 3930,Regulates the use of artificial intelligence in aiding decisions on rental housing and loans,not passed,REFERRED TO HOUSING,2025-01-30,https://nyassembly.gov/leg/?bn=A03930&term=2025,bias,use-restrictions,,https://openstates.org/ny/bills/2025-2026/A3930/
os-6c38c6f3-b7d3-4fb2-ad0a-c86025068d78,bill,California,SB 243,Companion chatbots.,passed,"Chaptered by Secretary of State. Chapter 677, Statutes of 2025.",2025-01-30,http://leginfo.legislature.ca.gov/faces/billNavClient.xhtml?bill_id=202520260SB243,ai-companions; kids-chatbots,labeling-mandates; mandatory-reporting; use-restrictions,,https://openstates.org/ca/bills/20252026/SB243/
os-e00515bc-9641-4f8b-a946-902445cabefd,bill,South Dakota,SB 164,prohibit the use of a deepfake to influence an election and to provide a penalty therefor.,passed,Signed by the Governor on 2025-03-31 S.J. 539,2025-01-30,https://sdlegislature.gov/Session/Bill/26046,deepfakes,use-restrictions,South Dakota Attorney General,https://openstates.org/sd/bills/2025/SB164/
os-fa897907-bdfd-4ddb-8901-30ece44b236e,bill,Maryland,HB 817,Residential Leases - Use of Algorithmic Device by Landlord to Determine Rent - Prohibition,not passed,Hearing 2/18 at 1:00 p.m.,2025-01-29,http://mgaleg.maryland.gov/mgawebsite/Legislation/Details/hb0817?ys=2025RS&search=True,algorithmic-pricing,use-restrictions,,https://openstates.org/md/bills/2025/HB817/
os-16299660-2565-4f84-817b-82ad6c692062,bill,Rhode Island,HB 5224,AN ACT RELATING TO COURTS AND CIVIL PROCEDURE -- PROCEDURE GENERALLY -- CAUSES OF ACTION,not passed,02/11/2025 Committee recommended measure be held for further study,2025-01-29,http://webserver.rilegislature.gov/BillText/BillText25/HouseText25/H5224.pdf,,,,https://openstates.org/ri/bills/2025/HB5224/
os-fddf9f13-6af0-4087-a46b-fb7d54a7c5a5,bill,New Mexico,HB 215,NO USE OF AI FOR RENT MANIPULATION,did not pass,action postponed indefinitely,2025-01-29,http://www.nmlegis.gov/Legislation/Legislation?chamber=H&legType=B&legNo=215&year=25,algorithmic-pricing,use-restrictions,,https://openstates.org/nm/bills/2025/HB215/
os-8329ae60-e6a5-4f9e-b4f1-a8dde04bacc4,bill,New Mexico,HB 221,VOICE & VISUAL LIKENESS RIGHTS ACT,did not pass,action postponed indefinitely,2025-01-29,http://www.nmlegis.gov/Legislation/Legislation?chamber=H&legType=B&legNo=221&year=25,,,,https://openstates.org/nm/bills/2025/HB221/
os-568b14a0-6051-4530-b8e7-62bbf8c8e49c,bill,Arkansas,HB 1297,"CONCERNING ARTIFICIAL INTELLIGENCE, ALGORITHMS, AND OTHER AUTOMATED TECHNOLOGIES; AND TO REGULATE CERTAIN PRACTICES OF HEALTHCARE INSURERS.",withdrawn,WITHDRAWN BY AUTHOR,2025-01-29,https://www.arkleg.state.ar.us/assembly/2025/2025R/Pages/BillInformation.aspx?measureno=HB1297,,,,https://openstates.org/ar/bills/2025/HB1297/
os-e020da90-939b-4680-9b2d-74b7ac689be0,bill,Maryland,SB 655,Courts - Artificial Intelligence Evidence Clinic Pilot Program - Establishment,vetoed,Vetoed by the Governor (Policy),2025-01-29,http://mgaleg.maryland.gov/mgawebsite/Legislation/Details/sb0655?ys=2025RS&search=True,,,,https://openstates.org/md/bills/2025/SB655/
os-14c20ee9-8b64-4a0c-a0a4-20ab476ce5da,bill,Maryland,HB 823,Generative Artificial Intelligence - Training Data Transparency,not passed,Hearing 2/18 at 1:00 p.m.,2025-01-29,http://mgaleg.maryland.gov/mgawebsite/Legislation/Details/hb0823?ys=2025RS&search=True,,,,https://openstates.org/md/bills/2025/HB823/
os-703a6126-c78e-4a41-9f14-72c8bdc889ab,bill,Tennessee,HB 545,"Education, Dept. of - As enacted, requires the department to provide at least one professional development course that provides asynchronous instruction on the use of artificial intelligence in the classroom and that is made available, at no cost, to teachers in grades 6-12; requires such teachers to complete at least one department-approved professional development course on the use of artificial intelligence in the classroom by the later of August 1, 2028, or within two years of becoming licensed as a teacher in this state. - Amends TCA Title 49.",not passed,Comp. became Pub. Ch. 1056,2025-01-29,https://wapp.capitol.tn.gov/apps/BillInfo/Default?BillNumber=HB0545&ga=114,,,,https://openstates.org/tn/bills/114/HB545/
os-e4d17c3f-b514-4dc5-be25-4654f4e6b21d,bill,Tennessee,HB 531,"Education, Curriculum - As introduced, requires local education agencies and public charter schools to provide age-appropriate instruction to students on how to access, utilize, and critically evaluate various artificial intelligence tools within the curriculum taught by the educator; requires the department of education to issue guidance on how to implement the required instruction; requires the department to provide a professional development program in artificial intelligence education for educators, subject to available funding.  - Amends TCA Title 49.",not passed,Taken off notice for cal. in Education Committee,2025-01-29,https://wapp.capitol.tn.gov/apps/BillInfo/Default?BillNumber=HB0531&ga=114,,,,https://openstates.org/tn/bills/114/HB531/
os-fdf8309a-4207-437e-b34b-5b96bc573769,bill,Georgia,HB 171,Crimes and offenses; obscenity; repeal and replace Code Section 16-12-80,not passed,Senate Committee Favorably Reported  By Substitute,2025-01-29,https://www.legis.ga.gov/legislation/69648,deepfakes,,,https://openstates.org/ga/bills/2025_26/HB171/
os-23961561-7a73-4617-af60-47312db2e927,bill,Illinois,HB 1859,COM COL-COURSE INSTRUCTOR-AI,passed,Public Act . . . . . . . . . 104-0201,2025-01-29,https://ilga.gov/Legislation/BillStatus?DocNum=1859&GAID=18&DocTypeID=HB&LegId=159421&SessionID=114,,,,https://openstates.org/il/bills/104th/HB1859/
os-d2bbea31-8846-4f60-a87f-1c3da59760ba,bill,Illinois,SB 1366,STATE GOVT AI ACT,not passed,Added as Co-Sponsor Sen. Terri Bryant,2025-01-29,https://ilga.gov/Legislation/BillStatus?DocNum=1366&GAID=18&DocTypeID=SB&LegId=159412&SessionID=114,,,,https://openstates.org/il/bills/104th/SB1366/
os-5e95daa2-e86d-4504-bb0b-f23fa6e355bd,bill,Delaware,HB 16,AN ACT TO AMEND TITLE 29 OF THE DELAWARE CODE RELATING TO THE ARTIFICIAL INTELLIGENCE COMMISSION.,passed,Signed by Governor,2025-01-29,https://legis.delaware.gov/BillDetail?LegislationId=141828,,,,https://openstates.org/de/bills/153/HB16/
us-119-s-321,bill,Congress,S. 321,Decoupling America's Artificial Intelligence Capabilities from China Act of 2025,not passed,Read twice and referred to the Committee on the Judiciary.,2025-01-29,https://www.congress.gov/bill/119th-congress/senate-bill/321,,,,https://www.congress.gov/bill/119th-congress/senate-bill/321
os-f3418e5d-4e57-4b37-be2e-c2478804bc57,bill,New York,A 3650,Relates to autonomous vehicle driving,did not pass,ENACTING CLAUSE STRICKEN,2025-01-29,https://nyassembly.gov/leg/?bn=A03650&term=2025,,,,https://openstates.org/ny/bills/2025-2026/A3650/
os-50163ebe-e8d1-475b-a995-611f82fc5061,bill,Maryland,HB 820,Health Insurance - Utilization Review - Use of Artificial Intelligence,passed,Approved by the Governor - Chapter 747,2025-01-29,http://mgaleg.maryland.gov/mgawebsite/Legislation/Details/hb0820?ys=2025RS&search=True,ai-care-decisions,mandatory-reporting,Maryland Insurance Commissioner,https://openstates.org/md/bills/2025/HB820/
os-082507f0-2bdb-4a76-9945-6922a8ce29ad,bill,Maryland,SB 609,Residential Leases - Use of Algorithmic Device by Landlord to Determine Rent - Prohibition,not passed,Hearing 2/11 at 1:00 p.m.,2025-01-28,http://mgaleg.maryland.gov/mgawebsite/Legislation/Details/sb0609?ys=2025RS&search=True,algorithmic-pricing,use-restrictions,,https://openstates.org/md/bills/2025/SB609/
os-bf3c770c-b2ce-412e-abde-14204af0fafa,bill,Tennessee,HB 433,"Criminal Offenses - As introduced, expands the offense of unlawful exposure to include the distribution, with the intent to cause emotional distress, of an image of the intimate parts of another identifiable person or an image of an identifiable person engaged in sexually explicit conduct and the image was created or modified by means of a computer software program, artificial intelligence application, or other digital editing tools. - Amends TCA Title 39.",not passed,Taken off notice for cal in s/c  Criminal Justice Subcommittee of  Judiciary Committee,2025-01-28,https://wapp.capitol.tn.gov/apps/BillInfo/Default?BillNumber=HB0433&ga=114,deepfakes,use-restrictions,,https://openstates.org/tn/bills/114/HB433/
os-4a4ef751-bee1-4bd6-85f9-1d696fc319d7,bill,Georgia,HB 147,Georgia Technology Authority; annual inventory of artificial intelligence usage by state agencies; provide,not passed,Senate Committee Favorably Reported  By Substitute,2025-01-28,https://www.legis.ga.gov/legislation/69569,,,,https://openstates.org/ga/bills/2025_26/HB147/
os-7533a0f3-7dab-40e1-a13d-96b758dd174e,bill,Tennessee,SB 404,"Criminal Offenses - As introduced, expands the offense of unlawful exposure to include the distribution, with the intent to cause emotional distress, of an image of the intimate parts of another identifiable person or an image of an identifiable person engaged in sexually explicit conduct and the image was created or modified by means of a computer software program, artificial intelligence application, or other digital editing tools. - Amends TCA Title 39.",not passed,"Passed on Second Consideration, refer to Senate Judiciary Committee",2025-01-28,https://wapp.capitol.tn.gov/apps/BillInfo/Default?BillNumber=SB0404&ga=114,deepfakes,use-restrictions,,https://openstates.org/tn/bills/114/SB404/
os-be43b20d-b154-4acf-98c8-98ff5309511e,bill,New Mexico,HB 148,AUTONOMOUS VEHICLE ACT,did not pass,action postponed indefinitely,2025-01-28,http://www.nmlegis.gov/Legislation/Legislation?chamber=H&legType=B&legNo=148&year=25,,,,https://openstates.org/nm/bills/2025/HB148/
os-1889326a-280f-4152-8452-9cba5f522b54,bill,Illinois,HB 1839,SAFE AUTONOMOUS VEHICLE ACT,not passed,Rule 19(a) / Re-referred to Rules Committee,2025-01-28,https://ilga.gov/Legislation/BillStatus?DocNum=1839&GAID=18&DocTypeID=HB&LegId=159329&SessionID=114,,,,https://openstates.org/il/bills/104th/HB1839/
os-932de135-d82c-47e5-8294-86a6bbdbd320,bill,Utah,SB 180,Law Enforcement Usage of Artificial Intelligence,passed,Governor Signed,2025-01-28,https://le.utah.gov/~2025/bills/static/SB0180.html,,,,https://openstates.org/ut/bills/2025/SB180/
os-704f23a9-be5b-42de-8bfd-06f28d63c5d4,bill,Colorado,HB 25-1122,Automated Driving System Commercial Motor Vehicle,vetoed,Governor Vetoed,2025-01-28,https://leg.colorado.gov/bills/hb25-1122,self-driving,use-restrictions,,https://openstates.org/co/bills/2025A/HB25-1122/
os-b3079a22-a637-4e05-817b-cd6387718710,bill,Georgia,SB 34,Public Service Commission; costs incurred by an electric utility as a result of providing electric services to commercial data centers from being included in any rates; prohibit,not passed,Senate Committee Favorably Reported  By Substitute,2025-01-27,https://www.legis.ga.gov/legislation/69551,power-bills,,,https://openstates.org/ga/bills/2025_26/SB34/
os-23ac7702-02bd-4804-b25b-5339c31736af,bill,Maryland,HB 740,Election Law - Campaign Materials - Disclosure of Use of Synthetic Media,not passed,Hearing 2/11 at 1:00 p.m.,2025-01-27,http://mgaleg.maryland.gov/mgawebsite/Legislation/Details/hb0740?ys=2025RS&search=True,,labeling-mandates,,https://openstates.org/md/bills/2025/HB740/
os-e40a3cb9-da25-4611-93c5-f9a12d7296ab,bill,California,AB 325,Cartwright Act: violations.,passed,"Chaptered by Secretary of State - Chapter 338, Statutes of 2025.",2025-01-27,http://leginfo.legislature.ca.gov/faces/billNavClient.xhtml?bill_id=202520260AB325,algorithmic-pricing,use-restrictions,,https://openstates.org/ca/bills/20252026/AB325/
os-50ff276f-bfd3-43c1-8226-22a180a5bfb0,bill,New York,S 3409,Establishes a study on the comparative qualities of cloud computing services and state data center operations,not passed,REFERRED TO INTERNET AND TECHNOLOGY,2025-01-27,https://nyassembly.gov/leg/?bn=S03409&term=2025,,,,https://openstates.org/ny/bills/2025-2026/S3409/
os-931b585f-076a-40dc-b64e-7cc74209b334,bill,Minnesota,SF 608,Data centers in certain districts prohibition provision,not passed,Author added McEwen,2025-01-27,https://www.revisor.mn.gov/bills/94/2025/0/SF/608?body=Senate,,data-center-limits,,https://openstates.org/mn/bills/2025-2026/SF608/
os-ca1f6259-e571-4ed7-9b97-ab52e8ab3414,bill,New York,A 3327,Relates to political communication utilizing artificial intelligence,not passed,REFERRED TO ELECTION LAW,2025-01-27,https://nyassembly.gov/leg/?bn=A03327&term=2025,,labeling-mandates,,https://openstates.org/ny/bills/2025-2026/A3327/
os-fe305d18-df97-424c-a6b6-74d7b3bebfa1,bill,New York,A 3361,"Creates a temporary state commission to study and investigate how to regulate artificial intelligence, robotics and automation",not passed,REFERRED TO INTERNET AND TECHNOLOGY,2025-01-27,https://nyassembly.gov/leg/?bn=A03361&term=2025,,,,https://openstates.org/ny/bills/2025-2026/A3361/
os-3d89ac53-4fb1-40ff-a492-826953162697,bill,Pennsylvania,HB 317,"An Act amending Title 18 (Crimes and Offenses) of the Pennsylvania Consolidated Statutes, in computer offenses, providing for artificial intelligence; and imposing a penalty.",not passed,Referred to Communications & Technology,2025-01-27,https://www.palegis.us/legislation/bills/2025/hb317,,,,https://openstates.org/pa/bills/2025-2026/HB317/
os-a9ba259c-fd66-4d85-9cab-cfd1f5e04896,bill,New York,A 3265,Enacts the New York artificial intelligence bill of rights,not passed,REFERRED TO SCIENCE AND TECHNOLOGY,2025-01-27,https://nyassembly.gov/leg/?bn=A03265&term=2025,,,,https://openstates.org/ny/bills/2025-2026/A3265/
os-9240eb1a-dd4e-4704-9b19-3fd59b48f54e,bill,New York,A 3411,Requires notices on generative artificial intelligence systems,not passed,RETURNED TO ASSEMBLY,2025-01-27,https://nyassembly.gov/leg/?bn=A03411&term=2025,misinformation,labeling-mandates,,https://openstates.org/ny/bills/2025-2026/A3411/
os-29707fcf-7a9a-4d62-9846-385175b4dcc8,bill,New York,A 3356,"Relates to enacting the ""advanced artificial intelligence licensing act""",not passed,REFERRED TO SCIENCE AND TECHNOLOGY,2025-01-27,https://nyassembly.gov/leg/?bn=A03356&term=2025,,license-to-build; use-restrictions,,https://openstates.org/ny/bills/2025-2026/A3356/
os-1c8b1c31-629d-4b11-bd98-09ac466a7084,bill,Georgia,SB 37,"""AI Accountability Act""; enact",not passed,Senate Read and Referred,2025-01-27,https://www.legis.ga.gov/legislation/69557,,,,https://openstates.org/ga/bills/2025_26/SB37/
os-a5a3dbbd-ac21-4474-bf75-0d9a3debacf9,bill,Washington,HB 1622,Allowing bargaining over matters related to the use of artificial intelligence.,not passed,Referred to Rules 2 Review.,2025-01-27,https://app.leg.wa.gov/billsummary/?BillNumber=1622&Year=2025&Initiative=false,,,,https://openstates.org/wa/bills/2025-2026/HB1622/
os-7477a406-658b-4db4-901d-785307270e36,bill,Illinois,HB 1806,THERAPY RESOURCES OVERSIGHT,passed,Public Act . . . . . . . . . 104-0054,2025-01-27,https://ilga.gov/Legislation/BillStatus?DocNum=1806&GAID=18&DocTypeID=HB&LegId=159219&SessionID=114,,,,https://openstates.org/il/bills/104th/HB1806/
os-d54a7724-163e-4736-ba19-1601f1ba4f90,bill,Tennessee,SB 310,"Motor Vehicles - As introduced, excludes automated driving system (ADS)-operated vehicles used to transport property for hire in interstate commerce or to transport passengers for hire from the exemption allowing ADS-operated vehicles to be operated without a human driver physically present. - Amends TCA Title 55 and Title 65.",not passed,"Passed on Second Consideration, refer to Senate Transportation and Safety Committee",2025-01-27,https://wapp.capitol.tn.gov/apps/BillInfo/Default?BillNumber=SB0310&ga=114,,use-restrictions,,https://openstates.org/tn/bills/114/SB310/
os-84107e10-7e35-4843-b1a0-feaede3887dc,bill,Connecticut,HB 6497,AN ACT PROHIBITING RESIDENTIAL RENTAL PROPERTY OWNERS FROM USING PRICING ALGORITHMS AND COMPETITORS' SENSITIVE DATA TO SET RENTAL PRICES.,not passed,REF. TO JOINT COMM. ON Housing,2025-01-24,https://www.cga.ct.gov/asp/cgabillstatus/cgabillstatus.asp?selBillType=Bill&bill_num=HB6497&which_year=2025,algorithmic-pricing,use-restrictions,,https://openstates.org/ct/bills/2025/HB6497/
os-8044dd14-61ff-426c-abfb-8eed0a6f4391,bill,Maryland,HB 663,Civil Actions - Sexual Deepfake Representations and Revenge Porn,not passed,Hearing 2/19 at 11:00 a.m.,2025-01-24,http://mgaleg.maryland.gov/mgawebsite/Legislation/Details/hb0663?ys=2025RS&search=True,deepfakes,,,https://openstates.org/md/bills/2025/HB663/
os-f9f60276-20b4-4709-8e9a-76b74ac48174,bill,Rhode Island,HB 5172,AN ACT RELATING TO INSURANCE -- THE TRANSPARENCY AND ACCOUNTABILITY IN ARTIFICIAL INTELLIGENCE USE BY HEALTH INSURERS TO MANAGE COVERAGE AND CLAIMS ACT,not passed,04/01/2025 Committee recommended measure be held for further study,2025-01-24,http://webserver.rilegislature.gov/BillText/BillText25/HouseText25/H5172.pdf,,,,https://openstates.org/ri/bills/2025/HB5172/
os-f2eb23af-b1a8-41a9-92d2-d7512c8400cd,bill,California,AB 316,Artificial intelligence: defenses.,passed,"Chaptered by Secretary of State - Chapter 672, Statutes of 2025.",2025-01-24,http://leginfo.legislature.ca.gov/faces/billNavClient.xhtml?bill_id=202520260AB316,,,,https://openstates.org/ca/bills/20252026/AB316/
os-41da8b5d-b9e0-4377-b80e-36c3ded2bb4a,bill,Maryland,HB 697,"Health Insurance - Artificial Intelligence, Adverse Decisions, and Grievances - Reporting Requirements",withdrawn,Withdrawn by Sponsor,2025-01-24,http://mgaleg.maryland.gov/mgawebsite/Legislation/Details/hb0697?ys=2025RS&search=True,,,,https://openstates.org/md/bills/2025/HB697/
os-b47260c4-8cff-4678-bf1b-a6014349526e,bill,Washington,SB 5469,Prohibiting algorithmic rent fixing and noncompete agreements in the rental housing market.,not passed,"Senate Rules ""X"" file.",2025-01-23,https://app.leg.wa.gov/billsummary/?BillNumber=5469&Year=2025&Initiative=false,algorithmic-pricing,use-restrictions,,https://openstates.org/wa/bills/2025-2026/SB5469/
os-9cb85216-4685-4eda-a422-0991a0ca79fe,bill,Rhode Island,SB 13,AN ACT RELATING TO INSURANCE -- THE TRANSPARENCY AND ACCOUNTABILITY IN ARTIFICIAL INTELLIGENCE USE BY HEALTH INSURERS TO MANAGE COVERAGE AND CLAIMS ACT,not passed,06/10/2025 Senate passed Sub A,2025-01-23,http://webserver.rilegislature.gov/BillText/BillText25/SenateText25/S0013A.pdf,,,,https://openstates.org/ri/bills/2025/SB13/
os-f4b4f072-d947-4e31-8a49-f952bcc5168c,bill,Maryland,HB 589,Artificial Intelligence - Causing Injury or Death - Civil and Criminal Liability,not passed,Hearing 2/11 at 1:00 p.m.,2025-01-23,http://mgaleg.maryland.gov/mgawebsite/Legislation/Details/hb0589?ys=2025RS&search=True,,,,https://openstates.org/md/bills/2025/HB589/
os-ffde9109-7454-4326-aaef-e4bb8bb2f51e,bill,New Hampshire,SB 263,"criminalizing and creating a private right of action for the facilitation, encouragement, offer, solicitation, or recommendation of certain acts or actions through a responsive generative communication to a child, and relative to the termination of tenancy at the expiration of the tenancy or lease term.",not passed,"Sen. Gannon Moved Nonconcur with the House Amendment, MA, VV; 06/12/2025;  SJ 16",2025-01-23,https://www.gencourt.state.nh.us/bill_status/legacy/bs2016/bill_status.aspx?lsr=1152&sy=2025&sortoption=&txtsessionyear=2025,kids-chatbots,use-restrictions,,https://openstates.org/nh/bills/2025/SB263/
os-883556e3-a781-48a4-b1e1-716b0d3a7d9e,bill,Connecticut,SB 1143,AN ACT PROHIBITING THE CREATION AND DISSEMINATION OF INTIMATE IMAGES GENERATED USING ARTIFICIAL INTELLIGENCE AND WITHOUT CONSENT.,not passed,REF. TO JOINT COMM. ON Judiciary,2025-01-23,https://www.cga.ct.gov/asp/cgabillstatus/cgabillstatus.asp?selBillType=Bill&bill_num=SB1143&which_year=2025,deepfakes,use-restrictions,,https://openstates.org/ct/bills/2025/SB1143/
os-050cf3d7-451c-4f5f-972c-c052f60d1f22,bill,New York,A 3125,Relates to the use of automated decision tools by landlords for making housing decisions,not passed,ORDERED TO THIRD READING CAL.103,2025-01-23,https://nyassembly.gov/leg/?bn=A03125&term=2025,,use-restrictions,,https://openstates.org/ny/bills/2025-2026/A3125/
os-277f577f-5f95-4f70-8148-063e857bb1de,bill,Hawaii,HB 1384,RELATING TO ARTIFICIAL INTELLIGENCE.,not passed,Carried over to 2026 Regular Session.,2025-01-23,https://capitol.hawaii.gov/session/measure_indiv.aspx?billtype=HB&billnumber=1384&year=2026,,,,https://openstates.org/hi/bills/2026/HB1384/
os-089702c3-869c-4034-aa95-591bde02c177,bill,Hawaii,SB 1622,RELATING TO ARTIFICIAL INTELLIGENCE.,not passed,Carried over to 2026 Regular Session.,2025-01-23,https://capitol.hawaii.gov/session/measure_indiv.aspx?billtype=SB&billnumber=1622&year=2026,,,,https://openstates.org/hi/bills/2026/SB1622/
us-119-s-232,bill,Congress,S. 232,Preventing Algorithmic Collusion Act of 2025,not passed,Read twice and referred to the Committee on the Judiciary.,2025-01-23,https://www.congress.gov/bill/119th-congress/senate-bill/232,,,,https://www.congress.gov/bill/119th-congress/senate-bill/232
os-2eb5c077-9766-4580-9261-c91873cd883e,bill,Connecticut,HB 5926,AN ACT IMPLEMENTING A SURCHARGE ON ELECTRICITY CONSUMED BY DATA CENTERS.,not passed,REF. TO JOINT COMM. ON Energy and Technology,2025-01-22,https://www.cga.ct.gov/asp/cgabillstatus/cgabillstatus.asp?selBillType=Bill&bill_num=HB5926&which_year=2025,,,,https://openstates.org/ct/bills/2025/HB5926/
os-ed6436f4-56f6-436d-973f-69f3eaefcf7c,bill,Connecticut,HB 5955,AN ACT REQUIRING AN IMPACT EVALUATION CONCERNING LARGE DATA CENTERS.,not passed,REF. TO JOINT COMM. ON Energy and Technology,2025-01-22,https://www.cga.ct.gov/asp/cgabillstatus/cgabillstatus.asp?selBillType=Bill&bill_num=HB5955&which_year=2025,,,,https://openstates.org/ct/bills/2025/HB5955/
os-f6bd4cae-d386-49ce-b5a9-9f90468ee05d,bill,Connecticut,SB 892,AN ACT REQUIRING AN EVALUATION OF THE IMPACT OF LARGE DATA CENTERS ON THE ELECTRIC DISTRIBUTION SYSTEM.,not passed,REF. TO JOINT COMM. ON Energy and Technology,2025-01-22,https://www.cga.ct.gov/asp/cgabillstatus/cgabillstatus.asp?selBillType=Bill&bill_num=SB892&which_year=2025,power-bills,,,https://openstates.org/ct/bills/2025/SB892/
os-ced04ca4-f179-43a2-a44c-c1ca7e442f0d,bill,New York,S 2697,Prohibits the use of an algorithmic device by a landlord for the purpose of determining the amount of rent to charge a residential tenant,not passed,REFERRED TO JUDICIARY,2025-01-22,https://nyassembly.gov/leg/?bn=S02697&term=2025,algorithmic-pricing,use-restrictions,,https://openstates.org/ny/bills/2025-2026/S2697/
us-119-hr-633,bill,Congress,H.R. 633,TAKE IT DOWN Act,not passed,"Placed on the Union Calendar, Calendar No. 59.",2025-01-22,https://www.congress.gov/bill/119th-congress/house-bill/633,deepfakes,use-restrictions,,https://www.congress.gov/bill/119th-congress/house-bill/633
os-9b45c316-f93d-4ecf-a259-b17713e9360d,bill,New York,A 3005,Enacts into law major components of legislation necessary to implement the state public protection and general government budget for the 2025-2026 state fiscal year,passed,SIGNED CHAP.55,2025-01-22,https://nyassembly.gov/leg/?bn=A03005&term=2025,kids-chatbots,use-restrictions,,https://openstates.org/ny/bills/2025-2026/A3005/
os-4bd21ed3-29f2-4902-9567-d760b4aa7264,bill,New York,S 3005,Enacts into law major components of legislation necessary to implement the state public protection and general government budget for the 2025-2026 state fiscal year,not passed,SUBSTITUTED BY A3005C,2025-01-22,https://nyassembly.gov/leg/?bn=S03005&term=2025,kids-chatbots,use-restrictions,,https://openstates.org/ny/bills/2025-2026/S3005/
os-c3d17487-fcf6-4704-8b7c-a814e81e9eeb,bill,Illinois,SB 227,INC TX-DATA CENTERS,not passed,"Added as Chief Co-Sponsor Sen. Elgie R. Sims, Jr.",2025-01-22,https://ilga.gov/Legislation/BillStatus?DocNum=227&GAID=18&DocTypeID=SB&LegId=157540&SessionID=114,,,,https://openstates.org/il/bills/104th/SB227/
os-97079684-8d09-457c-a03d-ce683cb0a111,bill,New Mexico,HM 2,LESC ARTIFICIAL INTELLIGENCE WORK GROUP,passed,Signed,2025-01-22,http://www.nmlegis.gov/Legislation/Legislation?chamber=H&legType=M&legNo=2&year=25,,,,https://openstates.org/nm/bills/2025/HM2/
os-3cdc7229-40ad-44ac-86a7-47ae6ebc25b4,bill,Nebraska,LB 615,Prohibit distributing deepfakes under the Nebraska Political Accountability and Disclosure Act,did not pass,Indefinitely postponed,2025-01-22,https://nebraskalegislature.gov/bills/view_bill.php?DocumentID=59674,deepfakes,use-restrictions,,https://openstates.org/ne/bills/109/LB615/
os-628f2d68-d192-45a1-ba83-4b5e6e91024f,bill,Rhode Island,HB 5123,AN ACT RELATING TO STATE AFFAIRS AND GOVERNMENT -- ARTIFICIAL INTELLIGENCE ACCOUNTABILITY ACT,not passed,02/11/2025 Committee recommended measure be held for further study,2025-01-22,http://webserver.rilegislature.gov/BillText/BillText25/HouseText25/H5123.pdf,,,,https://openstates.org/ri/bills/2025/HB5123/
os-10b7af94-f633-4a45-8836-80025349592b,bill,Connecticut,HB 5877,AN ACT PROHIBITING THE USE OF ARTIFICIAL INTELLIGENCE TO REPLACE TEACHERS.,not passed,REF. TO JOINT COMM. ON Education,2025-01-22,https://www.cga.ct.gov/asp/cgabillstatus/cgabillstatus.asp?selBillType=Bill&bill_num=HB5877&which_year=2025,job-loss,,,https://openstates.org/ct/bills/2025/HB5877/
os-08700c1c-c462-4359-b536-ec12dd208a8c,bill,Nebraska,LB 642,Adopt the Artificial Intelligence Consumer Protection Act,did not pass,Indefinitely postponed,2025-01-22,https://nebraskalegislature.gov/bills/view_bill.php?DocumentID=58992,,,,https://openstates.org/ne/bills/109/LB642/
os-7caed206-4fd9-4759-aa64-d08df6053c3b,bill,New York,S 3008,"Enacts into law major components of legislation necessary to implement the state transportation, economic development and environmental conservation budget for the 2025-2026 state fiscal year",passed,SIGNED CHAP.58,2025-01-22,https://nyassembly.gov/leg/?bn=S03008&term=2025,ai-companions; algorithmic-pricing; kids-chatbots,labeling-mandates,,https://openstates.org/ny/bills/2025-2026/S3008/
os-5d01f73a-6b88-4711-beda-0ebc06d20385,bill,New York,A 3008,"Enacts into law major components of legislation necessary to implement the state transportation, economic development and environmental conservation budget for the 2025-2026 state fiscal year",not passed,SUBSTITUTED BY S3008C,2025-01-22,https://nyassembly.gov/leg/?bn=A03008&term=2025,ai-companions; algorithmic-pricing; kids-chatbots,,,https://openstates.org/ny/bills/2025-2026/A3008/
os-f18b6868-3454-4cbc-98bb-35e6a97dbea4,bill,Alaska,SB 33,An Act relating to defamation claims based on the use of synthetic media; relating to the use of synthetic media in electioneering communications; and providing for an effective date.,not passed,(S) Minutes (SSTA),2025-01-22,https://www.akleg.gov/basis/Bill/Detail/34?Root=SB33#tab5_4,deepfakes,use-restrictions,,https://openstates.org/ak/bills/34/SB33/
os-63b29e2e-f511-435d-bc8e-5a212ff41c36,bill,New York,S 2698,Relates to requiring disclosure of use of generative artificial intelligence in a civil action,not passed,COMMITTED TO RULES,2025-01-22,https://nyassembly.gov/leg/?bn=S02698&term=2025,,labeling-mandates,,https://openstates.org/ny/bills/2025-2026/S2698/
os-d7ce4d44-c546-4a17-bbc5-69a3941d9bed,bill,Washington,SB 5422,Allowing bargaining over matters related to the use of artificial intelligence.,not passed,"By resolution, reintroduced and retained in present status.",2025-01-22,https://app.leg.wa.gov/billsummary/?BillNumber=5422&Year=2025&Initiative=false,,,,https://openstates.org/wa/bills/2025-2026/SB5422/
os-a5abbeca-9047-41e9-93c2-d689d06c5f48,bill,Alaska,SB 2,An Act relating to disclosure of election-related deepfakes; relating to use of artificial intelligence by state agencies; and relating to transfer of data about individuals between state agencies.,not passed,(S) Minutes (SSTA),2025-01-22,https://www.akleg.gov/basis/Bill/Detail/34?Root=SB2#tab5_4,deepfakes,labeling-mandates,,https://openstates.org/ak/bills/34/SB2/
os-ca660689-6862-45c6-b88f-67a95ccb19fe,bill,New York,S 2688,Relates to the operation of autonomous taxicabs in a city having a population of one million or more,not passed,REFERRED TO TRANSPORTATION,2025-01-22,https://nyassembly.gov/leg/?bn=S02688&term=2025,,new-agency-powers,,https://openstates.org/ny/bills/2025-2026/S2688/
os-37e3df20-bc61-4606-9e79-169dd98e8a0e,bill,Vermont,S 23,An act relating to the use of synthetic media in elections,passed,"Senate Message: Signed by Governor March 5, 2026",2025-01-22,http://legislature.vermont.gov/bill/status/2026/S.23,,,,https://openstates.org/vt/bills/2025-2026/S23/
os-796a63e9-3396-4c10-867a-47b53af9ebb1,bill,Hawaii,HB 1231,RELATING TO TRAFFIC SAFETY.,passed,"Act 212, 06/25/2025 (Gov. Msg. No. 1314).",2025-01-22,https://capitol.hawaii.gov/session/archives/measure_indiv_Archives.aspx?billtype=HB&billnumber=1231&year=2025,surveillance,,,https://openstates.org/hi/bills/2025/HB1231/
us-119-s-168,bill,Congress,S. 168,Energy for America’s Economic Future Act,not passed,Read twice and referred to the Committee on Energy and Natural Resources.,2025-01-21,https://www.congress.gov/bill/119th-congress/senate-bill/168,,,,https://www.congress.gov/bill/119th-congress/senate-bill/168
os-a04fa41c-d38b-4eff-a3c4-42e709a32987,bill,Hawaii,HB 831,RELATING TO ANTITRUST.,not passed,Carried over to 2026 Regular Session.,2025-01-21,https://capitol.hawaii.gov/session/measure_indiv.aspx?billtype=HB&billnumber=831&year=2026,algorithmic-pricing,use-restrictions,,https://openstates.org/hi/bills/2026/HB831/
os-3eec9ef8-524b-4f58-ab83-ad8beb7fbefa,bill,Nebraska,LB 468,"Change provisions relating to inheritance taxes, change certain fee and tax provisions, and eliminate a sales tax exemption relating to data centers",did not pass,Indefinitely postponed,2025-01-21,https://nebraskalegislature.gov/bills/view_bill.php?DocumentID=58985,,,,https://openstates.org/ne/bills/109/LB468/
os-e83d5571-1d97-4226-ac25-e175674e2672,bill,Indiana,HB 1620,Disclosure of artificial intelligence use in health care.,not passed,Authored by Representative King,2025-01-21,https://iga.in.gov/legislative/2025/bills/house/1620,ai-care-decisions,labeling-mandates,,https://openstates.org/in/bills/2025/HB1620/
os-55b7535a-b429-44d5-befb-94e7f2568b7e,bill,Connecticut,HB 5598,AN ACT PROHIBITING THE CREATION AND DISSEMINATION OF ARTIFICIAL INTELLIGENCE-GENERATED PORNOGRAPHIC IMAGES OF A PERSON WITHOUT CONSENT.,not passed,REF. TO JOINT COMM. ON Judiciary,2025-01-21,https://www.cga.ct.gov/asp/cgabillstatus/cgabillstatus.asp?selBillType=Bill&bill_num=HB5598&which_year=2025,deepfakes,use-restrictions,,https://openstates.org/ct/bills/2025/HB5598/
os-6b7fee1b-41c3-4c1b-8d38-455834b3800e,bill,Connecticut,HB 5587,AN ACT PROHIBITING HEALTH INSURERS FROM USING ARTIFICIAL INTELLIGENCE AS THE PRIMARY METHOD TO DENY HEALTH INSURANCE CLAIMS.,not passed,REF. TO JOINT COMM. ON Insurance and Real Estate,2025-01-21,https://www.cga.ct.gov/asp/cgabillstatus/cgabillstatus.asp?selBillType=Bill&bill_num=HB5587&which_year=2025,ai-care-decisions,use-restrictions,,https://openstates.org/ct/bills/2025/HB5587/
os-3cbda33c-ef10-433d-a29c-aee4d2c9a17e,bill,Connecticut,HB 5590,AN ACT PROHIBITING HEALTH INSURERS FROM USING ARTIFICIAL INTELLIGENCE TO DENY HEALTH INSURANCE CLAIMS.,not passed,REF. TO JOINT COMM. ON Insurance and Real Estate,2025-01-21,https://www.cga.ct.gov/asp/cgabillstatus/cgabillstatus.asp?selBillType=Bill&bill_num=HB5590&which_year=2025,ai-care-decisions,use-restrictions,,https://openstates.org/ct/bills/2025/HB5590/
os-d5cf66ef-0d30-48af-a2b3-9086ec9fd1ce,bill,New York,S 2487,Enacts the New York artificial intelligence ethics commission act,not passed,REFERRED TO INTERNET AND TECHNOLOGY,2025-01-21,https://nyassembly.gov/leg/?bn=S02487&term=2025,,new-agency-powers,,https://openstates.org/ny/bills/2025-2026/S2487/
os-4ee021c6-cc6f-4533-8742-3ac2a4a2899d,bill,Hawaii,HB 824,RELATING TO GOVERNMENT EFFICIENCY.,not passed,Carried over to 2026 Regular Session.,2025-01-21,https://capitol.hawaii.gov/session/measure_indiv.aspx?billtype=HB&billnumber=824&year=2026,,,,https://openstates.org/hi/bills/2026/HB824/
os-d840015e-479e-4621-88e7-e98542d45c86,bill,Mississippi,HB 1239,Data center enterprises; revise certain definitions and other provisions relating to tax exemptions.,did not pass,Died In Conference,2025-01-20,http://billstatus.ls.state.ms.us/documents/2025/pdf/HB/1200-1299/HB1239PS.pdf,,,,https://openstates.org/ms/bills/2025/HB1239/
os-eb1a3ecb-b773-4843-9929-ed8e42486315,bill,Mississippi,SB 2796,Ensuring Likeness Voice and Image Security Act; enact.,did not pass,Died On Calendar,2025-01-20,http://billstatus.ls.state.ms.us/documents/2025/pdf/SB/2700-2799/SB2796CS.pdf,deepfakes,,,https://openstates.org/ms/bills/2025/SB2796/
os-831cd4ce-6129-4e18-9c10-572f710a6049,bill,Mississippi,SB 2220,"Mississippians' Right to Name, Likeness and Voice Act; enact.",did not pass,Died In Committee,2025-01-20,http://billstatus.ls.state.ms.us/documents/2025/pdf/SB/2200-2299/SB2220PS.pdf,,,,https://openstates.org/ms/bills/2025/SB2220/
os-76ae2e7d-7be0-428a-8742-d4543fc6e04c,bill,Mississippi,SB 2437,"""Prohibition of Exploitation by Deepfakes Act""; enact.",did not pass,Died In Committee,2025-01-20,http://billstatus.ls.state.ms.us/documents/2025/pdf/SB/2400-2499/SB2437IN.pdf,deepfakes,,,https://openstates.org/ms/bills/2025/SB2437/
os-7d824881-ceb7-47bc-abc6-45d84a20ccd9,bill,Mississippi,SB 2642,Artificial intelligence; require disclosure when used in political advertisements.,did not pass,Died In Committee,2025-01-20,http://billstatus.ls.state.ms.us/documents/2025/pdf/SB/2600-2699/SB2642IN.pdf,,labeling-mandates,,https://openstates.org/ms/bills/2025/SB2642/
os-88a95e0a-5a72-4f0e-bc44-2fab1b8daffb,bill,Mississippi,HB 1535,Artificial Intelligence Task Force; create and prescribe responsibilities of.,did not pass,Died On Calendar,2025-01-20,http://billstatus.ls.state.ms.us/documents/2025/pdf/HB/1500-1599/HB1535PS.pdf,,,,https://openstates.org/ms/bills/2025/HB1535/
os-d0a68182-c469-484c-ad8f-f85d577146e5,bill,Mississippi,SB 2426,Artificial Intelligence Task Force; create and prescribe responsibilities of.,passed,Approved by Governor,2025-01-20,http://billstatus.ls.state.ms.us/documents/2025/pdf/SB/2400-2499/SB2426SG.pdf,,,,https://openstates.org/ms/bills/2025/SB2426/
os-9df84ee5-6287-4ff8-8228-429fd86dc768,bill,Mississippi,SB 2202,Images or audio altered or created by digitization; criminalize dissemination of in certain circumstances.,did not pass,Died In Committee,2025-01-20,http://billstatus.ls.state.ms.us/documents/2025/pdf/SB/2200-2299/SB2202PS.pdf,deepfakes,use-restrictions,,https://openstates.org/ms/bills/2025/SB2202/
os-f7edbe38-e245-4f25-a8f6-76fcbeabdfd5,bill,Massachusetts,SD 2531,An Act relative to the safety of autonomous vehicles,not passed,,2025-01-20,https://malegislature.gov/Bills/194/SD2531,,,,https://openstates.org/ma/bills/194th/SD2531/
os-883544e2-428e-499a-b375-d3d2c603b6bb,bill,Maryland,SB 405,Vehicle Laws - Fully Autonomous Vehicles - Human Safety Operators and Reporting Requirements,withdrawn,Withdrawn by Sponsor,2025-01-20,http://mgaleg.maryland.gov/mgawebsite/Legislation/Details/sb0405?ys=2025RS&search=True,,,,https://openstates.org/md/bills/2025/SB405/
os-e654c7f0-3668-48b6-8d86-a801b577983c,bill,North Dakota,HB 1614,A BILL for an Act to provide for a department of transportation study regarding autonomous and semiautonomous vehicle technologies; and to provide a legislative management report.,did not pass,"Second reading, failed to pass, yeas 2 nays 43",2025-01-20,https://ndlegis.gov/assembly/69-2025/regular/bill-overview/bo1614.html,,,,https://openstates.org/nd/bills/69/HB1614/
os-12dd05f8-3553-4b77-8680-c6d1ecbd9218,bill,Virginia,HB 2712,Data centers; local authority considering any land use application.,not passed,"Left in Counties, Cities and Towns",2025-01-17,https://lis.virginia.gov/bill-details/20251/HB2712,,,,https://openstates.org/va/bills/2025/HB2712/
os-d4c95f1f-70e2-4306-96b5-7e4551d0c0bc,bill,Illinois,SB 94,DATA CENTERS-FOREIGN OWNERSHIP,not passed,Added as Co-Sponsor Sen. Terri Bryant,2025-01-17,https://ilga.gov/Legislation/BillStatus?DocNum=94&GAID=18&DocTypeID=SB&LegId=157212&SessionID=114,,,,https://openstates.org/il/bills/104th/SB94/
os-dfc8eaa4-8ba0-47bb-b747-945ae24e8c79,bill,Virginia,HB 2715,"Retail Sales and Use Tax; exemption for data centers, definitions.",not passed,Left in Finance,2025-01-17,https://lis.virginia.gov/bill-details/20251/HB2715,,,Virginia Department of Taxation; Virginia Economic Development Partnership Authority,https://openstates.org/va/bills/2025/HB2715/
os-74d3a33f-25bc-483f-be2f-5979e5c934c0,bill,Virginia,SB 1449,Data centers; site assessment for high energy use facility.,vetoed,Vetoed by Governor,2025-01-17,https://lis.virginia.gov/bill-details/20251/SB1449,,data-center-limits,,https://openstates.org/va/bills/2025/SB1449/
os-10078731-bd9c-4834-b3e8-0893c95fc0c1,bill,Hawaii,SB 1156,RELATING TO DEEPFAKES.,not passed,Carried over to 2026 Regular Session.,2025-01-17,https://capitol.hawaii.gov/session/measure_indiv.aspx?billtype=SB&billnumber=1156&year=2026,,,,https://openstates.org/hi/bills/2026/SB1156/
os-2eb7510a-a11d-4dc7-ad8a-1cd088a02de5,bill,Mississippi,SB 2059,Artificial Intelligence in Education Task Force Act; enact.,did not pass,Died In Committee,2025-01-17,http://billstatus.ls.state.ms.us/documents/2025/pdf/SB/2001-2099/SB2059PS.pdf,,,,https://openstates.org/ms/bills/2025/SB2059/
os-18a5e995-bd3c-423c-82d1-ffe39a3cef75,bill,Massachusetts,HD 3750,An Act relative to AI health communications and informed patient consent,not passed,,2025-01-17,https://malegislature.gov/Bills/194/HD3750,,labeling-mandates,,https://openstates.org/ma/bills/194th/HD3750/
os-185ab80d-a476-473f-973a-9569d05114f4,bill,Massachusetts,HD 3373,An Act enhancing disclosure requirements for synthetic media in political advertising,not passed,,2025-01-17,https://malegislature.gov/Bills/194/HD3373,deepfakes,labeling-mandates,,https://openstates.org/ma/bills/194th/HD3373/
os-6f862596-1351-4bce-af19-3fe85f547f90,bill,Illinois,SB 150,ELEC CD-AI ADVERT DISCLOSURE,not passed,Rule 3-9(a) / Re-referred to Assignments,2025-01-17,https://ilga.gov/Legislation/BillStatus?DocNum=150&GAID=18&DocTypeID=SB&LegId=157367&SessionID=114,,labeling-mandates,,https://openstates.org/il/bills/104th/SB150/
os-5a1c5130-e353-482d-bd8c-3d59a710d0c2,bill,New York,S 2414,"Enacts the ""political artificial intelligence disclaimer (PAID) act""",not passed,REFERRED TO ELECTIONS,2025-01-17,https://nyassembly.gov/leg/?bn=S02414&term=2025,deepfakes,labeling-mandates,,https://openstates.org/ny/bills/2025-2026/S2414/
os-966eeb08-f319-4ee1-95e9-43c73289c97e,bill,Hawaii,HB 546,RELATING TO ARTIFICIAL INTELLIGENCE.,not passed,Carried over to 2026 Regular Session.,2025-01-17,https://capitol.hawaii.gov/session/measure_indiv.aspx?billtype=HB&billnumber=546&year=2026,,,,https://openstates.org/hi/bills/2026/HB546/
os-b9a81732-2885-4f6b-9aa9-ad70aecd5cb7,bill,Hawaii,HB 726,RELATING TO A STATEWIDE DATA AND ARTIFICIAL INTELLIGENCE GOVERNANCE AND DECISION INTELLIGENCE CENTER.,not passed,Carried over to 2026 Regular Session.,2025-01-17,https://capitol.hawaii.gov/session/measure_indiv.aspx?billtype=HB&billnumber=726&year=2026,,,,https://openstates.org/hi/bills/2026/HB726/
os-c703d14a-2e58-485c-a781-38262e258d6c,bill,Hawaii,HB 487,RELATING TO GOVERNMENT EFFICIENCY.,not passed,Carried over to 2026 Regular Session.,2025-01-17,https://capitol.hawaii.gov/session/measure_indiv.aspx?billtype=HB&billnumber=487&year=2026,,,,https://openstates.org/hi/bills/2026/HB487/
os-3ffd333f-af12-4c41-8717-2b703ccb52ab,bill,Hawaii,HB 639,RELATING TO ARTIFICIAL INTELLIGENCE.,not passed,Carried over to 2026 Regular Session.,2025-01-17,https://capitol.hawaii.gov/session/measure_indiv.aspx?billtype=HB&billnumber=639&year=2026,,labeling-mandates,,https://openstates.org/hi/bills/2026/HB639/
os-f0a57e47-3f89-4fe5-a23e-b6297888a9be,bill,Hawaii,SB 640,RELATING TO ARTIFICIAL INTELLIGENCE.,not passed,Carried over to 2026 Regular Session.,2025-01-17,https://capitol.hawaii.gov/session/measure_indiv.aspx?billtype=SB&billnumber=640&year=2026,,labeling-mandates,,https://openstates.org/hi/bills/2026/SB640/
os-305d8c83-0115-4a1e-9af4-173f0125dbb3,bill,Hawaii,SB 487,RELATING TO A STATEWIDE DATA AND ARTIFICIAL INTELLIGENCE GOVERNANCE AND DECISION INTELLIGENCE CENTER.,not passed,Carried over to 2026 Regular Session.,2025-01-17,https://capitol.hawaii.gov/session/measure_indiv.aspx?billtype=SB&billnumber=487&year=2026,,,,https://openstates.org/hi/bills/2026/SB487/
os-11e55480-96ad-4b95-a385-dc559c6d08d2,bill,Massachusetts,HD 3325,An Act limiting autonomous driving capabilities to zero emission and electric vehicles,not passed,,2025-01-17,https://malegislature.gov/Bills/194/HD3325,,use-restrictions,,https://openstates.org/ma/bills/194th/HD3325/
os-b4d18b22-1607-431a-a9f5-f8f0d0105f51,bill,Virginia,SB 1425,"Retail Sales and Use Tax; data center exemption expiration, distribution of revenues.",not passed,Left in Finance and Appropriations,2025-01-16,https://lis.virginia.gov/bill-details/20251/SB1425,,,,https://openstates.org/va/bills/2025/SB1425/
os-a6a9fd9c-89ba-42a8-8a8b-60cfad38a058,bill,Virginia,HB 2685,Retail Sales and Use Tax; commercial & industrial exemptions for data centers in Northern Virginia.,not passed,Left in Finance,2025-01-16,https://lis.virginia.gov/bill-details/20251/HB2685,,,,https://openstates.org/va/bills/2025/HB2685/
os-a8201647-f573-4a47-a943-d225a2adb9c2,bill,Massachusetts,HD 2226,An Act relative to preventing algorithmic rent fixing in the rental housing market,not passed,,2025-01-16,https://malegislature.gov/Bills/194/HD2226,algorithmic-pricing,,,https://openstates.org/ma/bills/194th/HD2226/
os-22b513cc-ede8-4ca4-b619-7059abac1a2a,bill,Illinois,HB 1427,ALGORITHMICS PROHIBITED-RENT,not passed,Rule 19(a) / Re-referred to Rules Committee,2025-01-16,https://ilga.gov/Legislation/BillStatus?DocNum=1427&GAID=18&DocTypeID=HB&LegId=157426&SessionID=114,,,,https://openstates.org/il/bills/104th/HB1427/
os-0dbb5b38-090f-422a-9c64-e83ea3199e37,bill,New Hampshire,HB 630,preventing the dissemination of deepfake materials of political candidates before an election.,did not pass,Inexpedient to Legislate: MA RC 201-169 03/20/2025  HJ 9  P. 45,2025-01-16,https://www.gencourt.state.nh.us/bill_status/legacy/bs2016/bill_status.aspx?lsr=0638&sy=2025&sortoption=&txtsessionyear=2025,deepfakes,use-restrictions,,https://openstates.org/nh/bills/2025/HB630/
os-6831030e-5cfe-429e-b689-39455eb39019,bill,Mississippi,HB 768,"""Ensuring Likeness, Voice and Image Security (ELVIS) Act of 2025""; enact to expand protections against artificial intelligence deep fakes.",did not pass,Died In Committee,2025-01-16,http://billstatus.ls.state.ms.us/documents/2025/pdf/HB/0700-0799/HB0768IN.pdf,deepfakes,,,https://openstates.org/ms/bills/2025/HB768/
us-119-s-146,bill,Congress,S. 146,TAKE IT DOWN Act,passed,Became Public Law No: 119-12.,2025-01-16,https://www.congress.gov/bill/119th-congress/senate-bill/146,deepfakes,use-restrictions,,https://www.congress.gov/bill/119th-congress/senate-bill/146
os-92914e4c-4e96-4e79-bfcb-b0e153ff626f,bill,Maine,LD 230,An Act To Protect Minors From Harmful Depictions Generated By Artificial Intelligence,did not pass,Pursuant to Joint Rule 310.3 Placed in Legislative Files (DEAD),2025-01-16,https://legislature.maine.gov/LawMakerWeb/summary.asp?ID=280095866,deepfakes; kids-chatbots,use-restrictions,,https://openstates.org/me/bills/132/LD230/
os-c10548d2-cda3-4aa9-9f6c-7009ac106207,bill,Massachusetts,HD 2268,An Act regulating insurance coverage for testing and deployment of autonomous vehicles and establishing school zone safety protocol,not passed,,2025-01-16,https://malegislature.gov/Bills/194/HD2268,,,,https://openstates.org/ma/bills/194th/HD2268/
os-c33397b9-8f03-4e2d-815c-575bf61b9547,bill,Maryland,HB 439,Vehicle Laws – Fully Autonomous Vehicles – Human Safety Operators and Reporting Requirements,not passed,Hearing 2/06 at 1:00 p.m.,2025-01-16,http://mgaleg.maryland.gov/mgawebsite/Legislation/Details/hb0439?ys=2025RS&search=True,,,,https://openstates.org/md/bills/2025/HB439/
os-b39e2abb-6c51-43f1-8142-96a8876b99b9,bill,Delaware,SB 46,AN ACT TO AMEND TITLE 21 OF THE DELAWARE CODE RELATING TO AUTONOMOUS VEHICLES.,not passed,"Reported Out of Committee (Transportation) in House with 1 Favorable, 5 On Its Merits",2025-01-16,https://legis.delaware.gov/BillDetail?LegislationId=141797,,use-restrictions,,https://openstates.org/de/bills/153/SB46/
os-a3b948f5-483f-4aed-a9c0-d6462ff656a3,bill,Texas,SB 815,"Relating to the use of certain automated systems in, and certain adverse determinations made in connection with, the health benefit claims process.",passed,Effective on 9/1/25,2025-01-16,https://capitol.texas.gov/BillLookup/History.aspx?LegSess=89R&Bill=SB815,ai-care-decisions,new-agency-powers; use-restrictions,Texas Insurance Commissioner,https://openstates.org/tx/bills/89R/SB815/
os-9c37ddbb-b848-4c14-a105-c3cc8d18d347,bill,Massachusetts,HD 1458,An Act fostering artificial intelligence responsibility,not passed,,2025-01-15,https://malegislature.gov/Bills/194/HD1458,,,,https://openstates.org/ma/bills/194th/HD1458/
os-cce26d22-63ad-4238-99ec-e41b42011f1f,resolution,South Carolina,S 225,"AI open sourced, decentralized",not passed,"Referred to Committee on Labor, Commerce and Industry",2025-01-15,https://www.scstatehouse.gov/billsearch.php?billnumbers=225&session=126&summary=B,,,,https://openstates.org/sc/bills/2025-2026/S225/
os-6dcb90ae-9626-4409-b9ce-8a09fa641c00,bill,Arkansas,HB 1141,TO CREATE CRIMINAL OFFENSES RELATED TO DECEPTIVE AND INJURIOUS MEDIA IN THE COURSE OF ELECTION CAMPAIGNS.,did not pass,Died in House Committee at Sine Die adjournment.,2025-01-15,https://www.arkleg.state.ar.us/assembly/2025/2025R/Pages/BillInformation.aspx?measureno=HB1141,deepfakes,use-restrictions,,https://openstates.org/ar/bills/2025/HB1141/
os-406d04c6-c714-4373-8354-b612cf398726,bill,Massachusetts,HD 1848,An Act relative to the safety of autonomous vehicles,not passed,,2025-01-15,https://malegislature.gov/Bills/194/HD1848,,,,https://openstates.org/ma/bills/194th/HD1848/
fr-2024-30854,rule,"Transportation Department, National Highway Traffic Safety Administration",Proposed rule,"ADS-Equipped Vehicle Safety, Transparency, and Evaluation Program",proposed,Notice of proposed rulemaking.,2025-01-15,https://www.federalregister.gov/documents/2025/01/15/2024-30854/ads-equipped-vehicle-safety-transparency-and-evaluation-program,,,,https://www.federalregister.gov/documents/2025/01/15/2024-30854/ads-equipped-vehicle-safety-transparency-and-evaluation-program
os-b8bdc71b-a70d-430a-ae91-f4fd96981262,bill,New Hampshire,HB 558,creating a public county registry of the monthly rent charged by landlords for each owned unit and prohibiting landlords from using algorithms or software to determine rental rates.,did not pass,Inexpedient to Legislate: MA VV 03/20/2025  HJ 9  P. 55,2025-01-14,https://www.gencourt.state.nh.us/bill_status/legacy/bs2016/bill_status.aspx?lsr=0837&sy=2025&sortoption=&txtsessionyear=2025,algorithmic-pricing,use-restrictions,,https://openstates.org/nh/bills/2025/HB558/
os-f09c6e40-da1e-4580-be77-e6435e80af1c,bill,Virginia,SB 1400,Va. Residential Landlord & Tenant Act; algorithmic device services or products prohibited.,did not pass,Passed by indefinitely in General Laws and Technology with letter (9-Y 3-N 3-A),2025-01-14,https://lis.virginia.gov/bill-details/20251/SB1400,,,Virginia Attorney General,https://openstates.org/va/bills/2025/SB1400/
os-bd78b9ba-49fc-46d0-ae8d-be0a825907af,bill,Massachusetts,HD 1222,An Act relative to artificial intelligence disclosure,not passed,,2025-01-14,https://malegislature.gov/Bills/194/HD1222,,,,https://openstates.org/ma/bills/194th/HD1222/
os-828147ae-a448-49a6-945b-1cceba78c67e,bill,Hawaii,SB 338,RELATING TO TAXATION.,not passed,Carried over to 2026 Regular Session.,2025-01-14,https://capitol.hawaii.gov/session/measure_indiv.aspx?billtype=SB&billnumber=338&year=2026,,,,https://openstates.org/hi/bills/2026/SB338/
os-43fb4281-be9f-44ef-bff0-e20e6b788d19,resolution,Rhode Island,SR 8,SENATE RESOLUTION AMENDING THE RULES OF THE SENATE FOR THE YEARS 2023-2024,not passed,01/14/2025 Senate read and passed,2025-01-14,http://webserver.rilegislature.gov/BillText/BillText25/SenateText25/S0008.pdf,,,,https://openstates.org/ri/bills/2025/SR8/
os-483ef98d-21bf-464f-993b-de4888c17de9,bill,Georgia,SB 9,"""Ensuring Accountability for Illegal AI Activities Act""; enact",not passed,Senate Disagreed House Amend or Sub,2025-01-14,https://www.legis.ga.gov/legislation/69351,,,,https://openstates.org/ga/bills/2025_26/SB9/
os-ad335172-f67f-4d09-8636-69090226db86,bill,New York,S 1962,"Enacts the ""New York artificial intelligence consumer protection act""",not passed,REFERRED TO INTERNET AND TECHNOLOGY,2025-01-14,https://nyassembly.gov/leg/?bn=S01962&term=2025,bias,,,https://openstates.org/ny/bills/2025-2026/S1962/
os-00213553-8f2b-4258-a321-82cc70efaedf,bill,New York,A 1952,Requires employers and employment agencies to notify candidates for employment if machine learning technology is used to make hiring decisions,not passed,REFERRED TO LABOR,2025-01-14,https://nyassembly.gov/leg/?bn=A01952&term=2025,,labeling-mandates,,https://openstates.org/ny/bills/2025-2026/A1952/
os-737c7eb9-ab54-4af6-8d8d-0e5556343da3,bill,New York,S 1854,Establishes the New York workforce stabilization act requiring certain businesses to conduct artificial intelligence impact assessments on the application and use of such artificial intelligence,not passed,REFERRED TO LABOR,2025-01-14,https://nyassembly.gov/leg/?bn=S01854&term=2025,job-loss,mandatory-reporting,,https://openstates.org/ny/bills/2025-2026/S1854/
os-1bc9d8cf-3a80-4e0e-b9c3-e735d9856c0b,bill,New York,S 1815,Requires publishers of books created with the use of generative artificial intelligence to contain a disclosure of such use,not passed,REPORTED AND COMMITTED TO CONSUMER PROTECTION,2025-01-14,https://nyassembly.gov/leg/?bn=S01815&term=2025,,labeling-mandates,,https://openstates.org/ny/bills/2025-2026/S1815/
os-2041eee3-8775-420a-abd1-0ffe833b0019,bill,California,SB 69,Artificial intelligence program: Attorney General.,not passed,August 29 hearing: Held in committee and under submission.,2025-01-14,http://leginfo.legislature.ca.gov/faces/billNavClient.xhtml?bill_id=202520260SB69,,,,https://openstates.org/ca/bills/20252026/SB69/
os-7eb16185-618f-42e4-aa19-bf464b01083a,bill,Oregon,SB 553,Relating to data center power usage.,did not pass,In committee upon adjournment.,2025-01-13,https://olis.oregonlegislature.gov/liz/2025R1/Measures/Overview/SB553,,,,https://openstates.org/or/bills/2025R1/SB553/
os-5fddca78-3f3d-44ce-b2dc-eae38810ef05,bill,North Dakota,HB 1427,"A BILL for an Act to amend and reenact sections 49-22-02, 49-22-03, 49-22-07, 49-22-07.2, 49-22-08, 49-22-08.2, 49-22-09, 49-22-09.2, 49-22-14, 49-22-16, 49-22-20, 49-22-21, 49-22-22, 49-22-24, and 49-22-25 of the North Dakota Century Code, relating to authorization for the public service commission to regulate the siting compatibility for data centers; and to provide a penalty.",withdrawn,Withdrawn from further consideration,2025-01-13,https://ndlegis.gov/assembly/69-2025/regular/bill-overview/bo1427.html,,data-center-limits; new-agency-powers,North Dakota Public Service Commission,https://openstates.org/nd/bills/69/HB1427/
os-02c798fd-8610-484b-85e5-6b4b3c2892e1,bill,Indiana,SB 431,Construction of data center by foreign adversary.,passed,Signed by the Governor,2025-01-13,https://iga.in.gov/legislative/2025/bills/senate/431,power-bills,data-center-limits,Indiana Economic Development Corporation; Indiana Utility Regulatory Commission,https://openstates.org/in/bills/2025/SB431/
os-8f8d814e-ae39-4bc6-87b9-21c0fca5c706,bill,Massachusetts,HD 794,An Act to implement the recommendations of the special commission on facial recognition technology,not passed,,2025-01-13,https://malegislature.gov/Bills/194/HD794,,,,https://openstates.org/ma/bills/194th/HD794/
os-a3171581-2c11-4f5b-ba0d-ae840dd3f3c7,bill,Oregon,SB 722,Relating to residential tenancies.,did not pass,In committee upon adjournment.,2025-01-13,https://olis.oregonlegislature.gov/liz/2025R1/Measures/Overview/SB722,algorithmic-pricing,use-restrictions,,https://openstates.org/or/bills/2025R1/SB722/
os-1e006617-c667-4648-bfcd-548fa013e9da,bill,Massachusetts,SD 503,An Act to implement the recommendations of the special commission on facial recognition technology,not passed,,2025-01-13,https://malegislature.gov/Bills/194/SD503,,,,https://openstates.org/ma/bills/194th/SD503/
os-db56f17a-e022-4261-8779-7841df51b97f,bill,Hawaii,SB 157,RELATING TO ANTITRUST.,not passed,Carried over to 2026 Regular Session.,2025-01-13,https://capitol.hawaii.gov/session/measure_indiv.aspx?billtype=SB&billnumber=157&year=2026,algorithmic-pricing,use-restrictions,,https://openstates.org/hi/bills/2026/SB157/
os-8c7852a1-b0bd-446f-bc64-690043c1efab,bill,Indiana,HB 1296,Artificial intelligence inventory and policies.,not passed,First reading: referred to Committee on Education,2025-01-13,https://iga.in.gov/legislative/2025/bills/house/1296,,,,https://openstates.org/in/bills/2025/HB1296/
os-92bd3675-059e-4172-93b3-1c66ff471d14,bill,Oregon,SB 626,Relating to encouraging child sexual abuse; declaring an emergency.,did not pass,In committee upon adjournment.,2025-01-13,https://olis.oregonlegislature.gov/liz/2025R1/Measures/Overview/SB626,deepfakes,use-restrictions,,https://openstates.org/or/bills/2025R1/SB626/
os-da85b188-6fce-4d39-ba70-63bb285ee0a6,bill,Oregon,HB 2230,Relating to explicit digital forgeries.,did not pass,In committee upon adjournment.,2025-01-13,https://olis.oregonlegislature.gov/liz/2025R1/Measures/Overview/HB2230,deepfakes,use-restrictions,,https://openstates.org/or/bills/2025R1/HB2230/
os-13c8fe34-da97-4084-b5b9-f54b9571be64,bill,North Dakota,HB 1320,"A BILL for an Act to create and enact a new section to chapter 12.1-31 of the North Dakota Century Code, relating to prohibiting deepfake videos and images; and to provide a penalty.",did not pass,"Second reading, failed to pass, yeas 17 nays 69",2025-01-13,https://ndlegis.gov/assembly/69-2025/regular/bill-overview/bo1320.html,deepfakes,use-restrictions,,https://openstates.org/nd/bills/69/HB1320/
us-119-hr-334,bill,Congress,H.R. 334,"To amend the Communications Act of 1934 to establish technical and procedural standards for artificial or prerecorded voice systems created through generative artificial intelligence, and for other purposes.",not passed,Referred to the House Committee on Energy and Commerce.,2025-01-13,https://www.congress.gov/bill/119th-congress/house-bill/334,,labeling-mandates,Federal Communications Commission,https://www.congress.gov/bill/119th-congress/house-bill/334
os-b2be6153-d7db-4936-af9e-f25e71115bf1,bill,Indiana,HB 1377,Autonomous vehicles.,not passed,First reading: referred to Committee on Roads and Transportation,2025-01-13,https://iga.in.gov/legislative/2025/bills/house/1377,self-driving,,,https://openstates.org/in/bills/2025/HB1377/
os-7d7134c2-986b-466d-8140-433f8334d6d0,bill,Oregon,HB 2671,Relating to highly automated vehicles; prescribing an effective date.,did not pass,In committee upon adjournment.,2025-01-13,https://olis.oregonlegislature.gov/liz/2025R1/Measures/Overview/HB2671,,mandatory-reporting; new-agency-powers,Oregon Department of Transportation,https://openstates.org/or/bills/2025R1/HB2671/
os-ca7b9635-553e-49c9-8999-cb69885adf95,bill,North Dakota,HB 1386,"AN ACT to amend and reenact sections 12.1-27.2-01 and 12.1-27.2-04.1 of the North Dakota Century Code, relating to a prohibition on possessing certain computer-generated images; and to provide a penalty.",passed,Filed with Secretary Of State 04/22,2025-01-13,https://ndlegis.gov/assembly/69-2025/regular/bill-overview/bo1386.html,deepfakes,use-restrictions,,https://openstates.org/nd/bills/69/HB1386/
os-ec12ccdd-9678-4509-bb05-db634bfa0b4f,bill,Virginia,HB 2578,"Retail Sales and Use Tax; exemption for data centers, reports.",not passed,Left in Labor and Commerce,2025-01-12,https://lis.virginia.gov/bill-details/20251/HB2578,power-bills,,Virginia State Corporation Commission,https://openstates.org/va/bills/2025/HB2578/
os-83d1eefd-a70e-45dc-93c8-6f9a48055ad5,bill,Virginia,HB 2554,Artificial Intelligence Transparency Act; established.,not passed,"Left in Communications, Technology and Innovation",2025-01-11,https://lis.virginia.gov/bill-details/20251/HB2554,,labeling-mandates,Virginia Attorney General,https://openstates.org/va/bills/2025/HB2554/
os-9a513135-126a-430b-93c5-b1a0eff51448,bill,Utah,HB 168,Artificial Intelligence in Education,not passed,House/ filed,2025-01-10,https://le.utah.gov/~2025/bills/static/HB0168.html,,,,https://openstates.org/ut/bills/2025/HB168/
os-28519329-d91f-4a46-89ee-af15598d5133,bill,New York,S 1573,Prohibits the use of algorithmic systems to artificially inflate the price or reduce the supply of leased or rented residential dwelling units,not passed,REFERRED TO JUDICIARY,2025-01-10,https://nyassembly.gov/leg/?bn=S01573&term=2025,algorithmic-pricing,use-restrictions,,https://openstates.org/ny/bills/2025-2026/S1573/
os-d7f3d982-04c7-4a76-979a-bab03382f455,bill,Connecticut,HB 5076,AN ACT CONCERNING ENERGY AND WATER EFFICIENCY REQUIREMENTS FOR ARTIFICIAL INTELLIGENCE DATA CENTERS.,not passed,REF. TO JOINT COMM. ON Energy and Technology,2025-01-10,https://www.cga.ct.gov/asp/cgabillstatus/cgabillstatus.asp?selBillType=Bill&bill_num=HB5076&which_year=2025,,data-center-limits,,https://openstates.org/ct/bills/2025/HB5076/
os-5dcdb834-ae01-4e12-9f3b-9c8548980ba8,bill,Connecticut,SB 447,AN ACT PROHIBITING HEALTH CARRIERS FROM USING ARTIFICIAL INTELLIGENCE IN THE EVALUATION AND DETERMINATION OF PATIENT CARE.,not passed,REF. TO JOINT COMM. ON Insurance and Real Estate,2025-01-10,https://www.cga.ct.gov/asp/cgabillstatus/cgabillstatus.asp?selBillType=Bill&bill_num=SB447&which_year=2025,ai-care-decisions,use-restrictions,,https://openstates.org/ct/bills/2025/SB447/
os-b1243152-d687-4c10-996f-f0bde6995cd4,bill,New York,A 1509,Requires publishers of books created with the use of generative artificial intelligence to contain a disclosure of such use,not passed,REFERRED TO CONSUMER AFFAIRS AND PROTECTION,2025-01-10,https://nyassembly.gov/leg/?bn=A01509&term=2025,,labeling-mandates,,https://openstates.org/ny/bills/2025-2026/A1509/
os-9d6fbdd9-ef68-4ca5-ab58-716670b1bbe2,bill,New York,A 1417,Relates to the use of algorithmic pricing by landlords for the purpose of determining the amount of rent to charge a residential tenant,not passed,SUBSTITUTED BY S7882,2025-01-09,https://nyassembly.gov/leg/?bn=A01417&term=2025,algorithmic-pricing,use-restrictions,,https://openstates.org/ny/bills/2025-2026/A1417/
os-08a14ff3-5ede-4bf7-9a00-a67c242b0120,bill,Massachusetts,HD 396,An Act to ensure accountability and transparency in artificial intelligence systems,not passed,,2025-01-09,https://malegislature.gov/Bills/194/HD396,,,,https://openstates.org/ma/bills/194th/HD396/
os-f1b7358e-092b-4ca0-91e9-ab3f1661b51f,bill,New York,A 1447,Relates to the use of facial recognition and biometric information for determining probable cause,not passed,REFERRED TO GOVERNMENTAL OPERATIONS,2025-01-09,https://nyassembly.gov/leg/?bn=A01447&term=2025,surveillance,,,https://openstates.org/ny/bills/2025-2026/A1447/
os-a2100bf9-1a25-4872-9bfa-4b7e78ff772d,bill,New Mexico,HB 60,ARTIFICIAL INTELLIGENCE ACT,did not pass,action postponed indefinitely,2025-01-09,http://www.nmlegis.gov/Legislation/Legislation?chamber=H&legType=B&legNo=60&year=25,,,,https://openstates.org/nm/bills/2025/HB60/
os-7949db68-2a7b-4937-80b6-4d654eff7c57,bill,New York,A 1273,"Prohibits motor vehicle insurers from discrimination on the basis of socioeconomic factors in determining algorithms used to construct actuarial tables, coverage terms, premiums and/or rates",not passed,REFERRED TO INSURANCE,2025-01-09,https://nyassembly.gov/leg/?bn=A01273&term=2025,algorithmic-pricing; bias,use-restrictions,,https://openstates.org/ny/bills/2025-2026/A1273/
os-026eccab-773b-4aa4-9480-8bb4ed2f1442,bill,Connecticut,SB 348,AN ACT CONCERNING UNLAWFUL DISSEMINATION OF INTIMATE IMAGES THAT ARE DIGITALLY ALTERED OR CREATED THROUGH THE USE OF ARTIFICIAL INTELLIGENCE.,not passed,REF. TO JOINT COMM. ON Judiciary,2025-01-09,https://www.cga.ct.gov/asp/cgabillstatus/cgabillstatus.asp?selBillType=Bill&bill_num=SB348&which_year=2025,deepfakes,use-restrictions,,https://openstates.org/ct/bills/2025/SB348/
os-7a54f4dd-2466-4b64-a392-8a3ef564819e,bill,New York,A 1280,"Establishes the crime of unlawful dissemination or publication of a fabricated photographic, videographic, or audio record",not passed,REFERRED TO CODES,2025-01-09,https://nyassembly.gov/leg/?bn=A01280&term=2025,deepfakes,use-restrictions,,https://openstates.org/ny/bills/2025-2026/A1280/
os-c1797af2-b608-418b-bb10-0faadb9e2be2,bill,New York,A 1338,Relates to the admissibility of evidence created or processed by artificial intelligence,not passed,REFERRED TO CODES,2025-01-09,https://nyassembly.gov/leg/?bn=A01338&term=2025,,,,https://openstates.org/ny/bills/2025-2026/A1338/
os-b38b834f-2d09-4aca-bef4-4bda5475351b,bill,New York,A 1456,Relates to the use of artificial intelligence for utilization review,not passed,REFERRED TO INSURANCE,2025-01-09,https://nyassembly.gov/leg/?bn=A01456&term=2025,ai-care-decisions,,,https://openstates.org/ny/bills/2025-2026/A1456/
os-c89dbf42-ccf4-4f32-b753-8955e957ac0a,bill,New York,A 1342,Requires the collection of oaths of responsible use from users of certain generative or surveillance advanced artificial intelligence systems,not passed,REFERRED TO CONSUMER AFFAIRS AND PROTECTION,2025-01-09,https://nyassembly.gov/leg/?bn=A01342&term=2025,surveillance,mandatory-reporting,New York Attorney General,https://openstates.org/ny/bills/2025-2026/A1342/
os-ef9e58d0-9d32-4744-958f-505c7f2b3f7e,bill,New York,A 1332,Relates to creating a state office of algorithmic innovation,not passed,REFERRED TO SCIENCE AND TECHNOLOGY,2025-01-09,https://nyassembly.gov/leg/?bn=A01332&term=2025,,new-agency-powers,,https://openstates.org/ny/bills/2025-2026/A1332/
os-a750130d-fb2c-4aa9-a825-0d30650f015e,bill,New York,A 1205,Establishes the position of chief artificial intelligence officer,not passed,REFERRED TO GOVERNMENTAL OPERATIONS,2025-01-09,https://nyassembly.gov/leg/?bn=A01205&term=2025,,,,https://openstates.org/ny/bills/2025-2026/A1205/
os-0f658ef3-c2e0-46eb-8282-9c7cb487bffa,bill,Virginia,HB 2428,Tangible personal property; computer equipment and peripherals used in data centers.,not passed,Left in Labor and Commerce,2025-01-08,https://lis.virginia.gov/bill-details/20251/HB2428,,,,https://openstates.org/va/bills/2025/HB2428/
os-55315047-1874-4bd0-a892-c9251854503c,bill,Virginia,SB 1196,Retail Sales and Use Tax; exemption data centers.,not passed,Left in Finance and Appropriations,2025-01-08,https://lis.virginia.gov/bill-details/20251/SB1196,,,,https://openstates.org/va/bills/2025/SB1196/
os-e9f55626-31d2-4632-a8e6-54d70c7104f6,bill,Virginia,SB 1243,Electric utilities; electric distribution infrastructure serving data centers.,not passed,Incorporated by Commerce and Labor (SB960-Perry) (15-Y 0-N),2025-01-08,https://lis.virginia.gov/bill-details/20251/SB1243,power-bills,,,https://openstates.org/va/bills/2025/SB1243/
os-473df22a-26a0-4704-b2f1-5e34cbdc7777,bill,Virginia,HB 2377,"Comprehensive plan; data centers, water usage.",not passed,"Left in Counties, Cities and Towns",2025-01-08,https://lis.virginia.gov/bill-details/20251/HB2377,power-bills,data-center-limits,,https://openstates.org/va/bills/2025/HB2377/
os-2e08f0d5-5f84-4fc5-943b-23153c0ab370,bill,Virginia,HB 2462,"Unauthorized use of name, portrait, etc.; digital replica, civil liability, statute of limitations.",did not pass,Failed to Pass from conference,2025-01-08,https://lis.virginia.gov/bill-details/20251/HB2462,deepfakes,,,https://openstates.org/va/bills/2025/HB2462/
os-e1a717b1-cba7-43fd-a1c7-259b19c6e928,bill,Connecticut,HB 5047,AN ACT CREATING A TASK FORCE TO STUDY ARTIFICIAL INTELLIGENCE AND THE STATE WORKFORCE.,not passed,REF. TO JOINT COMM. ON Labor and Public Employees,2025-01-08,https://www.cga.ct.gov/asp/cgabillstatus/cgabillstatus.asp?selBillType=Bill&bill_num=HB5047&which_year=2025,,,,https://openstates.org/ct/bills/2025/HB5047/
os-8d9d9529-63c5-424d-be26-06e2d282945a,bill,Connecticut,HB 5048,AN ACT REQUIRING A STUDY OF THE EFFECT OF ARTIFICIAL INTELLIGENCE ON THE TRADES INDUSTRY.,not passed,REF. TO JOINT COMM. ON Labor and Public Employees,2025-01-08,https://www.cga.ct.gov/asp/cgabillstatus/cgabillstatus.asp?selBillType=Bill&bill_num=HB5048&which_year=2025,,,,https://openstates.org/ct/bills/2025/HB5048/
os-2464f799-a602-4434-8386-0da4802d9b19,bill,Virginia,HB 2479,"Political campaign advertisements; synthetic media, penalty.",vetoed,House sustained Governor's veto,2025-01-08,https://lis.virginia.gov/bill-details/20251/HB2479,deepfakes,,,https://openstates.org/va/bills/2025/HB2479/
os-29ed68b6-7242-4bd5-974b-f5b438929182,bill,Connecticut,HB 5045,AN ACT CONCERNING UNLAWFUL DISSEMINATION OF INTIMATE IMAGES THAT ARE DIGITALLY ALTERED OR CREATED THROUGH THE USE OF ARTIFICIAL INTELLIGENCE.,not passed,REF. TO JOINT COMM. ON Judiciary,2025-01-08,https://www.cga.ct.gov/asp/cgabillstatus/cgabillstatus.asp?selBillType=Bill&bill_num=HB5045&which_year=2025,deepfakes,use-restrictions,,https://openstates.org/ct/bills/2025/HB5045/
os-0a7d5e2a-07ec-4d5a-8326-edafaf766b33,bill,Virginia,SB 1214,"High-risk artificial intelligence; development, deployment, and use by public bodies, report.",not passed,Left in Appropriations,2025-01-08,https://lis.virginia.gov/bill-details/20251/SB1214,,,,https://openstates.org/va/bills/2025/SB1214/
os-7ccb5f0a-b6a7-4774-abef-0f09e17963e9,bill,Colorado,SB 25-022,Applying Artificial Intelligence to Fight Wildfire,did not pass,Senate Committee on Transportation & Energy Postpone Indefinitely,2025-01-08,https://leg.colorado.gov/bills/sb25-022,,,,https://openstates.org/co/bills/2025A/SB25-022/
os-83094c3e-e1ff-4cc3-8db4-8c117817aca3,bill,Virginia,HB 2411,"Consumer Counsel, Division of; expands duties, artificial intelligence fraud and abuse.",not passed,Left in Appropriations,2025-01-08,https://lis.virginia.gov/bill-details/20251/HB2411,ai-scams,new-agency-powers,,https://openstates.org/va/bills/2025/HB2411/
os-8208907b-9498-4d47-84b8-ffc8e99eeb92,bill,Connecticut,SB 2,AN ACT CONCERNING ARTIFICIAL INTELLIGENCE.,not passed,HOUSE CALENDAR NUMBER 599,2025-01-08,https://www.cga.ct.gov/asp/cgabillstatus/cgabillstatus.asp?selBillType=Bill&bill_num=SB2&which_year=2025,,,,https://openstates.org/ct/bills/2025/SB2/
os-3feb229d-f268-465c-ba2d-37542771fcb1,bill,New York,S 1228,Relates to requiring advertisements to disclose the use of a synthetic performer,not passed,REFERRED TO CONSUMER PROTECTION,2025-01-08,https://nyassembly.gov/leg/?bn=S01228&term=2025,,labeling-mandates,,https://openstates.org/ny/bills/2025-2026/S1228/
os-db435c91-c89f-499c-80b8-97b7f7531b4d,bill,New York,S 934,Requires warnings on generative artificial intelligence systems,not passed,SUBSTITUTED BY A3411B,2025-01-08,https://nyassembly.gov/leg/?bn=S00934&term=2025,misinformation,labeling-mandates,,https://openstates.org/ny/bills/2025-2026/S934/
os-358fa30b-95ed-4461-b3f5-b55056e2dba0,bill,New York,A 235,Relates to unauthorized depictions of public officials generated by artificial intelligence,not passed,REFERRED TO CONSUMER AFFAIRS AND PROTECTION,2025-01-08,https://nyassembly.gov/leg/?bn=A00235&term=2025,,use-restrictions,,https://openstates.org/ny/bills/2025-2026/A235/
os-1c658b08-9de4-418e-be3e-dcd08721a3e0,bill,New York,S 185,Relates to restricting the use of electronic monitoring and automated employment decision tools,not passed,PRINT NUMBER 185A,2025-01-08,https://nyassembly.gov/leg/?bn=S00185&term=2025,bias,labeling-mandates; use-restrictions,,https://openstates.org/ny/bills/2025-2026/S185/
os-81c4ced2-1862-4f43-9a9b-fd9c8d18be91,bill,New York,A 433,Relates to the disclosure of automated employment decision-making tools and maintaining an artificial intelligence inventory,not passed,SUBSTITUTED BY S822,2025-01-08,https://nyassembly.gov/leg/?bn=A00433&term=2025,,labeling-mandates,,https://openstates.org/ny/bills/2025-2026/A433/
os-d15b4e64-8fe1-4f7a-aae6-c93b5f0d729d,bill,New York,S 822,Relates to the disclosure of automated employment decision-making tools and maintaining an artificial intelligence inventory,passed,SIGNED CHAP.96,2025-01-08,https://nyassembly.gov/leg/?bn=S00822&term=2025,,labeling-mandates,,https://openstates.org/ny/bills/2025-2026/S822/
os-619f8846-057f-4490-a15d-6b5323d90487,bill,New York,A 606,Relates to requiring advertisements to disclose the use of a synthetic performer,did not pass,ENACTING CLAUSE STRICKEN,2025-01-08,https://nyassembly.gov/leg/?bn=A00606&term=2025,,labeling-mandates,,https://openstates.org/ny/bills/2025-2026/A606/
os-cee63103-bef8-4210-a8ba-ebbf8a286526,bill,New York,A 222,"Relates to liability for misleading, incorrect, contradictory or harmful information provided to a user by a chatbot",not passed,REFERENCE CHANGED TO SCIENCE AND TECHNOLOGY,2025-01-08,https://nyassembly.gov/leg/?bn=A00222&term=2025,misinformation,,,https://openstates.org/ny/bills/2025-2026/A222/
os-408abfbb-4426-488b-b642-d502ee712945,bill,New York,S 933,Establishes the position of chief artificial intelligence officer,not passed,REFERRED TO GOVERNMENTAL OPERATIONS,2025-01-08,https://nyassembly.gov/leg/?bn=S00933&term=2025,,,,https://openstates.org/ny/bills/2025-2026/S933/
os-10aab73a-f713-4844-8e42-36e382f37c70,bill,Montana,LC 4290,Revise artificial intelligence laws,did not pass,(LC) Draft Died in Process,2025-01-08,https://bills.legmt.gov/#/lc/bill/2/LC4290,,,,https://openstates.org/mt/bills/2025/LC4290/
os-9bcd813d-d49d-454f-b496-023b80327ba7,bill,Maine,LD 109,"Resolve, Directing The Maine Arts Commission To Study Federal And National Efforts To Protect Artists From Copyright Infringement By Artificial Intelligence Companies And Users And To Monitor Educational Use",passed,Became Law without Governor's Signature,2025-01-08,https://legislature.maine.gov/LawMakerWeb/summary.asp?ID=280095662,copyright,,,https://openstates.org/me/bills/132/LD109/
os-382698aa-ac7e-496f-8d67-812024ee58c4,bill,New York,A 773,Relates to the use of automated lending decision-making tools by banks for the purposes of making lending decisions,not passed,ADVANCED TO THIRD READING CAL.393,2025-01-08,https://nyassembly.gov/leg/?bn=A00773&term=2025,,,,https://openstates.org/ny/bills/2025-2026/A773/
os-0457f136-bad5-4c41-9685-13e3a928cc37,bill,New York,S 1169,Relates to the development and use of certain artificial intelligence systems,not passed,DELIVERED TO ASSEMBLY,2025-01-08,https://nyassembly.gov/leg/?bn=S01169&term=2025,,new-agency-powers,,https://openstates.org/ny/bills/2025-2026/S1169/
os-fd340120-32d7-4698-b737-9761b4b4c274,bill,California,AB 222,Data centers: power usage effectiveness: cost shifts.,not passed,In committee: Held under submission.,2025-01-08,http://leginfo.legislature.ca.gov/faces/billNavClient.xhtml?bill_id=202520260AB222,power-bills,mandatory-reporting,,https://openstates.org/ca/bills/20252026/AB222/
os-e97556fa-bc6b-43ff-b09b-65123cbde895,bill,Hawaii,SB 59,RELATING TO ALGORITHMIC DISCRIMINATION.,not passed,Carried over to 2026 Regular Session.,2025-01-08,https://capitol.hawaii.gov/session/measure_indiv.aspx?billtype=SB&billnumber=59&year=2026,bias; privacy,labeling-mandates; mandatory-reporting; use-restrictions,,https://openstates.org/hi/bills/2026/SB59/
os-c84756d8-3906-4ae6-9e06-9b98d210d6f3,bill,California,SB 57,Electrical corporations: data centers: report.,passed,"Chaptered by Secretary of State. Chapter 647, Statutes of 2025.",2025-01-08,http://leginfo.legislature.ca.gov/faces/billNavClient.xhtml?bill_id=202520260SB57,power-bills,,,https://openstates.org/ca/bills/20252026/SB57/
os-c38f6d0c-8edf-489a-989f-6a69e88c4e3d,bill,New York,A 768,"Enacts the ""New York artificial intelligence consumer protection act""",not passed,REFERRED TO CONSUMER AFFAIRS AND PROTECTION,2025-01-08,https://nyassembly.gov/leg/?bn=A00768&term=2025,bias,,,https://openstates.org/ny/bills/2025-2026/A768/
os-5bc6e3eb-604a-4328-a017-1b0bb39a29ef,bill,New York,S 344,Relates to autonomous vehicle driving,not passed,PRINT NUMBER 344B,2025-01-08,https://nyassembly.gov/leg/?bn=S00344&term=2025,,,,https://openstates.org/ny/bills/2025-2026/S344/
os-2f06951b-d649-4c2f-91bb-8d65389cc442,bill,New York,A 793,Relates to the operation of autonomous taxicabs in N.Y. city,not passed,REFERRED TO TRANSPORTATION,2025-01-08,https://nyassembly.gov/leg/?bn=A00793&term=2025,,new-agency-powers,,https://openstates.org/ny/bills/2025-2026/A793/
os-43e44588-6ba7-44b3-9b55-d44636d905b7,bill,New York,A 728,Relates to requiring the department of labor to conduct a study on the potential impact of driverless vehicles,not passed,REFERRED TO LABOR,2025-01-08,https://nyassembly.gov/leg/?bn=A00728&term=2025,job-loss,,,https://openstates.org/ny/bills/2025-2026/A728/
os-6a14f0bf-495d-4582-85a9-01a0593203be,bill,Virginia,HB 1984,"Data centers; sitings near parks, schools, and residential areas.",not passed,"Left in Counties, Cities and Towns",2025-01-07,https://lis.virginia.gov/bill-details/20251/HB1984,,,,https://openstates.org/va/bills/2025/HB1984/
os-5379817b-853c-4d65-8c86-537c9abd4763,bill,Virginia,HB 2026,Data centers; industrial zoning.,not passed,"Left in Counties, Cities and Towns",2025-01-07,https://lis.virginia.gov/bill-details/20251/HB2026,,data-center-limits,,https://openstates.org/va/bills/2025/HB2026/
os-684ae3ce-904d-4720-a565-c12458abe430,bill,Virginia,SB 1046,Data centers; noise abatement.,did not pass,Failed to report from Local Government with substitute (5-Y 6-N 4-A),2025-01-07,https://lis.virginia.gov/bill-details/20251/SB1046,,data-center-limits,,https://openstates.org/va/bills/2025/SB1046/
os-04326327-28f4-4d3a-9062-d699868a1896,bill,Virginia,HB 2101,Electric utilities; data center cost allocation.,not passed,Left in Labor and Commerce,2025-01-07,https://lis.virginia.gov/bill-details/20251/HB2101,power-bills,new-agency-powers,,https://openstates.org/va/bills/2025/HB2101/
os-64216d7d-5a9e-4535-9f54-f27179a33936,bill,Virginia,HB 2028,School boards; entitlement to one-time fee from certain data centers.,not passed,Left in Education,2025-01-07,https://lis.virginia.gov/bill-details/20251/HB2028,,,,https://openstates.org/va/bills/2025/HB2028/
os-f7342a5d-d4ca-48fd-8909-996b6de666d5,bill,Virginia,SB 1045,Siting of data centers; property classified for industrial use.,did not pass,Failed to report (defeated) in Local Government (5-Y 10-N),2025-01-07,https://lis.virginia.gov/bill-details/20251/SB1045,,data-center-limits,,https://openstates.org/va/bills/2025/SB1045/
os-433022d4-128b-41f7-95af-5081de4a0593,bill,Virginia,HB 2047,"Virginia Residential Landlord and Tenant Act; algorithmic pricing devices, report.",not passed,Left in General Laws,2025-01-07,https://lis.virginia.gov/bill-details/20251/HB2047,bias,labeling-mandates; new-agency-powers; use-restrictions,,https://openstates.org/va/bills/2025/HB2047/
os-1a4376e2-0eec-4eb0-a5f0-6e5530d9340a,bill,Virginia,SB 1161,Artificial Intelligence Transparency Act; established.,did not pass,Passed by indefinitely in General Laws and Technology with letter (15-Y 0-N),2025-01-07,https://lis.virginia.gov/bill-details/20251/SB1161,,labeling-mandates,Virginia Attorney General,https://openstates.org/va/bills/2025/SB1161/
os-16adc2f7-f219-4a90-91ee-6658c1946e8d,bill,Virginia,HB 2046,"High-risk artificial intelligence; development, deployment, and use by public bodies, report.",did not pass,Failed to pass,2025-01-07,https://lis.virginia.gov/bill-details/20251/HB2046,,,,https://openstates.org/va/bills/2025/HB2046/
os-3b3c7eff-89ae-45c9-a5a1-adcec799b331,bill,California,AB 93,Water resources: data centers.,vetoed,Consideration of Governor's veto stricken from file.,2025-01-07,http://leginfo.legislature.ca.gov/faces/billNavClient.xhtml?bill_id=202520260AB93,,,California Department of Water Resources,https://openstates.org/ca/bills/20252026/AB93/
os-18fda315-0bcc-4164-8146-bf064c2637ea,bill,Virginia,HB 2250,Artificial Intelligence Training Data Transparency Act; transparency and disclosure requirements.,not passed,"Left in Communications, Technology and Innovation",2025-01-07,https://lis.virginia.gov/bill-details/20251/HB2250,,new-agency-powers,,https://openstates.org/va/bills/2025/HB2250/
us-119-hr-238,bill,Congress,H.R. 238,Healthy Technology Act of 2025,not passed,Referred to the House Committee on Energy and Commerce.,2025-01-07,https://www.congress.gov/bill/119th-congress/house-bill/238,ai-care-decisions,,,https://www.congress.gov/bill/119th-congress/house-bill/238
os-4776e188-f65f-46a7-80d9-586e1cddf0cd,bill,Virginia,HB 2094,"High-risk artificial intelligence; definitions, development, deployment, and use, civil penalties.",vetoed,House sustained Governor's veto,2025-01-07,https://lis.virginia.gov/bill-details/20251/HB2094,,new-agency-powers; use-restrictions,Virginia Attorney General,https://openstates.org/va/bills/2025/HB2094/
os-921be457-d273-4be3-9e2d-f0f0314d81b0,bill,California,SB 53,Artificial intelligence models: large developers.,passed,"Chaptered by Secretary of State. Chapter 138, Statutes of 2025.",2025-01-07,http://leginfo.legislature.ca.gov/faces/billNavClient.xhtml?bill_id=202520260SB53,loss-of-control,mandatory-reporting; new-agency-powers,California Attorney General; California Office of Emergency Services,https://openstates.org/ca/bills/20252026/SB53/
os-2d3efca7-4644-4f14-8ad5-b818c13010f9,bill,North Dakota,HB 1167,"AN ACT to create and enact a new section to chapter 16.1-10 of the North Dakota Century Code, relating to artificial intelligence disclosure statements.",passed,Filed with Secretary Of State 04/11,2025-01-07,https://ndlegis.gov/assembly/69-2025/regular/bill-overview/bo1167.html,,labeling-mandates,,https://openstates.org/nd/bills/69/HB1167/
os-99ef626e-f9bc-4cc7-83b3-516b0a281fee,bill,Virginia,SB 960,Electric utilities; data center cost allocation.,did not pass,Failed to Pass from conference,2025-01-06,https://lis.virginia.gov/bill-details/20251/SB960,power-bills,,,https://openstates.org/va/bills/2025/SB960/
os-b28f90cf-c064-416f-8dba-26a99266c786,bill,Virginia,HB 1870,Virginia Residential Landlord and Tenant Act; algorithmic device services or products prohibited; civil penalty.,not passed,Left in General Laws,2025-01-06,https://lis.virginia.gov/bill-details/20251/HB1870,,,Virginia Attorney General,https://openstates.org/va/bills/2025/HB1870/
os-1c89f35c-11de-48ff-982d-3d7713648491,bill,Washington,HB 1168,Increasing transparency in artificial intelligence.,not passed,"Referred to Technology, Economic Development, & Veterans.",2025-01-06,https://app.leg.wa.gov/billsummary/?BillNumber=1168&Year=2025&Initiative=false,,,,https://openstates.org/wa/bills/2025-2026/HB1168/
os-5a97d5e6-fa35-49cb-914a-f849e7d3c857,bill,Washington,HB 1169,Concerning offenses involving fabricated depictions of minors.,not passed,"By resolution, reintroduced and retained in present status.",2025-01-06,https://app.leg.wa.gov/billsummary/?BillNumber=1169&Year=2025&Initiative=false,deepfakes,,,https://openstates.org/wa/bills/2025-2026/HB1169/
os-23774a7b-0006-4947-aa33-f93060e22719,bill,Washington,HB 1170,Informing users when content is developed or modified by artificial intelligence.,passed,Effective date 2/1/2027.,2025-01-06,https://app.leg.wa.gov/billsummary/?BillNumber=1170&Year=2025&Initiative=false,,labeling-mandates; new-agency-powers,Washington Attorney General,https://openstates.org/wa/bills/2025-2026/HB1170/
os-eed11ea6-6eb9-4bc0-9baa-764f95816e8d,bill,Virginia,SB 899,High electric demand facility; locality may include in its zoning ordinance water use estimate.,not passed,Read third time and defeated by Senate (13-Y 26-N 1-A),2025-01-05,https://lis.virginia.gov/bill-details/20251/SB899,,,,https://openstates.org/va/bills/2025/SB899/
os-e36c0727-e4ba-44be-81e1-ea87f3cbbe79,bill,Virginia,HB 1601,Data centers; site assessment for high energy use facility.,vetoed,Vetoed by Governor,2025-01-03,https://lis.virginia.gov/bill-details/20251/HB1601,power-bills,data-center-limits,,https://openstates.org/va/bills/2025/HB1601/
os-1506c553-e87c-4631-8f57-3566910863ca,bill,Virginia,HB 1642,"Artificial intelligence-based tool; definition, use of tool.",passed,Acts of Assembly Chapter text (CHAP0637),2025-01-03,https://lis.virginia.gov/bill-details/20251/HB1642,,,,https://openstates.org/va/bills/2025/HB1642/
us-119-hr-193,bill,Congress,H.R. 193,Maintaining Innovation and Safe Technologies Act,not passed,"Referred to the Committee on Energy and Commerce, and in addition to the Committee on Ways and Means, for a period to be subsequently determined by the Speaker, in each case for consideration of such provisions as fall within the jurisdiction of the committee concerned.",2025-01-03,https://www.congress.gov/bill/119th-congress/house-bill/193,,,,https://www.congress.gov/bill/119th-congress/house-bill/193
os-1024fad6-7945-4af0-a053-0e6603123850,bill,Virginia,SB 775,"Political campaign advertisements; synthetic media, penalty.",vetoed,Senate sustained Governor's veto,2024-12-24,https://lis.virginia.gov/bill-details/20251/SB775,deepfakes,,,https://openstates.org/va/bills/2025/SB775/
os-b87fcfda-bd9a-4d66-815f-c4a300f8eb5c,bill,Missouri,HB 673,Requires political ads produced using AI to have a disclosure and creates a penalty for failure to disclose the use of AI,not passed,Referred: Emerging Issues(H),2024-12-23,https://house.mo.gov/billactions.aspx?bill=HB673&year=2025&code=R,,labeling-mandates,,https://openstates.org/mo/bills/2025/HB673/
os-e16f1e3f-1276-4b05-ad05-d17a1af7ddcb,bill,Texas,HB 1709,Relating to the regulation and reporting on the use of artificial intelligence systems by certain business entities and state agencies; providing civil penalties.,not passed,Referred to Delivery of Government Efficiency,2024-12-23,https://capitol.texas.gov/BillLookup/History.aspx?LegSess=89R&Bill=HB1709,,,,https://openstates.org/tx/bills/89R/HB1709/
os-9c0ddf83-44c2-4667-8c03-efb98cfd1c45,bill,Washington,SB 5105,Concerning offenses involving fabricated depictions of minors.,passed,Effective date 6/11/2026.,2024-12-23,https://app.leg.wa.gov/billsummary/?BillNumber=5105&Year=2025&Initiative=false,deepfakes,use-restrictions,,https://openstates.org/wa/bills/2025-2026/SB5105/
os-3e3534a8-bc29-41fc-8efb-cc546b220916,bill,California,SB 52,Housing rental terms: algorithmic devices.,not passed,August 29 hearing: Held in committee and under submission.,2024-12-20,http://leginfo.legislature.ca.gov/faces/billNavClient.xhtml?bill_id=202520260SB52,algorithmic-pricing,use-restrictions,,https://openstates.org/ca/bills/20252026/SB52/
os-b1353b52-28eb-46a6-8998-e2a8475d41ec,bill,Arkansas,HB 1071,"TO AMEND THE FRANK BROYLES PUBLICITY RIGHTS PROTECTION ACT OF 2016; AND TO PROVIDE PROTECTIONS FOR AN INDIVIDUAL WHOSE PHOTOGRAPH, VOICE, OR LIKENESS IS REPRODUCED THROUGH MEANS OF ARTIFICIAL INTELLIGENCE AND USED COMMERCIALLY.",not passed,"Returned by the Committee with the recommendation that it do pass, concur in Senate Amendment No. 1",2024-12-19,https://www.arkleg.state.ar.us/assembly/2025/2025R/Pages/BillInformation.aspx?measureno=HB1071,deepfakes,use-restrictions,,https://openstates.org/ar/bills/2025/HB1071/
os-a82f995e-a308-4bba-85bc-15265e30600c,bill,Texas,SB 668,Relating to the disclosure of information with regard to artificial intelligence.,not passed,Referred to Delivery of Government Efficiency,2024-12-19,https://capitol.texas.gov/BillLookup/History.aspx?LegSess=89R&Bill=SB668,,,,https://openstates.org/tx/bills/89R/SB668/
os-f42404f4-63dd-47cc-b338-c821dad2bb0b,bill,Missouri,SB 509,Creates new provisions relating to the use of artificial intelligence in elections,not passed,"Second Read and Referred S Local Government, Elections and Pensions Committee",2024-12-16,https://www.senate.mo.gov/25info/BTS_Web/BillText.aspx?SessionType=R&BillID=507385,,,,https://openstates.org/mo/bills/2025/SB509/
os-ed26ac94-f287-4006-b5e6-293deabcf933,bill,Montana,LC 4006,Generally revise artificial intelligence laws,did not pass,(LC) Draft Died in Process,2024-12-15,https://bills.legmt.gov/#/lc/bill/2/LC4006,,,,https://openstates.org/mt/bills/2025/LC4006/
os-ac7f0c18-75eb-483c-8dd8-003447aa78ce,bill,Montana,LC 3989,Generally revise artificial intelligence laws,did not pass,(LC) Draft Died in Process,2024-12-15,https://bills.legmt.gov/#/lc/bill/2/LC3989,,,,https://openstates.org/mt/bills/2025/LC3989/
os-3c8e6209-5d5a-42fd-852b-0ca30244f791,bill,Montana,LC 4025,Generally revise the taxation of data centers,did not pass,(LC) Draft Died in Process,2024-12-15,https://bills.legmt.gov/#/lc/bill/2/LC4025,,,,https://openstates.org/mt/bills/2025/LC4025/
os-69678fa3-76bd-4932-bd39-325d142e3746,bill,Montana,LC 3983,"Revise laws related to use of name, voice, and likeness of individuals and penalties for unauthorized use",not passed,(LC) Draft Delivered to Requester,2024-12-15,https://bills.legmt.gov/#/lc/bill/2/LC3983,,use-restrictions,,https://openstates.org/mt/bills/2025/LC3983/
os-087259d1-4a4b-4bab-bbfe-0d1a64db1ea5,bill,Montana,LC 3970,Generally revise usage of artificial intelligence in certain health insurance,not passed,(LC) Draft Delivered to Requester,2024-12-15,https://bills.legmt.gov/#/lc/bill/2/LC3970,,,,https://openstates.org/mt/bills/2025/LC3970/
os-2cfcd12c-07fe-41e5-9eec-ae4315ebabd8,bill,Montana,HB 556,Generally revise usage of artificial intelligence in certain health insurance,did not pass,(H) Died in Process,2024-12-15,https://bills.legmt.gov/#/laws/bill/2/LC3970?open_tab=sum,,,,https://openstates.org/mt/bills/2025/HB556/
os-b2b97bb5-f235-44a7-9931-a81cf4e2ed82,bill,Montana,HB 513,"Revise laws related to use of name, voice, and likeness of individuals and penalties for unauthorized use",passed,Chapter Number Assigned,2024-12-15,https://bills.legmt.gov/#/laws/bill/2/LC3983?open_tab=sum,deepfakes,use-restrictions,,https://openstates.org/mt/bills/2025/HB513/
os-e8401369-b1b0-4938-a3fc-6cd3fb3852a2,bill,Montana,HB 514,Criminalize use of real and digitally fabricated sexually explicit images,passed,Chapter Number Assigned,2024-12-15,https://bills.legmt.gov/#/laws/bill/2/LC3972?open_tab=sum,deepfakes,use-restrictions,,https://openstates.org/mt/bills/2025/HB514/
os-23fe8d3a-517e-4ccc-92b5-6f3eff918dd0,bill,Montana,LC 3790,Generally revise artificial intelligence laws,did not pass,(LC) Draft Died in Process,2024-12-14,https://bills.legmt.gov/#/lc/bill/2/LC3790,,,,https://openstates.org/mt/bills/2025/LC3790/
os-534b9095-6105-488f-8f87-bd07f84bb422,bill,Montana,LC 3778,Generally revise artificial intelligence laws,did not pass,(LC) Draft Died in Process,2024-12-14,https://bills.legmt.gov/#/lc/bill/2/LC3778,,,,https://openstates.org/mt/bills/2025/LC3778/
os-56271b47-5412-4671-8892-a30210a2246b,bill,Montana,LC 3779,Generally revise artificial intelligence laws,did not pass,(LC) Draft Died in Process,2024-12-14,https://bills.legmt.gov/#/lc/bill/2/LC3779,,,,https://openstates.org/mt/bills/2025/LC3779/
os-f4590be2-41dc-43cb-8962-3173d21b442d,bill,Arkansas,SB 11,TO AMEND THE ARKANSAS DATA CENTERS ACT OF 2023; AND TO AMEND THE UNIFORM MONEY SERVICES ACT.,did not pass,Died in Senate Committee at Sine Die adjournment.,2024-12-13,https://www.arkleg.state.ar.us/assembly/2025/2025R/Pages/BillInformation.aspx?measureno=SB11,,,,https://openstates.org/ar/bills/2025/SB11/
os-44b32627-87ef-45de-aaae-d35428969788,bill,Arkansas,SB 10,TO AMEND THE ARKANSAS DATA CENTERS ACT OF 2023; AND TO REGULATE THE IMPACT ON WATER USAGE AND THE ELECTRIC GRID BY BLOCKCHAIN NETWORKS AND DIGITAL ASSET MINING.,did not pass,Died in Senate Committee at Sine Die adjournment.,2024-12-13,https://www.arkleg.state.ar.us/assembly/2025/2025R/Pages/BillInformation.aspx?measureno=SB10,power-bills,,,https://openstates.org/ar/bills/2025/SB10/
os-c9988213-3c2b-4623-b9c3-56459ed066ba,bill,Washington,SB 5042,Concerning vehicle and operator requirements for autonomous vehicles.,not passed,"By resolution, reintroduced and retained in present status.",2024-12-13,https://app.leg.wa.gov/billsummary/?BillNumber=5042&Year=2025&Initiative=false,,,,https://openstates.org/wa/bills/2025-2026/SB5042/
os-56803e66-6394-42a0-8289-ec1bb1cbb24a,bill,Montana,HB 424,Revise taxes for class 17 data center property,passed,Chapter Number Assigned,2024-12-13,https://bills.legmt.gov/#/laws/bill/2/LC3009?open_tab=sum,,,,https://openstates.org/mt/bills/2025/HB424/
os-22bd195f-f84c-48cc-a39f-844dca23a084,bill,Montana,LC 2720,Revise artificial intelligence laws,did not pass,(LC) Draft Died in Process,2024-12-11,https://bills.legmt.gov/#/lc/bill/2/LC2720,,,,https://openstates.org/mt/bills/2025/LC2720/
os-de0e9e98-d025-4cb0-ac9f-25d592db153c,bill,Montana,HB 877,Establish the Montana data center development act,did not pass,(H) Died in Process,2024-12-10,https://bills.legmt.gov/#/laws/bill/2/LC2604?open_tab=sum,,,,https://openstates.org/mt/bills/2025/HB877/
os-51331157-9bda-4e9f-ad70-c11e9feb999f,bill,South Carolina,H 3404,"Ensuring Likeness, Voice, and Image Security Act",not passed,Referred to Committee on Judiciary,2024-12-05,https://www.scstatehouse.gov/billsearch.php?billnumbers=3404&session=126&summary=B,,,,https://openstates.org/sc/bills/2025-2026/H3404/
os-208677dc-96cb-4b87-810d-8f670036b398,bill,South Carolina,H 3517,Deceptive and fraudulent deepfake media in elections,not passed,Referred to Committee on Judiciary,2024-12-05,https://www.scstatehouse.gov/billsearch.php?billnumbers=3517&session=126&summary=B,deepfakes,labeling-mandates; use-restrictions,,https://openstates.org/sc/bills/2025-2026/H3517/
os-1e11ab6a-4f51-48a6-acb1-73d192d43758,bill,California,SB 11,Artificial intelligence technology.,vetoed,Veto sustained.,2024-12-02,http://leginfo.legislature.ca.gov/faces/billNavClient.xhtml?bill_id=202520260SB11,deepfakes,labeling-mandates; use-restrictions,,https://openstates.org/ca/bills/20252026/SB11/
os-1f3557aa-f2fd-4634-8692-e938ddb79e14,bill,California,SB 7,Employment: automated decision systems.,vetoed,Veto sustained.,2024-12-02,http://leginfo.legislature.ca.gov/faces/billNavClient.xhtml?bill_id=202520260SB7,,labeling-mandates; use-restrictions,California Labor Commissioner,https://openstates.org/ca/bills/20252026/SB7/
os-b040b593-f8fd-4869-a6cb-530f780c6559,bill,California,AB 33,Autonomous vehicles.,not passed,Ordered to inactive file at the request of Senator Gonzalez.,2024-12-02,http://leginfo.legislature.ca.gov/faces/billNavClient.xhtml?bill_id=202520260AB33,job-loss,,,https://openstates.org/ca/bills/20252026/AB33/
os-173b1e47-0651-412c-b73d-c99fc7f6c611,bill,Montana,LC 1870,Revise property taxation of data centers,did not pass,(LC) Draft Died in Process,2024-11-22,https://bills.legmt.gov/#/lc/bill/2/LC1870,,,,https://openstates.org/mt/bills/2025/LC1870/
os-27459109-7a6b-405d-b164-48e9347f912b,bill,Montana,LC 1795,Revise artificial intelligence laws regarding elections,did not pass,(LC) Draft Died in Process,2024-11-22,https://bills.legmt.gov/#/lc/bill/2/LC1795,,,,https://openstates.org/mt/bills/2025/LC1795/
os-be66ee18-8643-411e-9718-c3e5bbff22ee,bill,Texas,SB 441,Relating to criminal and civil liability related to sexually explicit media and artificial intimate visual material; creating a criminal offense; increasing a criminal penalty.,passed,Effective on 9/1/25,2024-11-21,https://capitol.texas.gov/BillLookup/History.aspx?LegSess=89R&Bill=SB441,deepfakes,new-agency-powers; use-restrictions,Texas Attorney General,https://openstates.org/tx/bills/89R/SB441/
os-c8656111-0740-4080-b75e-f04baa420cc7,bill,Arkansas,HB 1041,TO PROHIBIT DECEPTIVE AND FRAUDULENT DEEPFAKES IN ELECTION COMMUNICATIONS.,did not pass,Died in House Committee at Sine Die adjournment.,2024-11-20,https://www.arkleg.state.ar.us/assembly/2025/2025R/Pages/BillInformation.aspx?measureno=HB1041,deepfakes,use-restrictions,,https://openstates.org/ar/bills/2025/HB1041/
os-e5fd70e5-8b80-4b0e-931d-e4176eebd915,bill,Montana,LC 1677,Generally revise artificial intelligence laws,did not pass,(LC) Draft Died in Process,2024-11-19,https://bills.legmt.gov/#/lc/bill/2/LC1677,,,,https://openstates.org/mt/bills/2025/LC1677/
os-a49efcff-1b8b-4898-94ac-617a8dbb7b17,bill,Montana,LC 1679,Generally revise laws related to autonomous vehicles,did not pass,(LC) Draft Died in Process,2024-11-19,https://bills.legmt.gov/#/lc/bill/2/LC1679,,,,https://openstates.org/mt/bills/2025/LC1679/
os-501f6643-87df-44a1-9755-abcd32862bf9,bill,Montana,LC 1493,Interim study of artificial intelligence,not passed,(LC) Draft Delivered to Requester,2024-11-16,https://bills.legmt.gov/#/lc/bill/2/LC1493,,,,https://openstates.org/mt/bills/2025/LC1493/
os-3b2add28-a8cd-4c7d-b8f0-5f9db34d15a4,bill,Texas,SB 382,Relating to a prohibition on the use of artificial intelligence technology for classroom instruction.,not passed,Referred to Education K-16,2024-11-15,https://capitol.texas.gov/BillLookup/History.aspx?LegSess=89R&Bill=SB382,,,,https://openstates.org/tx/bills/89R/SB382/
os-b92fcba7-31aa-41c4-a872-d13c0a56b48e,bill,Texas,HB 1265,Relating to artificial intelligence mental health services.,not passed,Referred to Public Health,2024-11-13,https://capitol.texas.gov/BillLookup/History.aspx?LegSess=89R&Bill=HB1265,,,,https://openstates.org/tx/bills/89R/HB1265/
os-90040494-242a-4398-a405-c9d9096f78da,bill,Texas,HB 449,Relating to the unlawful production or distribution of sexually explicit media using deep fake technology.,vetoed,Vetoed by the Governor,2024-11-12,https://capitol.texas.gov/BillLookup/History.aspx?LegSess=89R&Bill=HB449,deepfakes,use-restrictions,,https://openstates.org/tx/bills/89R/HB449/
os-c26dc5f2-4a3e-4150-a78a-bf81f95286cf,bill,Texas,SB 228,Relating to prohibiting the use of certain political advertising manipulated by generative artificial intelligence technology; creating a criminal offense.,not passed,Referred to State Affairs,2024-11-12,https://capitol.texas.gov/BillLookup/History.aspx?LegSess=89R&Bill=SB228,deepfakes,use-restrictions,,https://openstates.org/tx/bills/89R/SB228/
os-6474efc4-59c5-404e-a66f-895d9b6e65f7,resolution,Montana,SJ 16,Joint resolution on automated vehicles,adopted,(S) Filed with Secretary of State,2024-11-12,https://bills.legmt.gov/#/laws/bill/2/LC1344?open_tab=sum,,,,https://openstates.org/mt/bills/2025/SJ16/
os-b6a5b5f4-f490-4647-8950-fa5252dd5a7c,bill,Texas,HB 581,Relating to the creation of artificial sexual material harmful to minors.,passed,Effective on 9/1/25,2024-11-12,https://capitol.texas.gov/BillLookup/History.aspx?LegSess=89R&Bill=HB581,deepfakes; kids-chatbots,id-age-checks; use-restrictions,,https://openstates.org/tx/bills/89R/HB581/
os-f6558e36-fde4-40a9-a349-d88fd44dbe39,bill,Montana,HB 178,Limit government use of AI systems,passed,Chapter Number Assigned,2024-11-12,https://bills.legmt.gov/#/laws/bill/2/LC1339?open_tab=sum,bias; surveillance,,,https://openstates.org/mt/bills/2025/HB178/
os-967ae0f6-1715-4b3d-81e7-572ae700bfc5,bill,Montana,SB 413,Criminalize disclosure of certain explicit AI-generated media,passed,Chapter Number Assigned,2024-11-11,https://bills.legmt.gov/#/laws/bill/2/LC1066?open_tab=sum,deepfakes,use-restrictions,,https://openstates.org/mt/bills/2025/SB413/
os-6b361abb-fa86-4d59-bbab-231ea623b9ed,resolution,Montana,HJ 46,Study resolution on data centers,did not pass,(S) Died in Committee,2024-11-07,https://bills.legmt.gov/#/laws/bill/2/LC0933?open_tab=sum,,,,https://openstates.org/mt/bills/2025/HJ46/
os-319aef35-75f2-4216-853e-2571119a6327,bill,Montana,LC 845,Establish artificial intelligence laws,did not pass,(LC) Draft Died in Process,2024-11-06,https://bills.legmt.gov/#/lc/bill/2/LC0845,,,,https://openstates.org/mt/bills/2025/LC845/
os-5c35dd7d-80ea-4a24-8084-8452ed8eaa05,bill,Montana,LC 844,Establish artificial intelligence laws,did not pass,(LC) Draft Died in Process,2024-11-06,https://bills.legmt.gov/#/lc/bill/2/LC0844,,,,https://openstates.org/mt/bills/2025/LC844/
os-75a10e52-5ff2-4a21-9c0b-eef6e38b38eb,bill,Montana,HB 263,Generally revise digital asset mining and data center ratemaking laws,did not pass,(H) Died in Process,2024-10-30,https://bills.legmt.gov/#/laws/bill/2/LC0636?open_tab=sum,,,,https://openstates.org/mt/bills/2025/HB263/
os-57b276e0-bcbe-4b79-a630-90b0c8be2416,bill,Maryland,HB 270,Data Center Impact Analysis and Report,vetoed,Vetoed by the Governor (Policy),2024-10-28,http://mgaleg.maryland.gov/mgawebsite/Legislation/Details/hb0270?ys=2025RS&search=True,,,,https://openstates.org/md/bills/2025/HB270/
os-a29922b8-d7e7-419c-a477-8b5715a595fa,bill,Montana,SB 212,Creating the Right to Compute Act and requiring shutdowns of AI controlled critical infrastructure,passed,Chapter Number Assigned,2024-09-23,https://bills.legmt.gov/#/laws/bill/2/LC0292?open_tab=sum,deepfakes; loss-of-control,use-restrictions,,https://openstates.org/mt/bills/2025/SB212/
os-8d392127-f356-4417-97a3-a27f4bb44fb7,bill,Montana,SB 25,Revise election laws regarding disclosure requirements for the use of AI in elections,passed,Chapter Number Assigned,2024-09-11,https://bills.legmt.gov/#/laws/bill/2/LC0229?open_tab=sum,deepfakes; misinformation,labeling-mandates; use-restrictions,Montana Commissioner of Political Practices,https://openstates.org/mt/bills/2025/SB25/
os-ce782dbf-1d69-45f6-bb78-cdfe2172b7e3,bill,Maryland,SB 116,Data Center Impact Analysis and Report,vetoed,Vetoed by the Governor (Policy),2024-09-09,http://mgaleg.maryland.gov/mgawebsite/Legislation/Details/sb0116?ys=2025RS&search=True,,,,https://openstates.org/md/bills/2025/SB116/
os-f3f6f19e-f5c8-4d9f-bdee-3cd6f13beee3,bill,Montana,LC 179,Provide for the use of autonomous vehicles,not passed,(LC) Draft Ready for Delivery,2024-09-06,https://bills.legmt.gov/#/lc/bill/2/LC0179,,,,https://openstates.org/mt/bills/2025/LC179/
os-13567927-580a-4dcf-9957-44448a3e232b,bill,Montana,SB 67,Provide for the use of autonomous vehicles,passed,Chapter Number Assigned,2024-09-06,https://bills.legmt.gov/#/laws/bill/2/LC0179?open_tab=sum,self-driving,new-agency-powers,Montana Department of Transportation,https://openstates.org/mt/bills/2025/SB67/
os-4a82a1f1-b335-4bb8-a3b5-89f5efd26710,bill,Maryland,HB 5,Criminal Law - Child Sexual Abuse Material - Artificial Intelligence Software,not passed,Hearing 3/25 at 2:00 p.m.,2024-09-05,http://mgaleg.maryland.gov/mgawebsite/Legislation/Details/hb0005?ys=2025RS&search=True,,use-restrictions,,https://openstates.org/md/bills/2025/HB5/
os-10e79c51-8920-4008-9c15-5f26f02ca981,bill,Montana,HB 97,Allow for platooning vehicles,passed,Chapter Number Assigned,2024-09-05,https://bills.legmt.gov/#/laws/bill/2/LC0172?open_tab=sum,,,,https://openstates.org/mt/bills/2025/HB97/
os-55d2e59b-069e-433b-841c-baab1e58ef74,bill,Montana,LC 68,Require disclosures of AI use by online media manufacturers,not passed,(LC) Draft Ready for Delivery,2024-08-28,https://bills.legmt.gov/#/lc/bill/2/LC0068,,labeling-mandates,,https://openstates.org/mt/bills/2025/LC68/
os-e61090a5-2714-4e60-99fc-e652af83de82,bill,Montana,SB 452,Require disclosures of AI use by online media manufacturers,did not pass,(S) Died in Process,2024-08-28,https://bills.legmt.gov/#/laws/bill/2/LC0068?open_tab=sum,,labeling-mandates,,https://openstates.org/mt/bills/2025/SB452/
os-ba58d44c-953d-484a-8ee2-ebf56ff2ba47,bill,Virginia,HB 1546,Data centers; sales and use tax exemption for certain equipment or enabling software.,not passed,Left in Finance,2024-01-19,https://lis.virginia.gov/bill-details/20251/HB1546,,,,https://openstates.org/va/bills/2025/HB1546/
os-19d112a2-766f-4735-9ff9-8306debd3b26,bill,Virginia,SB 664,Electric utilities; electric distribution infrastructure serving data centers.,not passed,Left in Commerce and Labor,2024-01-16,https://lis.virginia.gov/bill-details/20251/SB664,,,,https://openstates.org/va/bills/2025/SB664/
os-5aa81e96-f374-4da6-bf9f-2f074574fb54,bill,Virginia,HJ 64,Localities hosting data center infrastructure; DHCD to study revenue sharing program.,not passed,Left in Rules,2024-01-10,https://lis.virginia.gov/bill-details/20251/HJ64,,,,https://openstates.org/va/bills/2025/HJ64/
os-5bdb2ef7-4de6-42eb-ae34-0f0f5acb16ea,bill,Virginia,SB 571,"Synthetic media; expands applicability of provisions related to defamation, etc., penalty.",not passed,Left in Courts of Justice,2024-01-10,https://lis.virginia.gov/bill-details/20251/SB571,ai-scams; deepfakes,use-restrictions,,https://openstates.org/va/bills/2025/SB571/
os-e90ec701-9228-4844-ab26-1587a3ce13ae,bill,Virginia,SB 285,Siting of data centers; site assessment.,not passed,Left in General Laws and Technology,2024-01-09,https://lis.virginia.gov/bill-details/20251/SB285,power-bills,data-center-limits; mandatory-reporting,,https://openstates.org/va/bills/2025/SB285/
os-b1f44ef5-d9e7-493a-8d8f-d7d6d32dcd36,bill,Virginia,HB 910,Data centers; energy usage.,not passed,Left in Rules,2024-01-09,https://lis.virginia.gov/bill-details/20251/HB910,,mandatory-reporting,Virginia Department of Energy,https://openstates.org/va/bills/2025/HB910/
os-42e09ce5-a346-4328-8634-d341fe10141c,bill,Virginia,SB 289,Stormwater management regulations; enterprise data center operations.,not passed,"Left in Agriculture, Conservation and Natural Resources",2024-01-09,https://lis.virginia.gov/bill-details/20251/SB289,,data-center-limits,Virginia State Water Control Board,https://openstates.org/va/bills/2025/SB289/
os-226bb19f-a641-4625-80ec-54367292a6b1,bill,Virginia,SB 284,Siting of data centers; impacts on resources and historically significant sites.,not passed,Left in General Laws and Technology,2024-01-09,https://lis.virginia.gov/bill-details/20251/SB284,,data-center-limits,,https://openstates.org/va/bills/2025/SB284/
os-9a1b08ec-bf48-4569-a304-09686e1d82db,bill,Virginia,HB 697,"Synthetic media; use in furtherance of crimes involving fraud, etc., report.",not passed,Left in Courts of Justice,2024-01-09,https://lis.virginia.gov/bill-details/20251/HB697,ai-scams; deepfakes,use-restrictions,,https://openstates.org/va/bills/2025/HB697/
os-60c02cd2-4d39-4058-9074-d24564d6bafb,bill,Virginia,HB 747,"Artificial Intelligence Developer Act; established, civil penalty.",not passed,"Left in Communications, Technology and Innovation",2024-01-09,https://lis.virginia.gov/bill-details/20251/HB747,,mandatory-reporting; new-agency-powers,Virginia Attorney General,https://openstates.org/va/bills/2025/HB747/
os-8fe668c3-bd20-4c7f-aec1-1330b41caea6,bill,Virginia,SB 191,"Electric utilities; data center demand, allocation of costs among customer classes.",not passed,Left in Commerce and Labor,2024-01-08,https://lis.virginia.gov/bill-details/20251/SB191,power-bills,,,https://openstates.org/va/bills/2025/SB191/
os-97d7333d-11e2-4174-a4d5-5837fa61ba53,bill,Virginia,SB 192,Retail Sales and Use Tax; certain exemption for data centers.,not passed,Left in Finance and Appropriations,2024-01-08,https://lis.virginia.gov/bill-details/20251/SB192,,,,https://openstates.org/va/bills/2025/SB192/
os-44f40154-ddb4-43b6-8001-23f3986c14da,bill,Virginia,SB 164,"Virginia Consumer Protection Act; prohibited practices, artificial intelligence disclosure.",not passed,Left in General Laws and Technology,2024-01-07,https://lis.virginia.gov/bill-details/20251/SB164,deepfakes,labeling-mandates,,https://openstates.org/va/bills/2025/SB164/
os-f45fb574-3c84-4dd3-9c90-dc372d1d00b4,bill,Virginia,HB 338,Siting of data centers; locality may perform site assessment before approval.,not passed,Left in General Laws and Technology,2024-01-05,https://lis.virginia.gov/bill-details/20251/HB338,power-bills,,,https://openstates.org/va/bills/2025/HB338/
os-c0737715-f76b-4305-bf27-3293e7bf6b2b,bill,Virginia,SJ 14,Artificial intelligence; Joint Commission on Technology and Science to study advancements.,not passed,Left in Finance and Appropriations,2024-01-04,https://lis.virginia.gov/bill-details/20251/SJ14,bias; deepfakes; misinformation; privacy,,,https://openstates.org/va/bills/2025/SJ14/
os-cb1b350e-c19e-4e56-8301-085c3ad015fc,bill,Virginia,HB 116,Retail Sales and Use tax; exemption for data centers.,not passed,Left in Finance,2024-01-01,https://lis.virginia.gov/bill-details/20251/HB116,,,,https://openstates.org/va/bills/2025/HB116/
